﻿Fire_Station,Vehicle,Vehicle_Type
Aalsmeer,Tankautospuit,TS
Aalsmeer,Haakarmvoertuig met kraan,RV
Aalsmeer,Haakarmvoertuig,RV
Aalsmeer,Tankautospuit,TS
Amstelveen,Waterongevallenvoertuig,WO
Amstelveen,Tankautospuit,TS
Amstelveen,Autoladder,AL
Amstelveen,HV met kraan,RV
Amstelveen Vrijwillig,Tankautospuit,TS
Amstelveen Vrijwillig,Schuimblusvoertuig,TS
Amstelveen Vrijwillig,Haakarmvoertuig,RV
Amstelveen Vrijwillig,Haakarmvoertuig,RV
Amstelveen Vrijwillig,Haakarmvoertuig,RV
Amstelveen Vrijwillig,Haakarmvoertuig,RV
Amstelveen Vrijwillig,Bijzondere Blusmiddelen HAB,TS
Anton,Tankautospuit,TS
Anton,Autoladder,AL
Diemen,Tankautospuit,TS
Diemen,HV met kraan,RV
Diemen,Tankautospuit,TS
Dirk,Tankautospuit,TS
Dirk,Autoladder,AL
Driemond,Tankautospuit,TS
Duivendrecht,Tankautospuit,TS
Duivendrecht,Haakarmvoertuig,RV
GBA,Tankautospuit,TS
GBA,Autospuit Industr. Brandbestr.,TS
GBA,Haakarmvoertuig,RV
GBA,Haakarmvoertuig,RV
GBA,Haakarmvoertuig,RV
GBA,Haakarmvoertuig,RV
GBA,Haakarmvoertuig met kraan,RV
GBA,Verlichting Haakarmbak RTV,RV
GBA,Brandstoftank Haakarmbak,RV
Hendrik,Tankautospuit,TS
Hendrik,Autoladder,AL
IJsbrand,Tankautospuit,TS
Nico,Waterongevallenvoertuig,WO
Nico,Waterongevallen Vaartuig,WO
Nico,Tankautospuit,TS
Nico,Autoladder,AL
Osdorp,Tankautospuit,TS
Osdorp,Tankautospuit,TS
Pieter,Tankautospuit,TS
Pieter,Autoladder,AL
Teunis,Tankautospuit,TS
Teunis,Autoladder,AL
Teunis,HV met kraan,RV
Uithoorn,ON Blusrobot,TS
Uithoorn,Tankautospuit,TS
Uithoorn,BU Blusrobot elke capaciteit,TS
Uithoorn,Haakarmvoertuig,RV
Uithoorn,Tankautospuit,TS
Victor,Tankautospuit,TS
Victor,Autoladder,AL
Weesp,Tankautospuit,TS
Weesp,Tankautospuit,TS
Willem,Tankautospuit,TS
Willem,Autoladder,AL
Zebra,Tankautospuit,TS
