﻿Deployment_ID,Incident_ID,Vehicle_Type,Vehicle_Role,Fire_Station,Fire_Station_Service_Status,Driving_Time_To_Incident
4,738,AL,RV,Victor,Professional,114
8,1507,TS,TS,Teunis,Professional,633
12,1548,TS,TS,Pieter,Professional,467
16,1555,TS,TS,Willem,Professional,166
20,1565,TS,TS,Aalsmeer,Volunteer,151
24,1569,AL,RV,Hendrik,Professional,263
28,1658,AL,RV,Teunis,Professional,435
32,1769,AL,RV,Hendrik,Professional,551
36,2256,AL,RV,Victor,Professional,207
40,2773,TS,TS,Pieter,Professional,392
44,4565,TS,TS,Osdorp,Professional,NULL
48,6036,AL,RV,Pieter,Professional,1227
52,7417,AL,RV,Hendrik,Professional,338
56,7424,TS,TS,Willem,Professional,461
60,7477,AL,RV,Victor,Professional,299
64,8398,AL,RV,Pieter,Professional,113
68,8433,TS,TS,Duivendrecht,Volunteer,324
72,10267,AL,RV,Nico,Professional,NULL
76,10271,TS,TS,Anton,Professional,334
80,10311,TS,TS,Victor,Professional,447
84,10320,AL,RV,Amstelveen,Professional,521
88,10326,AL,RV,Hendrik,Professional,247
92,10678,TS,TS,Victor,Professional,261
96,11333,RV,RV,IJsbrand,Professional,407
100,24071,TS,TS,Ouderkerk aan de Amstel,Volunteer,72
104,29122,GM,GM,Amstelveen,Professional,243
108,30914,TS,TS,Hendrik,Professional,295
112,31144,RV,RV,Nico,Professional,319
116,33170,TS,TS,Dirk,Professional,123
120,33755,TS,TS,Teunis,Professional,NULL
124,36705,TS,TS,IJsbrand,Professional,433
128,36986,TS,TS,Anton,Professional,703
132,37442,TS,TS,Hendrik,Professional,434
136,37888,TS,TS,Aalsmeer,Volunteer,328
140,38017,RV,RV,Nico,Professional,1050
144,39171,TS,TS,Nico,Professional,494
148,41132,TS,TS,Teunis,Professional,124
152,42093,TS,TS,Hendrik,Professional,122
156,42136,AL,AL,Pieter,Professional,2738
160,42235,TS,TS,Dirk,Professional,418
164,42718,RV,RV,Dirk,Professional,123
168,42747,TS,TS,IJsbrand,Professional,508
172,43455,HV,HV,Aalsmeer,Volunteer,186
176,43461,RV,RV,Hendrik,Professional,324
180,43860,TS,TS,Diemen,Volunteer,1
184,44045,RV,RV,Willem,Professional,NULL
188,44060,RV,RV,Dirk,Professional,NULL
192,45301,HV,HV,Uithoorn,Volunteer,377
196,45351,RV,RV,Nico,Professional,633
200,45372,TS,TS,Nico,Professional,154
204,46094,TS,TS,Nico,Professional,1013
208,46128,TS,TS,Teunis,Professional,614
212,46130,TS,TS,Nico,Professional,362
216,46179,RV,RV,Nico,Professional,2
220,46185,RV,RV,Nico,Professional,1274
224,46229,RV,RV,Willem,Professional,401
228,46349,RV,RV,Hendrik,Professional,NULL
232,46388,TS,TS,Dirk,Professional,634
236,46431,RV,RV,Hendrik,Professional,237
240,46734,TS,TS,Landelijk Noord,Volunteer,1175
244,46903,TS,TS,Uithoorn,Volunteer,1446
248,46907,TS,TS,Ouderkerk aan de Amstel,Volunteer,NULL
252,46922,RV,RV,Hendrik,Professional,NULL
256,47091,TS,TS,Hendrik,Professional,331
260,47158,RV,RV,IJsbrand,Professional,NULL
264,47252,RV,RV,Anton,Professional,529
268,47273,RV,RV,Anton,Professional,374
272,47300,TS,TS,Osdorp,Professional,1
276,47324,RV,RV,Dirk,Professional,796
280,47360,TS,TS,Willem,Professional,388
284,47397,RV,RV,Dirk,Professional,1416
288,47532,TS,TS,Landelijk Noord,Volunteer,702
292,48890,RV,RV,Amstelveen,Professional,413
296,49285,TS,TS,Amstelveen,Professional,3
300,50078,RV,RV,Victor,Professional,270
304,50095,TS,TS,Anton,Professional,280
308,50114,TS,TS,Hendrik,Professional,372
312,50121,TS,TS,IJsbrand,Professional,339
316,51783,TS,TS,Diemen,Volunteer,673
320,52779,RV,RV,Hendrik,Professional,491
324,52784,HV,HV,Ouderkerk aan de Amstel,Volunteer,325
328,52870,TS,TS,Hendrik,Professional,346
332,53756,TS,TS,Pieter,Professional,356
336,54354,TS,TS,Driemond,Volunteer,535
340,54418,TS,TS,Hendrik,Professional,158
344,55048,RV,RV,Dirk,Professional,484
348,55319,TS,TS,Anton,Professional,610
352,55360,TS,TS,Nico,Professional,603
356,55471,TS,TS,Willem,Professional,251
360,55752,RV,RV,Anton,Professional,889
364,55819,TS,TS,Uithoorn,Volunteer,241
368,55995,TS,TS,Amstelveen,Professional,337
372,57744,TS,TS,Victor,Professional,463
376,58226,TS,TS,Teunis,Professional,278
380,60846,TS,TS,Uithoorn,Volunteer,NULL
384,61217,TS,TS,Ouderkerk aan de Amstel,Volunteer,124
388,61235,HV,HV,Teunis,Professional,747
392,61363,RV,RV,Dirk,Professional,613
396,61468,TS,TS,Diemen,Volunteer,323
400,62263,TS,TS,Diemen,Volunteer,NULL
404,62313,TS,TS,Aalsmeer,Volunteer,1016
408,62322,RV,RV,Amstelveen,Professional,257
412,62357,TS,TS,Teunis,Professional,193
416,62478,TS,TS,Dirk,Professional,377
420,62489,RV,RV,Hendrik,Professional,335
424,63138,TS,TS,Osdorp,Professional,NULL
428,64605,TS,TS,Osdorp,Professional,262
432,64771,RV,RV,Hendrik,Professional,585
436,65108,TS,TS,Osdorp,Professional,458
440,65121,TS,TS,Dirk,Professional,238
444,65134,TS,TS,Dirk,Professional,301
448,66176,RV,RV,Willem,Professional,NULL
452,66179,RV,RV,Dirk,Professional,NULL
456,66184,RV,RV,Osdorp,Professional,202
460,66191,TS,TS,Zebra,Professional,564
464,66198,RV,RV,Victor,Professional,220
468,66210,HV,HV,Uithoorn,Volunteer,281
472,66212,RV,RV,Amstelveen,Professional,359
476,66216,RV,RV,Amstelveen,Professional,760
480,66221,RV,RV,Anton,Professional,732
484,66227,TS,TS,Hendrik,Professional,61
488,66253,TS,TS,IJsbrand,Professional,537
492,66463,TS,TS,Nico,Professional,241
496,66527,TS,TS,Willem,Professional,479
500,66563,TS,TS,Willem,Professional,622
504,66583,HV,HV,Uithoorn,Volunteer,334
508,66597,TS,TS,Nico,Professional,91
512,66603,TS,TS,Nico,Professional,483
516,66816,HV,HV,Uithoorn,Volunteer,15
520,69179,TS,TS,Dirk,Professional,683
524,69920,RV,RV,Osdorp,Professional,488
528,70033,TS,TS,Victor,Professional,313
532,70143,TS,TS,Osdorp,Professional,213
536,70429,RV,RV,Hendrik,Professional,441
540,70712,TS,TS,Dirk,Professional,345
544,71053,TS,TS,Teunis,Professional,192
548,71056,TS,TS,IJsbrand,Professional,368
552,71497,TS,TS,Willem,Professional,485
556,71792,TS,TS,Victor,Professional,185
560,71862,TS,TS,Nico,Professional,231
564,71902,RV,RV,Amstelveen,Professional,336
568,71909,TS,TS,IJsbrand,Professional,352
572,71916,TS,TS,IJsbrand,Professional,356
576,71943,TS,TS,Teunis,Professional,899
580,73183,RV,RV,Osdorp,Professional,1222
584,73692,TS,TS,Ouderkerk aan de Amstel,Volunteer,560
588,74876,RV,RV,Hendrik,Professional,695
592,74936,TS,TS,Nico,Professional,170
596,75319,TS,TS,Nico,Professional,562
600,75335,RV,RV,Willem,Professional,502
604,79819,RV,RV,Osdorp,Professional,740
608,80301,RV,RV,IJsbrand,Professional,NULL
612,80305,TS,TS,IJsbrand,Professional,575
616,81861,TS,TS,Osdorp,Professional,321
620,81868,TS,TS,Anton,Professional,351
624,81985,TS,TS,Anton,Professional,317
628,82215,HV,HV,Teunis,Professional,423
632,82520,TS,TS,Nico,Professional,343
636,82542,TS,TS,Teunis,Professional,534
640,82558,HV,HV,Aalsmeer,Volunteer,190
644,82560,HV,HV,Teunis,Professional,1
648,82568,RV,RV,Anton,Professional,NULL
652,82576,TS,TS,Uithoorn,Volunteer,NULL
656,82622,RV,RV,Hendrik,Professional,559
660,82628,HV,HV,Uithoorn,Volunteer,240
664,83948,TS,TS,Amstelveen,Professional,204
668,84277,RV,RV,IJsbrand,Professional,435
672,84467,TS,TS,Hendrik,Professional,191
676,84537,RV,RV,Anton,Professional,302
680,84859,TS,TS,Amstelveen,Professional,612
684,85204,RV,RV,Victor,Professional,539
688,85845,TS,TS,IJsbrand,Professional,197
692,86053,TS,TS,Pieter,Professional,248
696,86067,HV,HV,Duivendrecht,Volunteer,1
700,86104,TS,TS,IJsbrand,Professional,330
704,86454,TS,TS,Victor,Professional,307
708,87126,TS,TS,Osdorp,Professional,321
712,87143,TS,TS,Willem,Professional,300
716,87618,TS,TS,Dirk,Professional,508
720,88586,TS,TS,Osdorp,Professional,1413
724,88702,RV,RV,Osdorp,Professional,NULL
728,88707,TS,TS,Nico,Professional,314
732,88725,TS,TS,Zebra,Professional,200
736,88752,RV,RV,Nico,Professional,238
740,88885,TS,TS,Nico,Professional,251
744,88901,TS,TS,Osdorp,Professional,232
748,90297,TS,TS,Osdorp,Professional,NULL
752,92849,TS,TS,Pieter,Professional,1637
756,92878,RV,RV,Hendrik,Professional,183
760,93127,TS,TS,Pieter,Professional,193
764,95552,TS,TS,Dirk,Professional,218
768,96125,RV,RV,Dirk,Professional,373
772,97090,RV,RV,Nico,Professional,826
776,97660,TS,TS,Diemen,Volunteer,456
780,97761,TS,TS,Aalsmeer,Volunteer,441
784,97782,TS,TS,Aalsmeer,Volunteer,507
788,97851,HV,HV,Teunis,Professional,609
792,97923,TS,TS,Victor,Professional,369
796,97974,TS,TS,Dirk,Professional,357
800,98378,TS,TS,Teunis,Professional,259
804,98901,TS,TS,Victor,Professional,433
808,99073,TS,TS,IJsbrand,Professional,399
812,99158,TS,TS,Amstelveen,Professional,558
816,99162,HV,HV,Teunis,Professional,NULL
820,99164,TS,TS,Willem,Professional,381
824,99181,HV,HV,Teunis,Professional,465
828,99204,TS,TS,Zebra,Professional,444
832,99206,TS,TS,Nico,Professional,NULL
836,99212,TS,TS,IJsbrand,Professional,81
840,99291,RV,RV,Hendrik,Professional,475
844,99379,RV,RV,Willem,Professional,1
848,99389,TS,TS,Uithoorn,Volunteer,180
852,99410,HV,HV,Aalsmeer,Volunteer,246
856,99413,HV,HV,Teunis,Professional,753
860,99428,RV,RV,Nico,Professional,503
864,99441,TS,TS,Teunis,Professional,302
868,99660,TS,TS,Uithoorn,Volunteer,NULL
872,99921,TS,TS,Amstelveen,Professional,1197
876,99934,TS,TS,Amstelveen Vrijwillig,Volunteer,280
880,100292,TS,TS,Osdorp,Professional,308
884,100937,TS,TS,Zebra,Professional,252
888,101200,TS,TS,Victor,Professional,191
892,101533,RV,RV,Dirk,Professional,344
896,101561,RV,RV,Hendrik,Professional,280
900,101807,RV,RV,Amstelveen,Professional,604
904,101821,RV,RV,Osdorp,Professional,NULL
908,101834,RV,RV,Dirk,Professional,1776
912,102464,TS,TS,Hendrik,Professional,NULL
916,104216,TS,TS,Teunis,Professional,378
920,104688,TS,TS,Dirk,Professional,NULL
924,105071,RV,RV,Dirk,Professional,978
928,105075,TS,TS,Amstelveen,Professional,228
932,105079,TS,TS,Victor,Professional,275
936,105097,TS,TS,Dirk,Professional,356
940,105101,RV,RV,Hendrik,Professional,579
944,105104,TS,TS,Dirk,Professional,NULL
948,105116,TS,TS,Hendrik,Professional,170
952,105124,TS,TS,Uithoorn,Volunteer,198
956,105136,TS,TS,Uithoorn,Volunteer,42
960,105176,RV,RV,Amstelveen,Professional,519
964,105802,RV,RV,Nico,Professional,151
968,105807,RV,RV,Anton,Professional,37
972,105811,RV,RV,Dirk,Professional,NULL
976,107690,TS,TS,Hendrik,Professional,257
980,107741,RV,RV,Hendrik,Professional,284
984,108712,TS,TS,Amstelveen,Professional,NULL
988,108928,TS,TS,Aalsmeer,Volunteer,NULL
992,108932,RV,RV,Amstelveen,Professional,256
996,109127,TS,TS,Teunis,Professional,176
1000,109619,RV,RV,Anton,Professional,-16
1004,109634,RV,RV,IJsbrand,Professional,316
1008,109989,TS,TS,Zebra,Professional,437
1012,110496,TS,TS,Willem,Professional,356
1016,110520,TS,TS,Uithoorn,Volunteer,NULL
1020,110556,RV,RV,Nico,Professional,192
1024,110563,TS,TS,Dirk,Professional,136
1028,110575,TS,TS,Victor,Professional,218
1032,110585,TS,TS,Hendrik,Professional,161
1036,110591,TS,TS,Dirk,Professional,266
1040,110599,TS,TS,Aalsmeer,Volunteer,145
1044,110653,TS,TS,Uithoorn,Volunteer,445
1048,110688,TS,TS,Dirk,Professional,115
1052,110923,TS,TS,Pieter,Professional,227
1056,111266,TS,TS,Zebra,Professional,492
1060,111349,RV,RV,IJsbrand,Professional,2
1064,112245,TS,TS,Nico,Professional,266
1068,112326,TS,TS,Willem,Professional,615
1072,112343,TS,TS,Nico,Professional,702
1076,112371,TS,TS,Hendrik,Professional,328
1080,112564,TS,TS,Diemen,Volunteer,254
1084,112574,HV,HV,Teunis,Professional,3456
1088,112578,RV,RV,Nico,Professional,653
1092,112580,HV,HV,Amstelveen,Professional,NULL
1096,112584,TS,TS,Nico,Professional,238
1100,112589,TS,TS,Ouderkerk aan de Amstel,Volunteer,NULL
1104,112591,TS,TS,Dirk,Professional,NULL
1108,112598,TS,TS,Victor,Professional,304
1112,112604,TS,TS,Landelijk Noord,Volunteer,1055
1116,112612,TS,TS,Amstelveen Vrijwillig,Volunteer,NULL
1120,112617,TS,TS,Duivendrecht,Volunteer,620
1124,112620,RV,RV,Osdorp,Professional,430
1128,112626,TS,TS,Zebra,Professional,370
1132,112631,TS,TS,Landelijk Noord,Volunteer,572
1136,112664,RV,RV,Osdorp,Professional,NULL
1140,112933,RV,RV,Dirk,Professional,669
1144,113594,TS,TS,Pieter,Professional,120
1148,115124,RV,RV,Hendrik,Professional,147
1152,115141,TS,TS,Diemen,Volunteer,149
1156,115454,TS,TS,Hendrik,Professional,240
1160,115501,TS,TS,Osdorp,Professional,0
1164,115506,HV,HV,Teunis,Professional,354
1168,115508,TS,TS,Anton,Professional,1348
1172,115517,TS,TS,Willem,Professional,256
1176,115554,RV,RV,Hendrik,Professional,357
1180,115565,RV,RV,Hendrik,Professional,253
1184,115617,TS,TS,Hendrik,Professional,611
1188,115739,RV,RV,Hendrik,Professional,940
1192,116119,RV,RV,Dirk,Professional,294
1196,116267,TS,TS,Duivendrecht,Volunteer,370
1200,116687,RV,RV,Hendrik,Professional,234
1204,116691,TS,TS,Nico,Professional,336
1208,116693,RV,RV,Hendrik,Professional,NULL
1212,116697,RV,RV,Amstelveen,Professional,669
1216,116700,TS,TS,Dirk,Professional,2
1220,116702,RV,RV,Anton,Professional,NULL
1224,116711,RV,RV,Osdorp,Professional,666
1228,116715,TS,TS,Aalsmeer,Volunteer,223
1232,116721,TS,TS,Amstelveen,Professional,431
1236,116723,TS,TS,Dirk,Professional,228
1240,116743,TS,TS,Teunis,Professional,175
1244,116776,RV,RV,Osdorp,Professional,275
1248,116778,TS,TS,Dirk,Professional,NULL
1252,116788,TS,TS,Amstelveen,Professional,296
1256,116796,RV,RV,Osdorp,Professional,546
1260,116799,TS,TS,Osdorp,Professional,248
1264,116807,TS,TS,Aalsmeer,Volunteer,456
1268,116812,TS,TS,Hendrik,Professional,133
1272,116821,TS,TS,Nico,Professional,323
1276,116824,RV,RV,Hendrik,Professional,128
1280,116829,RV,RV,IJsbrand,Professional,NULL
1284,116833,TS,TS,Amstelveen,Professional,1
1288,116839,RV,RV,Hendrik,Professional,222
1292,116854,RV,RV,Osdorp,Professional,348
1296,116881,TS,TS,Zebra,Professional,NULL
1300,117251,HV,HV,Amstelveen,Professional,423
1304,117427,TS,TS,Teunis,Professional,819
1308,117439,RV,RV,IJsbrand,Professional,295
1312,119973,RV,RV,Dirk,Professional,423
1316,120332,RV,RV,Dirk,Professional,292
1320,120794,TS,TS,Amstelveen,Professional,520
1324,121552,RV,RV,Dirk,Professional,482
1328,121876,TS,TS,Willem,Professional,164
1332,122218,RV,RV,Amstelveen,Professional,216
1336,122224,RV,RV,Hendrik,Professional,408
1340,122227,TS,TS,Victor,Professional,46
1344,122232,TS,TS,Amstelveen,Professional,623
1348,122240,RV,RV,Dirk,Professional,177
1352,122244,TS,TS,Hendrik,Professional,NULL
1356,122258,TS,TS,Amstelveen,Professional,413
1360,122355,TS,TS,Osdorp,Professional,NULL
1364,122640,RV,RV,Dirk,Professional,957
1368,122785,HV,HV,Aalsmeer,Volunteer,234
1372,122788,RV,RV,IJsbrand,Professional,1144
1376,122797,TS,TS,Aalsmeer,Volunteer,0
1380,122843,RV,RV,Osdorp,Professional,660
1384,122853,TS,TS,Nico,Professional,443
1388,122856,RV,RV,Nico,Professional,490
1392,122909,TS,TS,Amstelveen Vrijwillig,Volunteer,663
1396,123093,TS,TS,Dirk,Professional,689
1400,123565,RV,RV,Amstelveen,Professional,NULL
1404,123890,TS,TS,IJsbrand,Professional,939
1408,124025,TS,TS,Amstelveen,Professional,503
1412,124582,TS,TS,Uithoorn,Volunteer,-1
1416,124815,TS,TS,Dirk,Professional,0
1420,125957,RV,RV,Hendrik,Professional,853
1424,126239,TS,TS,Dirk,Professional,403
1428,127500,HV,HV,Aalsmeer,Volunteer,173
1432,127509,RV,RV,Nico,Professional,562
1436,127514,RV,RV,Victor,Professional,516
1440,127517,TS,TS,Teunis,Professional,538
1444,127524,RV,RV,Hendrik,Professional,NULL
1448,127528,TS,TS,Aalsmeer,Volunteer,425
1452,127530,TS,TS,Aalsmeer,Volunteer,0
1456,127533,RV,RV,Hendrik,Professional,NULL
1460,127536,TS,TS,Osdorp,Professional,315
1464,127541,TS,TS,Hendrik,Professional,151
1468,127589,TS,TS,Dirk,Professional,175
1472,128075,TS,TS,Amstelveen,Professional,608
1476,128660,TS,TS,Pieter,Professional,55
1480,130718,RV,RV,Dirk,Professional,298
1484,130721,TS,TS,Dirk,Professional,504
1488,130728,RV,RV,Nico,Professional,1743
1492,130735,RV,RV,Hendrik,Professional,NULL
1496,130738,TS,TS,Hendrik,Professional,225
1500,130744,TS,TS,Victor,Professional,NULL
1504,130747,RV,RV,Victor,Professional,328
1508,130752,RV,RV,Amstelveen,Professional,785
1512,130766,RV,RV,Willem,Professional,314
1516,131090,TS,TS,Amstelveen Vrijwillig,Volunteer,516
1520,131766,TS,TS,Osdorp,Professional,251
1524,132290,RV,RV,Nico,Professional,441
1528,134023,RV,RV,Hendrik,Professional,103
1532,134582,RV,RV,IJsbrand,Professional,316
1536,134586,RV,RV,Hendrik,Professional,131
1540,134595,TS,TS,IJsbrand,Professional,225
1544,134699,RV,RV,Willem,Professional,634
1548,134781,TS,TS,Anton,Professional,401
1552,136695,TS,TS,Osdorp,Professional,492
1556,137113,TS,TS,Anton,Professional,249
1560,137312,RV,RV,Nico,Professional,NULL
1564,138424,TS,TS,Teunis,Professional,405
1568,138442,TS,TS,Pieter,Professional,1
1572,138449,TS,TS,Dirk,Professional,275
1576,138452,HV,HV,Amstelveen,Professional,351
1580,138458,TS,TS,Pieter,Professional,107
1584,138468,TS,TS,Zebra,Professional,233
1588,138471,RV,RV,Dirk,Professional,446
1592,138480,RV,RV,Willem,Professional,333
1596,138506,RV,RV,Dirk,Professional,263
1600,139398,RV,RV,Osdorp,Professional,160
1604,140064,TS,TS,Ouderkerk aan de Amstel,Volunteer,200
1608,263810,AL,RV,Willem,Professional,320
1612,264019,TS,TS,Hendrik,Professional,NULL
1616,264072,TS,TS,Nico,Professional,127
1620,265405,TS,TS,Hendrik,Professional,913
1624,267273,AL,RV,Nico,Professional,640
1628,267372,AL,RV,Nico,Professional,1570
1632,267390,AL,AL,Hendrik,Professional,NULL
1636,267398,TS,TS,IJsbrand,Professional,406
1640,267403,TS,TS,Nico,Professional,NULL
1644,267408,TS,TS,Willem,Professional,222
1648,267416,TS,TS,Teunis,Professional,480
1652,267430,AL,RV,Hendrik,Professional,206
1656,267440,AL,RV,Amstelveen,Professional,1137
1660,267444,TS,TS,Anton,Professional,700
1664,267455,TS,TS,Teunis,Professional,189
1668,267462,TS,TS,Dirk,Professional,122
1672,267482,AL,RV,Victor,Professional,1094
1676,267489,TS,TS,Amstelveen Vrijwillig,Volunteer,444
1680,267498,TS,TS,Victor,Professional,328
1684,267507,AL,RV,Amstelveen,Professional,331
1688,267514,TS,TS,Hendrik,Professional,167
1692,267532,TS,TS,Willem,Professional,809
1696,267580,AL,RV,Amstelveen,Professional,638
1700,267594,AL,RV,Hendrik,Professional,254
1704,267778,TS,TS,Willem,Professional,315
1708,269519,TS,TS,Nico,Professional,316
1712,271194,AL,RV,Willem,Professional,595
1716,272298,AL,RV,Nico,Professional,567
1720,274195,TS,TS,Osdorp,Professional,254
1724,275090,TS,TS,Aalsmeer,Volunteer,142
1728,275214,AL,RV,Dirk,Professional,209
1732,275222,TS,TS,Willem,Professional,302
1736,275251,TS,TS,Amstelveen,Professional,NULL
1740,275281,TS,TS,Dirk,Professional,501
1744,275360,HV,HV,Teunis,Professional,598
1748,275381,TS,TS,Uithoorn,Volunteer,953
1752,275385,TS,TS,Pieter,Professional,465
1756,275427,TS,TS,Anton,Professional,402
1760,275440,AL,RV,Osdorp,Professional,409
1764,276121,WO,WO,Amstelveen,Professional,496
1768,276755,AL,RV,Hendrik,Professional,NULL
1772,276758,TS,TS,Pieter,Professional,-3
1776,276847,AL,RV,Hendrik,Professional,1098
1780,278647,AL,RV,Hendrik,Professional,737
1784,279167,TS,TS,Osdorp,Professional,280
1788,280196,AL,RV,Dirk,Professional,217
1792,280203,TS,TS,Willem,Professional,257
1796,280207,TS,TS,Amstelveen,Professional,789
1800,280263,AL,AL,Osdorp,Professional,1115
1804,280298,AL,RV,Amstelveen,Professional,298
1808,282070,TS,TS,Willem,Professional,761
1812,283026,TS,TS,Diemen,Volunteer,278
1816,283121,TS,TS,Dirk,Professional,812
1820,283125,AL,RV,Anton,Professional,471
1824,283132,TS,TS,Amstelveen,Professional,2
1828,283138,AL,RV,Amstelveen,Professional,583
1832,283141,TS,TS,Aalsmeer,Volunteer,532
1836,283149,AL,RV,Nico,Professional,NULL
1840,283153,TS,TS,Willem,Professional,206
1844,283159,TS,TS,Amstelveen,Professional,496
1848,283167,AL,RV,Anton,Professional,NULL
1852,283172,AL,RV,Dirk,Professional,549
1856,283176,AL,RV,Anton,Professional,274
1860,283183,TS,TS,Pieter,Professional,390
1864,283191,AL,RV,Hendrik,Professional,735
1868,283193,AL,RV,Amstelveen,Professional,404
1872,283199,TS,TS,Anton,Professional,709
1876,283207,AL,RV,Amstelveen,Professional,628
1880,283217,AL,RV,Dirk,Professional,510
1884,283359,AL,RV,Hendrik,Professional,267
1888,284416,TS,TS,Zebra,Professional,-156
1892,284589,AL,RV,Victor,Professional,471
1896,284791,AL,RV,Hendrik,Professional,458
1900,284834,TS,TS,Dirk,Professional,626
1904,284840,TS,TS,Amstelveen,Professional,650
1908,284987,TS,TS,Victor,Professional,NULL
1912,286681,TS,TS,Victor,Professional,132
1916,286697,AL,RV,Willem,Professional,288
1920,286700,HV,HV,Teunis,Professional,268
1924,286706,TS,TS,Osdorp,Professional,331
1928,286719,AL,AL,Nico,Professional,1799
1932,286876,AL,RV,Dirk,Professional,400
1936,289725,TS,TS,Anton,Professional,NULL
1940,289838,AL,RV,Hendrik,Professional,24
1944,289969,AL,RV,Willem,Professional,485
1948,290078,TS,TS,Pieter,Professional,NULL
1952,291407,AL,RV,Hendrik,Professional,NULL
1956,291433,TS,TS,Hendrik,Professional,763
1960,291495,TS,TS,Osdorp,Professional,NULL
1964,291980,AL,RV,Hendrik,Professional,284
1968,291997,TS,TS,Nico,Professional,657
1972,292010,TS,TS,Anton,Professional,NULL
1976,292018,TS,TS,Hendrik,Professional,272
1980,292023,TS,TS,Hendrik,Professional,331
1984,292028,TS,TS,Dirk,Professional,NULL
1988,292030,AL,RV,Amstelveen,Professional,245
1992,292038,TS,TS,Aalsmeer,Volunteer,NULL
1996,292040,TS,TS,Dirk,Professional,NULL
2000,292044,AL,RV,Hendrik,Professional,364
2004,292050,AL,RV,Anton,Professional,1652
2008,292066,AL,RV,Osdorp,Professional,367
2012,292068,TS,TS,Amstelveen,Professional,272
2016,292073,AL,RV,Dirk,Professional,482
2020,292087,TS,TS,Teunis,Professional,374
2024,292093,AL,RV,Anton,Professional,690
2028,292096,TS,TS,Victor,Professional,235
2032,292104,TS,TS,Hendrik,Professional,367
2036,293200,AL,RV,Anton,Professional,448
2040,293249,AL,RV,Hendrik,Professional,509
2044,293253,AL,RV,Anton,Professional,388
2048,293258,TS,TS,Osdorp,Professional,311
2052,293261,AL,RV,Amstelveen,Professional,488
2056,293268,TS,TS,Pieter,Professional,448
2060,293286,TS,TS,Aalsmeer,Volunteer,NULL
2064,293300,AL,RV,Dirk,Professional,NULL
2068,293308,TS,TS,Duivendrecht,Volunteer,133
2072,293324,TS,TS,Zebra,Professional,597
2076,293337,TS,TS,Aalsmeer,Volunteer,1
2080,293372,TS,TS,Diemen,Volunteer,534
2084,293380,TS,TS,Hendrik,Professional,308
2088,293407,TS,TS,Teunis,Professional,28
2092,293425,AL,RV,Willem,Professional,355
2096,293453,AL,RV,Nico,Professional,415
2100,293462,AL,RV,Willem,Professional,617
2104,293477,TS,TS,Pieter,Professional,222
2108,293508,TS,TS,Zebra,Professional,NULL
2112,293529,AL,RV,IJsbrand,Professional,237
2116,293542,HV,HV,Teunis,Professional,NULL
2120,293550,TS,TS,Hendrik,Professional,558
2124,293583,AL,RV,Dirk,Professional,282
2128,293608,TS,TS,Osdorp,Professional,232
2132,293629,AL,RV,Anton,Professional,429
2136,293652,TS,TS,Diemen,Volunteer,NULL
2140,293654,AL,AL,Dirk,Professional,NULL
2144,293658,AL,RV,Osdorp,Professional,440
2148,293672,TS,TS,Dirk,Professional,328
2152,293696,TS,TS,Anton,Professional,289
2156,293699,AL,AL,Hendrik,Professional,NULL
2160,293707,TS,TS,Hendrik,Professional,190
2164,293742,AL,RV,Amstelveen,Professional,1066
2168,293754,AL,RV,Dirk,Professional,423
2172,293820,AL,RV,Osdorp,Professional,222
2176,293856,TS,TS,IJsbrand,Professional,336
2180,294021,TS,TS,Hendrik,Professional,220
2184,294100,AL,RV,Anton,Professional,307
2188,294105,AL,AL,Dirk,Professional,133
2192,294111,TS,TS,Dirk,Professional,NULL
2196,294413,TS,TS,Victor,Professional,222
2200,294507,TS,TS,Dirk,Professional,502
2204,295183,AL,RV,Dirk,Professional,542
2208,295381,TS,TS,Pieter,Professional,NULL
2212,296218,AL,RV,Dirk,Professional,495
2216,296629,TS,TS,Amstelveen Vrijwillig,Volunteer,166
2220,296711,AL,RV,Anton,Professional,628
2224,296756,AL,AL,Amstelveen,Professional,1461
2228,296810,AL,RV,Anton,Professional,380
2232,297203,TS,TS,Pieter,Professional,98
2236,297637,AL,RV,Dirk,Professional,428
2240,298195,TS,TS,Zebra,Professional,613
2244,298212,AL,RV,Dirk,Professional,862
2248,298224,TS,TS,Teunis,Professional,301
2252,298242,AL,RV,Hendrik,Professional,NULL
2256,298249,AL,RV,Anton,Professional,584
2260,298269,TS,TS,Hendrik,Professional,316
2264,298296,TS,TS,Amstelveen Vrijwillig,Volunteer,499
2268,299075,AL,RV,Dirk,Professional,2
2272,301191,AL,RV,Amstelveen,Professional,356
2276,301644,TS,TS,IJsbrand,Professional,584
2280,301696,AL,RV,Dirk,Professional,478
2284,302782,AL,RV,Osdorp,Professional,279
2288,302866,TS,TS,Pieter,Professional,296
2292,303509,AL,RV,Dirk,Professional,145
2296,303851,TS,TS,Hendrik,Professional,275
2300,305293,AL,RV,Willem,Professional,1007
2304,306152,TS,TS,Hendrik,Professional,853
2308,306314,AL,RV,Anton,Professional,937
2312,306676,AL,RV,Victor,Professional,NULL
2316,307255,TS,TS,Dirk,Professional,NULL
2320,307432,TS,TS,Teunis,Professional,233
2324,308076,AL,RV,Hendrik,Professional,360
2328,308459,AL,RV,Hendrik,Professional,211
2332,308495,TS,TS,Teunis,Professional,374
2336,308504,AL,RV,Amstelveen,Professional,210
2340,308525,AL,RV,Osdorp,Professional,325
2344,308726,AL,RV,Dirk,Professional,584
2348,309010,AL,RV,Osdorp,Professional,513
2352,309388,TS,TS,Hendrik,Professional,235
2356,309410,TS,TS,Amstelveen Vrijwillig,Volunteer,256
2360,309414,AL,RV,Victor,Professional,423
2364,309420,TS,TS,Pieter,Professional,421
2368,309429,AL,RV,Willem,Professional,273
2372,309435,AL,RV,Willem,Professional,445
2376,309464,TS,TS,Zebra,Professional,816
2380,309468,TS,TS,Hendrik,Professional,556
2384,310852,AL,RV,Nico,Professional,386
2388,311805,TS,TS,Teunis,Professional,499
2392,312727,AL,RV,Amstelveen,Professional,1397
2396,312732,TS,TS,Pieter,Professional,580
2400,312736,AL,RV,Teunis,Professional,362
2404,312740,TS,TS,Osdorp,Professional,NULL
2408,312744,AL,RV,Victor,Professional,185
2412,312873,TS,TS,IJsbrand,Professional,371
2416,312891,AL,RV,Amstelveen,Professional,1114
2420,312901,AL,RV,Hendrik,Professional,217
2424,312905,TS,TS,Hendrik,Professional,298
2428,312910,AL,RV,Amstelveen,Professional,630
2432,312916,TS,TS,IJsbrand,Professional,395
2436,312935,TS,TS,Hendrik,Professional,257
2440,312947,TS,TS,Pieter,Professional,247
2444,313028,TS,TS,Anton,Professional,NULL
2448,313820,TS,TS,Hendrik,Professional,290
2452,314639,TS,TS,Hendrik,Professional,422
2456,314852,AL,RV,Hendrik,Professional,508
2460,314859,TS,TS,IJsbrand,Professional,490
2464,314893,AL,RV,Dirk,Professional,1355
2468,314987,TS,TS,Osdorp,Professional,495
2472,314991,TS,TS,Nico,Professional,370
2476,314994,AL,RV,Dirk,Professional,3049
2480,314996,AL,RV,Victor,Professional,1
2484,315000,TS,TS,Dirk,Professional,690
2488,315014,AL,RV,Teunis,Professional,1016
2492,315022,AL,RV,Hendrik,Professional,376
2496,315034,AL,RV,Victor,Professional,462
2500,315148,AL,RV,Willem,Professional,1175
2504,315250,TS,TS,Nico,Professional,759
2508,315327,AL,RV,Teunis,Professional,554
2512,315394,AL,RV,Nico,Professional,NULL
2516,315460,AL,RV,Amstelveen,Professional,918
2520,315538,HV,HV,Teunis,Professional,1550
2524,315542,TS,TS,Zebra,Professional,574
2528,315554,TS,TS,Zebra,Professional,428
2532,315564,TS,TS,Pieter,Professional,334
2536,315584,AL,RV,Pieter,Professional,NULL
2540,315599,TS,TS,Amstelveen,Professional,505
2544,315608,TS,TS,IJsbrand,Professional,497
2548,315613,TS,TS,Amstelveen,Professional,334
2552,315619,TS,TS,Victor,Professional,367
2556,315622,TS,TS,Pieter,Professional,595
2560,315628,TS,TS,Victor,Professional,123
2564,315655,TS,TS,Osdorp,Professional,224
2568,315706,AL,RV,Willem,Professional,533
2572,316291,AL,RV,Victor,Professional,508
2576,317331,AL,RV,Dirk,Professional,627
2580,318877,TS,TS,Pieter,Professional,1654
2584,319765,AL,RV,Teunis,Professional,704
2588,320869,TS,TS,Anton,Professional,506
2592,321475,TS,TS,IJsbrand,Professional,280
2596,321493,TS,TS,Nico,Professional,431
2600,321595,TS,TS,Dirk,Professional,206
2604,321603,TS,TS,Zebra,Professional,454
2608,321628,TS,TS,Amstelveen,Professional,NULL
2612,321641,HV,HV,Teunis,Professional,NULL
2616,321659,AL,RV,Anton,Professional,1192
2620,321692,TS,TS,Willem,Professional,869
2624,321716,TS,TS,Hendrik,Professional,288
2628,321734,AL,RV,Hendrik,Professional,203
2632,321782,TS,TS,Zebra,Professional,299
2636,321795,AL,RV,Victor,Professional,NULL
2640,321825,AL,RV,Nico,Professional,NULL
2644,321879,TS,TS,Zebra,Professional,450
2648,321966,AL,RV,Nico,Professional,683
2652,322001,TS,TS,Hendrik,Professional,357
2656,322009,AL,RV,Victor,Professional,578
2660,322013,TS,TS,IJsbrand,Professional,301
2664,322018,TS,TS,Willem,Professional,573
2668,322025,AL,RV,Teunis,Professional,876
2672,322036,TS,TS,Victor,Professional,630
2676,322050,TS,TS,Willem,Professional,170
2680,322061,TS,TS,Dirk,Professional,564
2684,322068,TS,TS,Teunis,Professional,NULL
2688,322071,TS,TS,Victor,Professional,225
2692,322079,TS,TS,Hendrik,Professional,NULL
2696,322085,AL,RV,Hendrik,Professional,317
2700,322092,TS,TS,Amstelveen Vrijwillig,Volunteer,348
2704,322099,TS,TS,Willem,Professional,275
2708,322108,TS,TS,Dirk,Professional,504
2712,322112,AL,RV,Nico,Professional,579
2716,322118,AL,AL,Nico,Professional,1601
2720,322120,TS,TS,Anton,Professional,556
2724,322124,AL,RV,Anton,Professional,674
2728,322126,AL,RV,Amstelveen,Professional,466
2732,322148,TS,TS,IJsbrand,Professional,429
2736,322250,AL,RV,Nico,Professional,358
2740,322296,AL,RV,Victor,Professional,180
2744,323086,TS,TS,Zebra,Professional,99
2748,325325,AL,RV,Willem,Professional,355
2752,325767,AL,RV,Hendrik,Professional,644
2756,325810,TS,TS,Victor,Professional,231
2760,326147,TS,TS,Zebra,Professional,584
2764,326770,HV,HV,Teunis,Professional,NULL
2768,326799,TS,TS,Willem,Professional,465
2772,326819,AL,RV,Hendrik,Professional,531
2776,326838,AL,RV,Pieter,Professional,355
2780,326840,TS,TS,IJsbrand,Professional,320
2784,326843,TS,TS,Hendrik,Professional,4
2788,326850,TS,TS,Uithoorn,Volunteer,NULL
2792,326864,TS,TS,Osdorp,Professional,508
2796,326874,AL,RV,Hendrik,Professional,781
2800,326899,TS,TS,Pieter,Professional,NULL
2804,326907,AL,RV,Teunis,Professional,558
2808,326921,TS,TS,Amstelveen,Professional,309
2812,326959,TS,TS,Willem,Professional,281
2816,327003,AL,RV,Teunis,Professional,419
2820,327009,AL,RV,Victor,Professional,NULL
2824,327011,AL,RV,Nico,Professional,1022
2828,327208,AL,RV,Willem,Professional,527
2832,327982,AL,RV,Willem,Professional,396
2836,328328,AL,RV,Hendrik,Professional,NULL
2840,329921,TS,TS,Victor,Professional,230
2844,330275,TS,TS,Nico,Professional,231
2848,331243,TS,TS,Pieter,Professional,496
2852,332467,AL,RV,Hendrik,Professional,413
2856,332972,AL,RV,Hendrik,Professional,277
2860,334137,TS,TS,Victor,Professional,305
2864,335557,TS,TS,Anton,Professional,405
2868,336001,AL,RV,Teunis,Professional,NULL
2872,338886,TS,TS,Anton,Professional,415
2876,338906,AL,RV,Amstelveen,Professional,NULL
2880,339065,TS,TS,Zebra,Professional,433
2884,340655,AL,RV,Amstelveen,Professional,350
2888,340666,AL,RV,Dirk,Professional,357
2892,340678,AL,RV,Pieter,Professional,437
2896,340693,TS,TS,Aalsmeer,Volunteer,388
2900,340704,TS,TS,Uithoorn,Volunteer,2
2904,340725,TS,TS,Dirk,Professional,221
2908,340731,TS,TS,Aalsmeer,Volunteer,NULL
2912,340740,AL,RV,Hendrik,Professional,2544
2916,340745,TS,TS,Teunis,Professional,1007
2920,340754,TS,TS,Osdorp,Professional,NULL
2924,340762,TS,TS,Amstelveen,Professional,NULL
2928,340765,TS,TS,Hendrik,Professional,NULL
2932,340771,AL,RV,Willem,Professional,390
2936,340789,TS,TS,Uithoorn,Volunteer,3
2940,340795,TS,TS,Victor,Professional,469
2944,340807,AL,RV,Victor,Professional,NULL
2948,340820,TS,TS,Aalsmeer,Volunteer,205
2952,340824,AL,RV,Pieter,Professional,NULL
2956,340841,TS,TS,Willem,Professional,289
2960,340858,TS,TS,Amstelveen Vrijwillig,Volunteer,NULL
2964,340862,TS,TS,Diemen,Volunteer,529
2968,340869,AL,RV,Nico,Professional,591
2972,340875,TS,TS,Victor,Professional,269
2976,340881,TS,TS,Uithoorn,Volunteer,471
2980,340899,AL,RV,Dirk,Professional,376
2984,340904,TS,TS,Amstelveen Vrijwillig,Volunteer,NULL
2988,340909,AL,RV,Nico,Professional,NULL
2992,340913,AL,RV,Pieter,Professional,266
2996,340918,TS,TS,Willem,Professional,285
3000,340922,AL,RV,Victor,Professional,582
3004,340928,TS,TS,Amstelveen,Professional,431
3008,340931,TS,TS,Victor,Professional,294
3012,340936,TS,TS,Amstelveen Vrijwillig,Volunteer,495
3016,340941,AL,RV,Victor,Professional,264
3020,340943,TS,TS,Dirk,Professional,298
3024,340953,TS,TS,Willem,Professional,505
3028,340962,TS,TS,Nico,Professional,292
3032,340964,AL,RV,Teunis,Professional,207
3036,340971,TS,TS,Uithoorn,Volunteer,168
3040,340980,TS,TS,Osdorp,Professional,NULL
3044,340988,TS,TS,Aalsmeer,Volunteer,55
3048,340996,AL,RV,Dirk,Professional,971
3052,341011,TS,TS,Teunis,Professional,528
3056,341025,AL,RV,Nico,Professional,476
3060,341042,TS,TS,Anton,Professional,228
3064,341070,TS,TS,IJsbrand,Professional,562
3068,341075,AL,RV,Pieter,Professional,869
3072,341079,TS,TS,Osdorp,Professional,212
3076,341082,AL,RV,Teunis,Professional,609
3080,341086,TS,TS,Hendrik,Professional,606
3084,341102,AL,RV,Dirk,Professional,NULL
3088,341103,TS,TS,Diemen,Volunteer,358
3092,341109,TS,TS,Hendrik,Professional,120
3096,341113,TS,TS,Amstelveen,Professional,523
3100,341120,TS,TS,Dirk,Professional,337
3104,341139,AL,RV,Nico,Professional,795
3108,341171,AL,RV,Nico,Professional,1276
3112,341184,AL,RV,Victor,Professional,426
3116,341194,TS,TS,Willem,Professional,310
3120,341209,TS,TS,Victor,Professional,356
3124,341249,AL,RV,Anton,Professional,249
3128,341489,AL,RV,Hendrik,Professional,268
3132,341536,AL,RV,Nico,Professional,702
3136,341543,HV,HV,Teunis,Professional,510
3140,341555,AL,RV,Nico,Professional,417
3144,341570,TS,TS,Pieter,Professional,375
3148,341575,AL,RV,Willem,Professional,537
3152,341581,AL,RV,Anton,Professional,753
3156,341635,AL,RV,Teunis,Professional,482
3160,341703,TS,TS,Zebra,Professional,212
3164,341712,AL,RV,Dirk,Professional,578
3168,341922,TS,TS,Hendrik,Professional,584
3172,341967,TS,TS,Pieter,Professional,644
3176,341975,TS,TS,Nico,Professional,353
3180,341983,AL,AL,Pieter,Professional,22
3184,341998,TS,TS,Nico,Professional,192
3188,342029,TS,TS,Teunis,Professional,143
3192,342040,AL,RV,Hendrik,Professional,571
3196,342053,TS,TS,Uithoorn,Volunteer,107
3200,342063,TS,TS,Amstelveen,Professional,NULL
3204,342065,TS,TS,Willem,Professional,384
3208,342073,TS,TS,IJsbrand,Professional,278
3212,342082,AL,RV,Dirk,Professional,NULL
3216,342097,TS,TS,Amstelveen Vrijwillig,Volunteer,687
3220,342118,TS,TS,Dirk,Professional,651
3224,342121,AL,RV,Hendrik,Professional,NULL
3228,342172,TS,TS,Willem,Professional,462
3232,342179,TS,TS,Teunis,Professional,205
3236,342193,TS,TS,Aalsmeer,Volunteer,161
3240,342202,AL,RV,Pieter,Professional,-10
3244,342256,AL,RV,Dirk,Professional,661
3248,342510,TS,TS,Hendrik,Professional,248
3252,342692,TS,TS,Victor,Professional,206
3256,343257,AL,RV,Dirk,Professional,518
3260,343349,AL,RV,Amstelveen,Professional,657
3264,343959,TS,TS,Dirk,Professional,NULL
3268,344324,AL,RV,Victor,Professional,340
3272,344333,TS,TS,Amstelveen Vrijwillig,Volunteer,405
3276,344344,TS,TS,Uithoorn,Volunteer,194
3280,344360,AL,RV,Willem,Professional,288
3284,344381,AL,RV,Willem,Professional,259
3288,344438,TS,TS,Pieter,Professional,157
3292,345078,TS,TS,Hendrik,Professional,174
3296,346204,TS,TS,Anton,Professional,119
3300,346489,AL,AL,Pieter,Professional,111
3304,347012,HV,HV,Teunis,Professional,550
3308,347014,AL,RV,Amstelveen,Professional,543
3312,347045,TS,TS,Hendrik,Professional,321
3316,347072,TS,TS,Hendrik,Professional,225
3320,347086,AL,RV,Hendrik,Professional,496
3324,347906,AL,RV,Dirk,Professional,266
3328,347946,TS,TS,Victor,Professional,414
3332,348859,AL,RV,Willem,Professional,355
3336,349113,TS,TS,Zebra,Professional,322
3340,349276,TS,TS,Zebra,Professional,242
3344,349389,AL,RV,Anton,Professional,NULL
3348,349715,TS,TS,Osdorp,Professional,257
3352,349777,AL,RV,Dirk,Professional,513
3356,350104,TS,TS,Victor,Professional,620
3360,350363,AL,RV,Amstelveen,Professional,132
3364,350418,TS,TS,Aalsmeer,Volunteer,529
3368,350502,AL,RV,Pieter,Professional,506
3372,350548,TS,TS,Dirk,Professional,583
3376,350848,AL,RV,Nico,Professional,82
3380,350889,AL,RV,Pieter,Professional,382
3384,350905,AL,RV,Nico,Professional,1327
3388,351250,TS,TS,Hendrik,Professional,297
3392,351358,AL,RV,Pieter,Professional,521
3396,352835,TS,TS,Osdorp,Professional,187
3400,353300,AL,RV,Nico,Professional,407
3404,353828,TS,TS,Nico,Professional,324
3408,353867,AL,RV,Pieter,Professional,300
3412,354227,AL,RV,Dirk,Professional,128
3416,354387,AL,RV,Nico,Professional,NULL
3420,354559,TS,TS,Nico,Professional,370
3424,354583,AL,RV,Nico,Professional,203
3428,354587,TS,TS,Hendrik,Professional,158
3432,354609,AL,RV,Pieter,Professional,482
3436,354614,TS,TS,Uithoorn,Volunteer,1
3440,354616,TS,TS,Nico,Professional,957
3444,354627,AL,AL,Dirk,Professional,NULL
3448,354631,TS,TS,Nico,Professional,257
3452,354639,AL,AL,Anton,Professional,556
3456,354650,AL,RV,Willem,Professional,586
3460,354670,TS,TS,Osdorp,Professional,678
3464,354915,TS,TS,Pieter,Professional,446
3468,354931,TS,TS,Amstelveen Vrijwillig,Volunteer,232
3472,356164,AL,AL,Amstelveen,Professional,2148
3476,356849,AL,RV,Pieter,Professional,443
3480,356940,TS,TS,Dirk,Professional,144
3484,357195,AL,RV,Amstelveen,Professional,465
3488,357414,AL,RV,Teunis,Professional,178
3492,357475,AL,RV,Pieter,Professional,473
3496,358617,TS,TS,Amstelveen,Professional,1
3500,358628,AL,RV,Nico,Professional,462
3504,358643,AL,RV,Dirk,Professional,115
3508,358647,AL,RV,Anton,Professional,600
3512,361514,AL,RV,Amstelveen,Professional,NULL
3516,361575,TS,TS,Teunis,Professional,263
3520,363218,TS,TS,Anton,Professional,284
3524,363266,AL,RV,Teunis,Professional,985
3528,363270,TS,TS,IJsbrand,Professional,386
3532,363273,AL,RV,Willem,Professional,NULL
3536,363294,TS,TS,Hendrik,Professional,212
3540,364192,AL,RV,Victor,Professional,219
3544,365261,AL,RV,Willem,Professional,289
3548,365266,TS,TS,Amstelveen Vrijwillig,Volunteer,519
3552,365288,AL,RV,Nico,Professional,59
3556,366318,AL,RV,Hendrik,Professional,264
3560,366328,TS,TS,Dirk,Professional,NULL
3564,366350,AL,AL,Anton,Professional,NULL
3568,366357,AL,RV,Teunis,Professional,90
3572,366369,TS,TS,Pieter,Professional,NULL
3576,366375,AL,RV,Willem,Professional,NULL
3580,366380,AL,RV,Dirk,Professional,NULL
3584,366390,TS,TS,Dirk,Professional,543
3588,366422,TS,TS,Diemen,Volunteer,450
3592,366579,AL,RV,Willem,Professional,779
3596,366735,AL,AL,Pieter,Professional,220
3600,368612,TS,TS,Willem,Professional,201
3604,368619,AL,RV,Nico,Professional,390
3608,368626,TS,TS,Dirk,Professional,252
3612,368630,TS,TS,Pieter,Professional,334
3616,368637,TS,TS,Hendrik,Professional,276
3620,368641,TS,TS,Osdorp,Professional,NULL
3624,368649,TS,TS,Amstelveen,Professional,423
3628,368655,TS,TS,Willem,Professional,261
3632,368663,AL,RV,Amstelveen,Professional,699
3636,368666,TS,TS,Dirk,Professional,NULL
3640,368669,HV,HV,Teunis,Professional,NULL
3644,368682,TS,TS,Hendrik,Professional,209
3648,368687,TS,TS,Nico,Professional,381
3652,368689,TS,TS,Hendrik,Professional,336
3656,368694,TS,TS,Willem,Professional,754
3660,368715,TS,TS,Nico,Professional,198
3664,368723,AL,RV,Pieter,Professional,NULL
3668,368737,TS,TS,Diemen,Volunteer,341
3672,368742,AL,AL,Anton,Professional,NULL
3676,368745,TS,TS,Teunis,Professional,201
3680,368755,TS,TS,Zebra,Professional,285
3684,368776,AL,RV,Amstelveen,Professional,454
3688,368780,AL,RV,Victor,Professional,317
3692,368784,AL,RV,Willem,Professional,77
3696,368791,AL,RV,Pieter,Professional,356
3700,368796,AL,RV,Teunis,Professional,1063
3704,368801,TS,TS,Pieter,Professional,NULL
3708,368806,TS,TS,Amstelveen Vrijwillig,Volunteer,370
3712,368857,TS,TS,Uithoorn,Volunteer,NULL
3716,368906,AL,RV,Amstelveen,Professional,420
3720,368935,AL,RV,Hendrik,Professional,716
3724,368938,AL,RV,Willem,Professional,671
3728,368942,AL,RV,Hendrik,Professional,159
3732,368947,TS,TS,Pieter,Professional,214
3736,368951,TS,TS,Willem,Professional,213
3740,369034,AL,RV,Dirk,Professional,554
3744,369920,TS,TS,Amstelveen Vrijwillig,Volunteer,-2
3748,370322,AL,RV,Pieter,Professional,NULL
3752,370324,AL,RV,Nico,Professional,323
3756,370355,AL,RV,Willem,Professional,768
3760,370406,AL,RV,Hendrik,Professional,312
3764,372190,AL,RV,Pieter,Professional,813
3768,372200,TS,TS,Duivendrecht,Volunteer,391
3772,372238,TS,TS,Duivendrecht,Volunteer,132
3776,373177,AL,RV,Teunis,Professional,479
3780,373311,TS,TS,Teunis,Professional,760
3784,373321,AL,RV,Teunis,Professional,NULL
3788,373330,TS,TS,Osdorp,Professional,301
3792,373343,TS,TS,Willem,Professional,398
3796,373353,TS,TS,Hendrik,Professional,184
3800,373364,TS,TS,Osdorp,Professional,169
3804,373396,TS,TS,Uithoorn,Volunteer,182
3808,373415,TS,TS,Dirk,Professional,401
3812,375003,TS,TS,Pieter,Professional,131
3816,375975,AL,RV,Dirk,Professional,1267
3820,376677,TS,TS,Osdorp,Professional,161
3824,378095,TS,TS,IJsbrand,Professional,414
3828,379241,TS,TS,Aalsmeer,Volunteer,NULL
3832,380021,TS,TS,Dirk,Professional,283
3836,380223,TS,TS,Willem,Professional,467
3840,380846,TS,TS,Uithoorn,Volunteer,343
3844,381042,TS,TS,Dirk,Professional,439
3848,381737,WO,WO,Nico,Professional,448
3852,382464,TS,TS,Hendrik,Professional,1
3856,382671,AL,RV,Teunis,Professional,857
3860,382913,AL,RV,Hendrik,Professional,1
3864,383570,AL,RV,Dirk,Professional,446
3868,383696,AL,RV,Nico,Professional,279
3872,383873,AL,RV,Willem,Professional,460
3876,384543,TS,TS,Victor,Professional,465
3880,386209,AL,RV,Hendrik,Professional,117
3884,387280,AL,AL,Willem,Professional,708
3888,388570,AL,RV,Willem,Professional,285
3892,390458,TS,TS,Nico,Professional,629
3896,391349,TS,TS,Amstelveen Vrijwillig,Volunteer,424
3900,391373,AL,RV,Victor,Professional,854
3904,391386,AL,AL,Hendrik,Professional,1330
3908,391390,TS,TS,Dirk,Professional,161
3912,391397,TS,TS,Aalsmeer,Volunteer,303
3916,391401,AL,RV,Victor,Professional,686
3920,391412,TS,TS,Driemond,Volunteer,519
3924,391422,TS,TS,Osdorp,Professional,392
3928,391427,TS,TS,Driemond,Volunteer,697
3932,391439,AL,RV,Teunis,Professional,1320
3936,391444,AL,RV,Nico,Professional,800
3940,391465,AL,RV,Teunis,Professional,1
3944,391472,TS,TS,Teunis,Professional,236
3948,391482,TS,TS,Nico,Professional,NULL
3952,391485,AL,RV,Willem,Professional,464
3956,391492,TS,TS,Pieter,Professional,295
3960,391497,TS,TS,Dirk,Professional,362
3964,391506,TS,TS,Dirk,Professional,580
3968,391509,AL,RV,Victor,Professional,306
3972,391576,AL,RV,Pieter,Professional,847
3976,391864,AL,RV,Teunis,Professional,NULL
3980,391871,TS,TS,Hendrik,Professional,474
3984,391885,AL,RV,Dirk,Professional,98
3988,391899,AL,RV,Dirk,Professional,101
3992,391912,AL,AL,Amstelveen,Professional,245
3996,392012,TS,TS,Osdorp,Professional,NULL
4000,392661,AL,AL,Victor,Professional,138
