Date,Hour,grid_id,has_building,Gemiddelde Bouwjaar,Voor 1860,1860-1919,1920-1939,1940-1969,1970-1985,1986-2001,Na 2001
2019-02-10,22,11702,True,2010.0,0.0,0.0,0.0,0.0,0.0,0.0,1.0
2020-02-16,8,7934,True,1927.75,0.0,0.0,4.0,0.0,0.0,0.0,0.0
2022-01-31,9,9142,True,1929.333,1.0,2.0,1.0,0.0,0.0,1.0,1.0
2022-02-21,14,10854,True,1859.167,5.0,1.0,0.0,0.0,0.0,0.0,0.0
2023-05-30,15,8982,True,1961.714,0.0,2.0,0.0,0.0,0.0,5.0,0.0
2007-12-05,12,13218,True,1999.5,0.0,0.0,0.0,0.0,0.0,1.0,1.0
2018-01-29,14,10001,True,1892.062,9.0,3.0,1.0,0.0,1.0,1.0,1.0
2008-01-31,13,11875,True,1920.1,0.0,9.0,1.0,0.0,0.0,0.0,0.0
2007-01-20,8,9840,True,1938.933,6.0,0.0,0.0,0.0,2.0,3.0,4.0
2023-07-05,13,12017,True,2011.0,0.0,0.0,0.0,0.0,0.0,0.0,1.0
2023-07-05,13,4892,True,2001.455,0.0,0.0,0.0,0.0,1.0,0.0,10.0
2022-02-18,15,12402,True,1948.667,0.0,0.0,6.0,4.0,0.0,0.0,2.0
2022-02-19,11,12401,True,1976.75,0.0,0.0,0.0,2.0,0.0,1.0,1.0
2020-02-16,15,7963,True,1955.444,0.0,0.0,2.0,6.0,0.0,0.0,1.0
2019-01-08,9,14956,True,1985.0,0.0,0.0,0.0,0.0,2.0,0.0,0.0
2020-02-09,15,9648,True,1937.667,0.0,0.0,5.0,0.0,0.0,0.0,1.0
2018-01-18,8,8638,True,1879.571,0.0,7.0,0.0,0.0,0.0,0.0,0.0
2022-02-21,9,9483,True,1909.75,1.0,2.0,0.0,0.0,0.0,0.0,1.0
2022-01-31,10,8628,True,1905.375,0.0,7.0,0.0,0.0,0.0,0.0,1.0
2022-02-18,15,12216,True,1977.5,0.0,0.0,0.0,0.0,3.0,1.0,0.0
2022-07-28,16,8462,True,1880.0,0.0,6.0,0.0,0.0,0.0,0.0,0.0
2021-05-04,15,13037,True,1982.0,0.0,0.0,0.0,0.0,8.0,0.0,0.0
2022-02-20,11,8597,True,1970.667,0.0,0.0,0.0,11.0,0.0,0.0,1.0
2022-02-19,9,7786,True,1965.0,0.0,0.0,0.0,2.0,1.0,0.0,0.0
2022-02-20,12,8138,True,1954.0,0.0,0.0,0.0,7.0,0.0,0.0,0.0
2022-02-19,13,13905,True,2007.0,0.0,0.0,0.0,0.0,0.0,0.0,3.0
2022-02-21,11,13889,True,1993.0,0.0,0.0,0.0,0.0,0.0,1.0,0.0
2022-02-18,18,7753,True,1991.083,0.0,0.0,0.0,0.0,0.0,24.0,0.0
2019-07-06,21,12434,True,1978.25,0.0,0.0,0.0,0.0,4.0,0.0,0.0
2022-02-18,19,13378,True,2006.0,0.0,0.0,0.0,0.0,0.0,2.0,3.0
2022-02-18,16,11222,True,1975.977,0.0,0.0,12.0,5.0,3.0,3.0,21.0
2022-02-18,16,9671,True,1959.625,0.0,3.0,0.0,0.0,0.0,1.0,4.0
2022-02-19,12,10517,True,1850.0,2.0,0.0,0.0,0.0,0.0,0.0,0.0
2022-02-19,13,8967,True,1896.889,0.0,8.0,0.0,0.0,1.0,0.0,0.0
2022-02-23,15,5546,True,1966.143,0.0,0.0,0.0,11.0,3.0,0.0,0.0
2018-01-17,14,14449,True,1981.174,0.0,7.0,0.0,2.0,0.0,0.0,14.0
2018-01-18,11,11344,True,1995.5,0.0,0.0,0.0,0.0,0.0,2.0,0.0
2008-03-01,14,8440,True,1966.8,0.0,0.0,0.0,4.0,0.0,1.0,0.0
2012-01-06,13,5751,True,2016.2,0.0,0.0,0.0,0.0,0.0,0.0,10.0
2020-04-26,16,7445,True,1947.429,0.0,0.0,0.0,14.0,0.0,0.0,0.0
2022-02-18,22,3700,True,1981.333,0.0,0.0,0.0,0.0,9.0,0.0,0.0
2022-02-18,18,2507,True,1987.0,0.0,0.0,0.0,0.0,0.0,3.0,0.0
2018-01-18,10,10693,True,2002.0,0.0,0.0,0.0,0.0,0.0,0.0,1.0
2008-03-01,13,12242,True,1965.4,0.0,0.0,0.0,5.0,0.0,0.0,0.0
2018-02-26,14,8481,True,2011.0,0.0,0.0,0.0,0.0,0.0,0.0,2.0
2023-07-09,15,11671,True,2005.5,0.0,0.0,0.0,0.0,0.0,0.0,2.0
2022-02-28,10,3710,True,1985.0,0.0,0.0,0.0,0.0,1.0,0.0,0.0
2020-02-17,18,11054,True,1938.333,0.0,0.0,1.0,2.0,0.0,0.0,0.0
2018-01-18,10,13055,True,2008.0,0.0,0.0,0.0,0.0,0.0,0.0,1.0
2020-02-10,8,12400,True,1985.0,0.0,0.0,0.0,3.0,1.0,1.0,3.0
2022-02-23,11,12574,True,1928.514,0.0,0.0,37.0,0.0,0.0,0.0,0.0
2022-02-27,15,7275,True,1945.643,0.0,6.0,2.0,2.0,1.0,0.0,3.0
2022-02-19,12,14243,True,2004.0,0.0,0.0,0.0,0.0,0.0,0.0,1.0
2022-04-01,8,9285,True,1960.0,0.0,0.0,0.0,8.0,0.0,0.0,0.0
2022-02-25,14,8938,True,1977.0,0.0,0.0,0.0,3.0,0.0,0.0,1.0
2020-02-11,19,5417,True,1994.5,0.0,0.0,0.0,0.0,1.0,3.0,0.0
2020-02-10,10,13784,True,2006.6,0.0,0.0,0.0,0.0,0.0,3.0,2.0
2018-02-11,13,11209,True,1970.571,0.0,2.0,0.0,1.0,0.0,1.0,3.0
2007-03-18,11,8425,True,1980.1,0.0,0.0,0.0,6.0,0.0,1.0,3.0
2023-11-02,11,10489,True,1959.364,0.0,0.0,0.0,8.0,3.0,0.0,0.0
2022-02-18,17,12741,True,1981.667,0.0,0.0,0.0,1.0,4.0,1.0,0.0
2021-03-11,12,14281,True,1977.733,0.0,0.0,5.0,0.0,0.0,7.0,3.0
2022-01-31,9,4896,True,1989.0,0.0,0.0,0.0,0.0,4.0,3.0,0.0
2022-02-19,11,12718,True,1995.8,0.0,0.0,0.0,0.0,1.0,2.0,2.0
2022-02-19,8,4721,True,2004.5,0.0,0.0,0.0,0.0,0.0,0.0,2.0
2018-01-18,11,4373,True,2001.0,0.0,0.0,0.0,0.0,0.0,1.0,0.0
2011-02-27,9,13919,True,1955.375,0.0,0.0,0.0,8.0,0.0,0.0,0.0
2018-01-18,10,5400,True,1986.333,0.0,0.0,0.0,0.0,2.0,1.0,0.0
2022-02-19,19,7986,True,2010.143,0.0,0.0,0.0,0.0,0.0,0.0,7.0
2021-12-17,14,11881,True,1898.0,0.0,1.0,0.0,0.0,0.0,0.0,0.0
2020-02-23,11,4204,True,1994.6,0.0,0.0,0.0,0.0,0.0,5.0,0.0
2020-02-09,16,8978,True,1850.0,3.0,0.0,0.0,0.0,0.0,0.0,0.0
2020-03-29,18,11213,True,1928.714,0.0,5.0,0.0,0.0,0.0,1.0,1.0
2018-01-24,14,10482,True,1980.778,0.0,0.0,0.0,5.0,0.0,0.0,4.0
2020-02-09,14,9627,True,1964.0,0.0,0.0,0.0,2.0,0.0,0.0,0.0
2020-07-10,13,13387,True,1988.0,0.0,0.0,0.0,0.0,0.0,3.0,0.0
2021-03-13,15,13905,True,2007.0,0.0,0.0,0.0,0.0,0.0,0.0,3.0
2009-09-03,14,13981,True,1996.125,0.0,0.0,0.0,0.0,2.0,4.0,2.0
2020-06-14,12,8091,True,1982.889,0.0,0.0,0.0,8.0,0.0,6.0,4.0
2021-03-11,10,14066,True,1986.0,0.0,0.0,0.0,0.0,3.0,6.0,0.0
2022-05-25,18,7424,True,1987.667,0.0,0.0,1.0,0.0,0.0,0.0,2.0
2012-01-05,11,7756,True,2006.125,0.0,0.0,0.0,3.0,0.0,0.0,13.0
2018-01-18,10,10849,True,1914.0,0.0,3.0,0.0,0.0,0.0,0.0,0.0
2018-09-30,15,9319,True,1850.0,2.0,0.0,0.0,0.0,0.0,0.0,0.0
2017-10-29,10,11362,True,1887.667,0.0,6.0,0.0,0.0,0.0,0.0,0.0
2017-10-30,15,10316,True,1980.0,0.0,0.0,0.0,7.0,0.0,0.0,6.0
2022-02-21,10,12566,True,2000.333,0.0,0.0,0.0,0.0,0.0,2.0,1.0
2020-02-09,14,12923,True,1968.571,0.0,0.0,0.0,5.0,2.0,0.0,0.0
2020-02-09,16,9792,True,1980.154,0.0,0.0,1.0,0.0,8.0,4.0,0.0
2020-02-09,17,8422,True,1988.75,0.0,0.0,0.0,0.0,0.0,8.0,0.0
2020-02-09,16,6923,True,2014.75,0.0,0.0,0.0,0.0,0.0,0.0,4.0
2019-01-07,19,11379,True,1953.0,0.0,3.0,1.0,1.0,0.0,2.0,1.0
2020-10-21,20,14958,True,1994.154,0.0,0.0,0.0,0.0,0.0,11.0,2.0
2018-01-18,10,8959,True,1967.0,0.0,0.0,0.0,1.0,0.0,0.0,0.0
2018-08-02,15,7476,True,1991.667,0.0,0.0,0.0,2.0,0.0,0.0,4.0
2021-03-11,12,7610,True,1930.0,0.0,0.0,5.0,0.0,0.0,0.0,0.0
2021-04-05,15,14091,True,1955.0,0.0,0.0,0.0,11.0,0.0,0.0,0.0
2021-02-07,21,8109,True,1908.714,0.0,6.0,1.0,0.0,0.0,0.0,0.0
2022-02-21,13,10347,True,1915.0,0.0,1.0,0.0,0.0,0.0,0.0,0.0
2011-02-04,14,6239,True,1998.5,0.0,0.0,0.0,0.0,0.0,2.0,0.0
2020-09-24,12,7920,True,1992.0,0.0,0.0,0.0,0.0,0.0,8.0,0.0
2023-03-13,15,8647,True,2000.417,0.0,1.0,1.0,0.0,0.0,0.0,10.0
2021-03-11,12,7941,True,1945.0,0.0,0.0,5.0,0.0,0.0,2.0,0.0
2020-02-09,15,6750,True,1966.5,0.0,0.0,0.0,2.0,0.0,0.0,0.0
2022-02-18,16,8991,True,1950.2,0.0,0.0,3.0,0.0,1.0,1.0,0.0
2022-02-18,16,11572,True,2002.0,0.0,0.0,0.0,0.0,0.0,0.0,1.0
2022-02-21,8,14611,True,1985.5,0.0,0.0,0.0,0.0,3.0,0.0,1.0
2022-02-21,10,11369,True,2008.0,0.0,0.0,0.0,0.0,0.0,0.0,1.0
2021-05-04,11,14272,True,1959.2,0.0,0.0,2.0,8.0,4.0,1.0,0.0
2022-01-31,10,13893,True,1982.0,0.0,0.0,0.0,0.0,2.0,0.0,0.0
2022-02-19,1,6406,True,1987.125,0.0,0.0,0.0,0.0,0.0,8.0,0.0
2018-09-25,14,10989,True,1982.0,0.0,0.0,0.0,0.0,1.0,0.0,0.0
2017-06-06,15,13275,True,1973.083,0.0,0.0,0.0,6.0,5.0,1.0,0.0
2017-06-06,13,10334,True,2003.167,0.0,0.0,0.0,0.0,1.0,1.0,4.0
2020-02-09,17,6413,True,1967.0,0.0,0.0,2.0,0.0,8.0,0.0,0.0
2023-03-25,16,8105,True,1928.0,0.0,0.0,3.0,0.0,0.0,0.0,0.0
2022-03-26,16,8643,True,1952.364,0.0,2.0,0.0,7.0,0.0,0.0,2.0
2022-06-17,9,9315,True,1850.0,2.0,0.0,0.0,0.0,0.0,0.0,0.0
2018-01-18,9,10839,True,1952.909,0.0,0.0,0.0,11.0,0.0,0.0,0.0
2021-01-21,6,12077,True,1991.0,0.0,0.0,0.0,0.0,0.0,1.0,0.0
2017-02-23,16,3368,True,1987.0,0.0,0.0,0.0,0.0,0.0,4.0,0.0
2020-02-23,10,14083,True,1968.0,0.0,0.0,0.0,2.0,0.0,0.0,0.0
2017-10-07,9,12585,True,1967.0,0.0,0.0,0.0,1.0,0.0,0.0,0.0
2018-01-18,8,10000,True,1850.0,12.0,0.0,0.0,0.0,0.0,0.0,0.0
2019-08-10,10,9162,True,1917.667,0.0,2.0,1.0,0.0,0.0,0.0,0.0
2020-03-12,15,13057,True,1964.0,0.0,0.0,0.0,2.0,0.0,0.0,0.0
2020-05-11,13,3716,True,1949.469,0.0,14.0,1.0,7.0,0.0,6.0,4.0
2021-09-01,9,8791,True,1914.0,0.0,2.0,0.0,0.0,0.0,0.0,0.0
2020-02-09,16,9170,True,1948.667,0.0,0.0,0.0,3.0,0.0,0.0,0.0
2013-04-18,17,10485,True,1981.333,0.0,0.0,0.0,1.0,0.0,2.0,0.0
2020-02-09,15,9156,True,1954.0,0.0,0.0,1.0,2.0,0.0,0.0,0.0
2022-02-18,20,14915,True,2002.0,0.0,0.0,0.0,0.0,0.0,0.0,1.0
2022-02-19,9,9329,True,1980.75,0.0,0.0,0.0,0.0,3.0,1.0,0.0
2020-03-29,15,9160,True,1918.4,0.0,4.0,0.0,0.0,1.0,0.0,0.0
2022-02-19,11,13385,True,1991.0,0.0,0.0,0.0,0.0,0.0,2.0,0.0
2021-10-20,9,8283,True,1908.125,0.0,7.0,1.0,0.0,0.0,0.0,0.0
2022-02-06,10,11683,True,2002.6,0.0,0.0,0.0,0.0,0.0,1.0,4.0
2022-02-19,10,12386,True,1976.0,0.0,0.0,0.0,0.0,2.0,0.0,0.0
2022-02-18,15,8982,True,1961.714,0.0,2.0,0.0,0.0,0.0,5.0,0.0
2020-02-16,8,3023,True,1986.25,0.0,0.0,0.0,0.0,7.0,5.0,0.0
2018-01-18,11,9797,True,2002.5,0.0,0.0,0.0,0.0,0.0,3.0,1.0
2018-12-08,11,7614,True,1950.0,0.0,0.0,0.0,1.0,0.0,0.0,0.0
2018-01-18,10,9509,True,1982.667,0.0,0.0,0.0,1.0,0.0,2.0,0.0
2021-03-11,14,13911,True,2001.0,0.0,0.0,0.0,0.0,0.0,1.0,1.0
2011-02-27,11,14441,True,1978.25,0.0,0.0,0.0,1.0,2.0,1.0,0.0
2022-02-18,15,12036,True,1974.0,0.0,0.0,0.0,0.0,1.0,0.0,0.0
2022-03-25,9,9848,True,1997.0,0.0,0.0,0.0,0.0,0.0,1.0,0.0
2020-02-09,18,6240,True,1956.25,0.0,0.0,2.0,0.0,1.0,1.0,0.0
2022-02-19,16,11216,True,1976.0,0.0,0.0,2.0,0.0,1.0,6.0,0.0
2018-08-09,21,10523,True,2004.0,0.0,0.0,0.0,0.0,0.0,0.0,3.0
2022-02-18,16,3348,True,1984.75,0.0,0.0,0.0,0.0,2.0,2.0,0.0
2017-05-09,20,13559,True,2002.0,0.0,0.0,0.0,0.0,0.0,0.0,2.0
2022-02-18,16,10850,True,1942.714,0.0,4.0,0.0,0.0,0.0,3.0,0.0
2018-01-18,20,8108,True,1906.333,0.0,6.0,0.0,0.0,0.0,0.0,0.0
2022-02-19,20,12696,True,1982.0,0.0,0.0,0.0,0.0,8.0,0.0,0.0
2018-03-01,12,4373,True,2001.0,0.0,0.0,0.0,0.0,0.0,1.0,0.0
2022-02-18,16,6226,True,1931.333,0.0,6.0,0.0,0.0,1.0,2.0,0.0
2018-01-03,15,12410,True,1968.8,0.0,0.0,0.0,5.0,0.0,0.0,0.0
2022-02-18,17,5757,True,1980.6,0.0,0.0,0.0,0.0,5.0,0.0,0.0
2022-02-19,17,14651,True,2006.0,0.0,0.0,0.0,0.0,0.0,0.0,3.0
2022-02-18,17,10343,True,1850.0,13.0,0.0,0.0,0.0,0.0,0.0,0.0
2022-02-18,19,5407,True,2002.9,0.0,0.0,0.0,0.0,1.0,0.0,9.0
2022-02-19,13,12408,True,1983.833,0.0,0.0,0.0,0.0,2.0,3.0,1.0
2023-04-19,18,10481,True,1958.04,0.0,0.0,0.0,24.0,0.0,1.0,0.0
2019-03-16,15,11894,True,1949.179,0.0,0.0,23.0,11.0,1.0,3.0,1.0
2021-03-13,15,7618,True,1983.8,0.0,0.0,0.0,1.0,1.0,3.0,0.0
2022-02-19,20,13380,True,1982.0,0.0,0.0,0.0,0.0,1.0,0.0,0.0
2022-02-18,15,2497,True,2007.0,0.0,0.0,0.0,0.0,0.0,0.0,5.0
2018-08-09,21,9311,True,1896.667,0.0,6.0,0.0,0.0,0.0,0.0,0.0
2019-02-07,14,14123,True,1900.0,0.0,1.0,0.0,0.0,0.0,0.0,0.0
2023-01-12,18,8447,True,1931.0,0.0,0.0,1.0,0.0,0.0,0.0,0.0
2019-03-09,15,8127,True,1925.8,0.0,3.0,1.0,0.0,0.0,0.0,1.0
2020-02-23,13,8969,True,1892.0,0.0,11.0,0.0,0.0,1.0,0.0,0.0
2023-07-05,18,11050,True,1944.4,1.0,1.0,0.0,0.0,0.0,3.0,0.0
2023-07-05,18,11870,True,1980.0,0.0,0.0,0.0,0.0,1.0,0.0,0.0
2008-11-21,12,11500,True,1900.0,0.0,1.0,0.0,0.0,0.0,0.0,0.0
2022-02-18,16,13378,True,2006.0,0.0,0.0,0.0,0.0,0.0,2.0,3.0
2023-04-10,12,5237,True,1997.625,0.0,0.0,0.0,0.0,0.0,16.0,0.0
2023-04-10,12,7644,True,2015.532,0.0,0.0,0.0,0.0,0.0,0.0,47.0
2019-06-11,16,8328,True,2006.4,0.0,0.0,0.0,0.0,0.0,0.0,5.0
2020-06-06,16,11196,True,1970.725,8.0,1.0,0.0,0.0,4.0,36.0,2.0
2021-03-11,8,8809,True,1930.5,0.0,4.0,0.0,5.0,0.0,0.0,1.0
2022-02-18,18,14097,True,2007.333,0.0,0.0,0.0,0.0,0.0,1.0,8.0
2022-02-19,8,9005,True,2008.435,0.0,0.0,0.0,0.0,0.0,0.0,23.0
2008-03-01,15,7067,True,2003.0,0.0,0.0,0.0,0.0,0.0,0.0,2.0
2019-03-09,17,4214,True,1972.067,0.0,0.0,0.0,0.0,15.0,0.0,0.0
2011-02-05,9,13253,True,2012.0,0.0,0.0,0.0,0.0,0.0,0.0,5.0
2020-03-29,13,4032,True,2001.667,0.0,0.0,0.0,0.0,0.0,1.0,2.0
2018-01-18,16,8807,True,1869.818,8.0,2.0,0.0,0.0,0.0,1.0,0.0
2022-02-18,15,8078,True,1994.667,0.0,0.0,0.0,0.0,0.0,3.0,0.0
2022-02-21,10,5065,True,2002.5,0.0,0.0,0.0,0.0,0.0,3.0,3.0
2022-02-20,13,5583,True,1976.0,0.0,0.0,0.0,0.0,2.0,0.0,0.0
2023-04-01,15,7618,True,1983.8,0.0,0.0,0.0,1.0,1.0,3.0,0.0
2023-04-19,13,10367,True,2016.7,0.0,0.0,0.0,0.0,0.0,0.0,10.0
2012-11-25,12,10829,True,1967.2,0.0,0.0,0.0,7.0,1.0,0.0,2.0
2022-08-12,13,3369,True,1986.0,0.0,0.0,0.0,0.0,0.0,1.0,0.0
2020-02-09,14,14479,True,2006.0,0.0,0.0,0.0,0.0,0.0,0.0,1.0
2020-02-09,18,9146,True,1850.0,2.0,0.0,0.0,0.0,0.0,0.0,0.0
2020-02-09,23,9818,True,1960.5,0.0,2.0,0.0,0.0,0.0,0.0,2.0
2019-03-11,14,9977,True,2016.0,0.0,0.0,0.0,0.0,0.0,0.0,2.0
2022-06-06,12,6560,True,1992.0,0.0,0.0,0.0,0.0,0.0,1.0,0.0
2012-01-05,11,7951,True,1926.667,0.0,0.0,12.0,0.0,0.0,0.0,0.0
2020-02-09,17,10028,True,2000.0,0.0,0.0,0.0,0.0,0.0,1.0,1.0
2019-02-09,17,11522,True,1998.0,0.0,0.0,0.0,0.0,0.0,1.0,1.0
2021-03-15,13,12381,True,1995.6,0.0,0.0,0.0,0.0,0.0,5.0,0.0
2017-09-13,16,9163,True,1935.0,0.0,1.0,3.0,0.0,1.0,0.0,0.0
2018-02-08,12,14808,True,1903.333,0.0,3.0,0.0,0.0,0.0,0.0,0.0
2018-05-01,10,7428,True,1947.4,0.0,0.0,1.0,4.0,0.0,0.0,0.0
2020-02-09,17,8793,True,1896.875,0.0,7.0,0.0,0.0,0.0,1.0,0.0
2020-02-10,12,11534,True,2004.0,0.0,0.0,0.0,0.0,0.0,0.0,4.0
2022-01-31,15,7757,True,2015.944,0.0,0.0,0.0,0.0,0.0,0.0,18.0
2020-02-23,11,9971,True,1997.667,0.0,0.0,0.0,0.0,1.0,1.0,1.0
2022-02-20,15,13903,True,1984.0,0.0,0.0,0.0,0.0,2.0,0.0,0.0
2022-02-18,17,14655,True,2006.0,0.0,0.0,0.0,0.0,0.0,0.0,3.0
2018-01-18,11,9818,True,1960.5,0.0,2.0,0.0,0.0,0.0,0.0,2.0
2022-02-19,16,10002,True,1850.0,6.0,0.0,0.0,0.0,0.0,0.0,0.0
2022-01-31,11,7618,True,1983.8,0.0,0.0,0.0,1.0,1.0,3.0,0.0
2022-05-27,17,9648,True,1937.667,0.0,0.0,5.0,0.0,0.0,0.0,1.0
2017-09-13,12,9828,True,1850.0,4.0,0.0,0.0,0.0,0.0,0.0,0.0
2023-03-13,15,6908,True,2007.0,0.0,0.0,0.0,0.0,0.0,0.0,1.0
2022-11-02,19,10169,True,1850.0,1.0,0.0,0.0,0.0,0.0,0.0,0.0
2023-01-13,10,8422,True,1988.75,0.0,0.0,0.0,0.0,0.0,8.0,0.0
2018-01-18,10,7738,True,1996.0,0.0,0.0,0.0,0.0,0.0,1.0,0.0
2019-02-09,12,11038,True,1910.0,0.0,3.0,0.0,0.0,0.0,0.0,0.0
2019-03-16,13,9663,True,1914.429,4.0,0.0,0.0,0.0,0.0,2.0,1.0
2020-02-09,11,4887,True,1985.0,0.0,0.0,0.0,0.0,1.0,0.0,0.0
2020-02-09,13,10832,True,1985.5,0.0,0.0,0.0,0.0,1.0,1.0,0.0
2021-03-11,12,10018,True,1999.667,0.0,0.0,0.0,0.0,0.0,3.0,0.0
2022-02-18,16,5233,True,2009.111,0.0,0.0,0.0,0.0,1.0,0.0,8.0
2023-05-20,19,10530,True,1944.667,0.0,2.0,2.0,0.0,0.0,2.0,0.0
2018-02-11,16,9653,True,1912.5,0.0,3.0,0.0,0.0,0.0,0.0,1.0
2021-03-11,16,7107,True,2003.0,0.0,0.0,0.0,0.0,0.0,0.0,2.0
2022-02-18,15,10671,True,1941.6,0.0,0.0,2.0,3.0,0.0,0.0,0.0
2022-02-19,15,10679,True,1900.0,0.0,4.0,0.0,0.0,0.0,0.0,0.0
2022-02-21,11,7617,True,1972.143,0.0,0.0,0.0,6.0,0.0,8.0,0.0
2009-11-18,15,8955,True,1963.5,0.0,0.0,0.0,2.0,0.0,0.0,0.0
2013-04-18,14,13106,True,1971.0,0.0,0.0,0.0,0.0,2.0,0.0,0.0
2013-04-19,11,7960,True,1970.0,0.0,0.0,0.0,2.0,0.0,1.0,0.0
2022-07-10,10,11195,True,1908.0,8.0,1.0,1.0,0.0,1.0,3.0,1.0
2019-06-08,13,11376,True,1925.4,0.0,3.0,1.0,1.0,0.0,0.0,0.0
2021-03-11,10,11845,True,1992.2,0.0,0.0,0.0,0.0,3.0,6.0,1.0
2022-02-18,15,12380,True,1991.182,0.0,0.0,0.0,0.0,1.0,9.0,1.0
2022-02-18,17,7593,True,1999.4,0.0,0.0,0.0,0.0,0.0,14.0,1.0
2022-02-19,12,8262,True,1982.727,0.0,0.0,0.0,3.0,3.0,4.0,1.0
2022-09-18,13,11031,True,1920.25,1.0,0.0,1.0,2.0,0.0,0.0,0.0
2020-08-27,10,12910,True,1993.75,0.0,0.0,0.0,0.0,0.0,3.0,1.0
2022-02-19,9,10511,True,1867.5,11.0,1.0,1.0,0.0,1.0,0.0,0.0
2018-05-15,17,12579,True,1981.167,0.0,0.0,0.0,0.0,3.0,3.0,0.0
2019-03-16,17,13961,True,1989.875,0.0,0.0,0.0,0.0,4.0,4.0,0.0
2020-02-25,14,9655,True,1859.167,5.0,1.0,0.0,0.0,0.0,0.0,0.0
2020-02-25,14,5888,True,1981.333,0.0,0.0,0.0,2.0,0.0,0.0,1.0
2021-10-19,13,11870,True,1980.0,0.0,0.0,0.0,0.0,1.0,0.0,0.0
2022-02-19,11,13055,True,2008.0,0.0,0.0,0.0,0.0,0.0,0.0,1.0
2022-05-04,11,14610,True,1974.0,0.0,0.0,0.0,0.0,1.0,0.0,0.0
2018-03-17,12,4057,True,2010.5,0.0,0.0,0.0,0.0,0.0,0.0,2.0
2022-04-04,12,14113,True,1998.0,0.0,0.0,0.0,0.0,0.0,1.0,0.0
2017-04-15,15,4223,True,1954.0,0.0,0.0,0.0,3.0,0.0,0.0,0.0
2018-05-01,13,6750,True,1966.5,0.0,0.0,0.0,2.0,0.0,0.0,0.0
2021-03-11,15,7920,True,1992.0,0.0,0.0,0.0,0.0,0.0,8.0,0.0
2022-02-20,17,8946,True,1982.75,0.0,0.0,0.0,2.0,0.0,2.0,0.0
2023-04-11,10,10990,True,1989.0,0.0,0.0,0.0,0.0,0.0,2.0,0.0
2022-02-19,20,7598,True,1931.333,0.0,0.0,3.0,0.0,0.0,0.0,0.0
2021-08-29,10,13741,True,1975.333,0.0,0.0,0.0,1.0,2.0,0.0,0.0
2020-02-09,16,6418,True,1959.0,0.0,0.0,0.0,5.0,0.0,0.0,0.0
2020-02-09,18,9846,True,1905.0,0.0,3.0,0.0,0.0,0.0,0.0,0.0
2022-02-21,13,10661,True,1985.875,0.0,0.0,0.0,2.0,1.0,5.0,0.0
2022-02-18,16,5755,True,1985.75,0.0,0.0,0.0,0.0,3.0,17.0,0.0
2020-02-09,14,6762,True,1997.0,0.0,0.0,0.0,0.0,0.0,1.0,0.0
2023-01-04,14,13386,True,1990.25,0.0,0.0,0.0,0.0,0.0,4.0,0.0
2009-09-18,18,10994,True,1967.909,0.0,0.0,0.0,8.0,0.0,1.0,2.0
2022-02-16,18,9105,True,2002.25,0.0,0.0,0.0,0.0,0.0,1.0,3.0
2019-02-09,12,12368,True,1984.0,0.0,0.0,0.0,0.0,1.0,0.0,0.0
2020-02-09,11,10328,True,1910.0,0.0,1.0,0.0,0.0,0.0,0.0,0.0
2018-07-28,14,13057,True,1964.0,0.0,0.0,0.0,2.0,0.0,0.0,0.0
2018-07-28,18,9294,True,1957.0,0.0,0.0,0.0,1.0,0.0,0.0,0.0
2018-12-21,13,9657,True,1857.857,6.0,1.0,0.0,0.0,0.0,0.0,0.0
2019-08-10,15,13243,True,1948.5,0.0,0.0,1.0,7.0,0.0,0.0,0.0
2021-04-05,11,11392,True,1939.25,0.0,0.0,2.0,6.0,0.0,0.0,0.0
2007-01-20,14,2851,True,1987.625,0.0,0.0,0.0,0.0,3.0,5.0,0.0
2022-02-20,21,13219,True,1997.5,0.0,0.0,0.0,0.0,0.0,2.0,0.0
2022-02-20,23,13732,True,1988.8,0.0,0.0,0.0,0.0,4.0,0.0,1.0
2020-02-10,15,12071,True,1939.286,0.0,0.0,8.0,6.0,0.0,0.0,0.0
2020-02-24,18,7255,True,1945.333,0.0,0.0,5.0,0.0,0.0,0.0,1.0
2022-02-20,9,7438,True,1929.333,0.0,0.0,6.0,0.0,0.0,0.0,0.0
2007-01-20,14,7082,True,1986.75,0.0,0.0,0.0,1.0,0.0,3.0,0.0
2022-02-18,16,7237,True,1990.429,0.0,0.0,0.0,1.0,0.0,13.0,0.0
2011-02-04,11,11209,True,1970.571,0.0,2.0,0.0,1.0,0.0,1.0,3.0
2018-01-18,9,8950,True,1956.0,0.0,0.0,0.0,1.0,0.0,0.0,0.0
2021-02-09,15,12889,True,1988.5,0.0,0.0,0.0,0.0,1.0,5.0,0.0
2021-03-11,11,3013,True,1976.0,0.0,0.0,0.0,0.0,1.0,0.0,0.0
2022-02-18,15,8982,True,1961.714,0.0,2.0,0.0,0.0,0.0,5.0,0.0
2022-02-19,13,8474,True,1949.5,1.0,0.0,1.0,0.0,0.0,1.0,1.0
2022-02-19,20,10190,True,1998.333,0.0,0.0,0.0,0.0,0.0,6.0,0.0
2022-02-22,13,15161,True,1983.25,0.0,0.0,0.0,0.0,3.0,1.0,0.0
2020-03-29,15,10884,True,1940.0,0.0,0.0,0.0,2.0,0.0,0.0,0.0
2021-03-11,9,5061,True,2012.0,0.0,0.0,0.0,0.0,0.0,0.0,1.0
2021-03-11,17,13052,True,1990.0,0.0,0.0,0.0,0.0,0.0,1.0,0.0
2022-02-19,12,4373,True,2001.0,0.0,0.0,0.0,0.0,0.0,1.0,0.0
2022-02-19,14,7616,True,2018.0,0.0,0.0,0.0,0.0,0.0,0.0,3.0
2022-02-21,8,10128,True,1954.333,0.0,0.0,3.0,0.0,3.0,0.0,0.0
2022-02-21,8,10997,True,1972.077,0.0,0.0,0.0,9.0,0.0,0.0,4.0
2022-03-04,15,11846,True,1999.467,0.0,0.0,0.0,0.0,1.0,9.0,5.0
2018-04-29,23,14238,True,1993.4,0.0,0.0,0.0,0.0,0.0,10.0,0.0
2022-02-19,11,10853,True,1855.5,9.0,1.0,0.0,0.0,0.0,0.0,0.0
2022-02-19,19,3864,True,1988.667,0.0,0.0,0.0,0.0,3.0,5.0,1.0
2022-02-19,21,9664,True,1924.0,1.0,0.0,0.0,0.0,0.0,1.0,0.0
2022-02-20,11,7625,True,2008.0,0.0,0.0,0.0,0.0,0.0,0.0,1.0
2012-01-03,12,12257,True,1996.0,0.0,0.0,0.0,0.0,0.0,4.0,0.0
2018-01-24,15,14611,True,1985.5,0.0,0.0,0.0,0.0,3.0,0.0,1.0
2020-02-09,18,7446,True,1947.76,0.0,0.0,0.0,25.0,0.0,0.0,0.0
2017-05-27,10,4893,True,2004.667,0.0,0.0,0.0,0.0,0.0,3.0,3.0
2022-02-21,10,13593,True,1963.211,0.0,0.0,0.0,15.0,0.0,0.0,4.0
2008-03-01,8,6925,True,1972.882,0.0,0.0,0.0,11.0,1.0,0.0,5.0
2021-03-13,19,9281,True,1982.769,0.0,1.0,1.0,0.0,0.0,11.0,0.0
2022-02-20,15,9811,True,1994.0,0.0,0.0,0.0,1.0,0.0,0.0,2.0
2022-02-25,16,9154,True,1858.0,3.0,2.0,0.0,0.0,0.0,0.0,0.0
2012-01-05,14,12738,True,1953.0,0.0,1.0,0.0,0.0,0.0,0.0,1.0
2022-02-21,14,6928,True,1983.0,0.0,0.0,0.0,2.0,0.0,0.0,1.0
2022-02-22,16,5380,True,1962.455,0.0,0.0,0.0,11.0,0.0,0.0,0.0
2022-02-24,17,8107,True,1906.667,0.0,6.0,0.0,0.0,0.0,0.0,0.0
2023-07-06,15,14087,True,1995.0,0.0,0.0,0.0,0.0,0.0,6.0,0.0
2019-08-26,15,12718,True,1995.8,0.0,0.0,0.0,0.0,1.0,2.0,2.0
2021-07-18,14,13266,True,1986.4,0.0,0.0,0.0,0.0,2.0,3.0,0.0
2022-02-18,16,3008,True,1987.0,0.0,0.0,0.0,0.0,1.0,1.0,0.0
2017-02-23,16,9332,True,1932.0,0.0,4.0,0.0,0.0,0.0,0.0,1.0
2022-02-21,15,12714,True,1998.0,0.0,0.0,0.0,1.0,0.0,0.0,3.0
2018-01-22,9,4034,True,1987.0,0.0,0.0,0.0,0.0,5.0,0.0,1.0
2018-05-01,16,11006,True,1957.467,0.0,0.0,0.0,13.0,2.0,0.0,0.0
2023-03-13,14,11501,True,1900.0,0.0,1.0,0.0,0.0,0.0,0.0,0.0
2022-02-18,19,13734,True,2007.0,0.0,0.0,0.0,0.0,0.0,0.0,1.0
2020-02-16,16,13933,True,1922.244,0.0,0.0,45.0,0.0,0.0,0.0,0.0
2022-01-31,7,14451,True,1947.711,0.0,7.0,5.0,20.0,5.0,0.0,1.0
2018-01-18,14,3193,True,1982.0,0.0,0.0,0.0,0.0,1.0,0.0,0.0
2020-05-01,16,12892,True,1958.0,0.0,0.0,0.0,1.0,0.0,0.0,0.0
2022-02-21,9,9506,True,1997.4,0.0,0.0,0.0,0.0,1.0,1.0,3.0
2018-03-18,17,6247,True,1962.0,0.0,0.0,0.0,1.0,0.0,0.0,0.0
2012-01-05,16,13929,True,2018.0,0.0,0.0,0.0,0.0,0.0,0.0,1.0
2022-02-18,17,12086,True,1988.0,0.0,0.0,0.0,0.0,0.0,4.0,0.0
2020-02-29,14,7947,True,1925.4,0.0,1.0,3.0,1.0,0.0,0.0,0.0
2021-02-07,10,8267,True,1962.765,0.0,0.0,0.0,14.0,2.0,0.0,1.0
2020-02-09,18,4895,True,1995.667,0.0,0.0,0.0,0.0,1.0,1.0,1.0
2023-10-29,14,14582,True,2010.0,0.0,0.0,0.0,0.0,0.0,0.0,1.0
2022-02-18,18,9658,True,1850.0,4.0,0.0,0.0,0.0,0.0,0.0,0.0
2022-02-20,17,8155,True,2006.471,0.0,0.0,0.0,0.0,0.0,0.0,17.0
2020-02-09,17,2502,True,1984.0,0.0,0.0,0.0,0.0,4.0,0.0,0.0
2022-02-20,17,6041,True,1900.0,0.0,4.0,0.0,0.0,0.0,0.0,0.0
2022-02-20,17,9649,True,1936.0,0.0,4.0,1.0,0.0,0.0,1.0,1.0
2021-03-11,12,11879,True,1896.0,0.0,1.0,0.0,0.0,0.0,0.0,0.0
2022-01-31,17,9830,True,1850.0,14.0,0.0,0.0,0.0,0.0,0.0,0.0
2022-02-18,16,8271,True,1997.333,0.0,0.0,0.0,0.0,0.0,3.0,3.0
2020-02-09,15,13746,True,1962.0,0.0,0.0,0.0,4.0,0.0,0.0,0.0
2021-02-09,17,8274,True,1968.5,0.0,0.0,0.0,2.0,0.0,0.0,0.0
2022-02-21,9,12180,True,2007.4,0.0,0.0,0.0,0.0,0.0,0.0,5.0
2022-02-23,16,9647,True,1926.0,0.0,0.0,2.0,0.0,0.0,0.0,0.0
2007-01-20,17,10317,True,1982.067,0.0,0.0,0.0,8.0,0.0,0.0,7.0
2012-04-03,16,12033,True,1974.667,0.0,0.0,0.0,0.0,3.0,0.0,0.0
2020-02-09,14,10025,True,2004.0,0.0,0.0,0.0,0.0,0.0,0.0,1.0
2021-03-11,11,10856,True,1889.0,5.0,1.0,0.0,0.0,0.0,2.0,0.0
2021-12-01,6,7284,True,1970.7,0.0,0.0,4.0,0.0,0.0,5.0,1.0
2022-09-17,14,14099,True,1999.0,0.0,0.0,0.0,0.0,1.0,1.0,3.0
2023-03-13,12,10858,True,1956.333,1.0,0.0,0.0,0.0,0.0,0.0,2.0
2022-02-21,11,10845,True,1944.333,0.0,0.0,2.0,1.0,0.0,0.0,0.0
2019-03-16,14,14107,True,1968.667,0.0,6.0,5.0,0.0,2.0,11.0,6.0
2020-06-18,12,12537,True,2011.5,0.0,0.0,0.0,0.0,0.0,0.0,2.0
2021-01-21,10,6934,True,2001.769,0.0,0.0,0.0,0.0,1.0,3.0,9.0
2023-09-18,18,4030,True,1990.2,0.0,0.0,0.0,0.0,0.0,5.0,0.0
2019-03-11,16,12373,True,1989.0,0.0,0.0,0.0,0.0,0.0,3.0,0.0
2020-02-09,15,14239,True,1994.429,0.0,0.0,0.0,0.0,0.0,7.0,0.0
2020-02-09,15,7761,True,1964.0,0.0,0.0,0.0,7.0,2.0,0.0,0.0
2018-01-30,16,3538,True,2006.5,0.0,0.0,0.0,0.0,0.0,0.0,2.0
2018-10-02,12,6902,True,1976.0,0.0,0.0,0.0,0.0,1.0,0.0,0.0
2019-03-08,2,12058,True,1932.714,0.0,6.0,0.0,0.0,0.0,0.0,1.0
2022-03-31,23,11014,True,1945.25,0.0,0.0,1.0,3.0,0.0,0.0,0.0
2018-01-18,9,11562,True,1992.5,0.0,0.0,0.0,1.0,0.0,11.0,0.0
2021-07-12,12,8428,True,2002.571,0.0,0.0,0.0,0.0,0.0,2.0,5.0
2022-02-19,9,7077,True,1950.667,0.0,0.0,0.0,6.0,0.0,0.0,0.0
2020-02-09,18,8498,True,2005.5,0.0,0.0,0.0,0.0,0.0,0.0,10.0
2019-11-19,16,13749,True,1977.364,0.0,0.0,0.0,4.0,0.0,6.0,1.0
2022-02-18,21,12189,True,2004.5,0.0,0.0,0.0,0.0,0.0,2.0,2.0
2017-02-23,15,10355,True,2010.0,0.0,0.0,0.0,0.0,0.0,0.0,2.0
2018-01-18,18,9104,True,1985.556,1.0,0.0,0.0,0.0,0.0,5.0,3.0
2022-08-05,20,14305,True,2014.0,0.0,0.0,0.0,0.0,0.0,0.0,3.0
2020-02-16,16,8082,True,1989.412,0.0,0.0,0.0,1.0,0.0,15.0,1.0
2011-12-07,23,8086,True,2003.0,0.0,0.0,0.0,0.0,0.0,1.0,1.0
2018-03-02,9,2839,True,1991.333,0.0,0.0,0.0,0.0,0.0,6.0,0.0
2020-02-09,14,8941,True,1990.0,0.0,0.0,0.0,2.0,0.0,0.0,3.0
2020-02-09,14,11848,True,1989.875,0.0,0.0,0.0,0.0,1.0,7.0,0.0
2020-03-29,16,11524,True,1937.167,4.0,0.0,1.0,0.0,0.0,7.0,0.0
2022-02-19,14,8775,True,1999.0,0.0,0.0,0.0,0.0,0.0,1.0,0.0
2021-03-11,12,12531,True,2006.0,0.0,0.0,0.0,0.0,0.0,0.0,9.0
2022-02-18,19,11195,True,1908.0,8.0,1.0,1.0,0.0,1.0,3.0,1.0
2022-02-18,17,13045,True,1991.0,0.0,0.0,0.0,0.0,0.0,1.0,0.0
2022-02-18,16,9827,True,1850.0,2.0,0.0,0.0,0.0,0.0,0.0,0.0
2021-05-04,12,8135,True,1915.857,0.0,4.0,3.0,0.0,0.0,0.0,0.0
2022-02-01,17,10340,True,1850.0,4.0,0.0,0.0,0.0,0.0,0.0,0.0
2022-02-19,11,14093,True,1949.0,0.0,0.0,0.0,4.0,0.0,0.0,0.0
2022-02-19,13,6741,True,2013.0,0.0,0.0,0.0,0.0,0.0,0.0,1.0
2022-02-18,17,3710,True,1985.0,0.0,0.0,0.0,0.0,1.0,0.0,0.0
2022-02-19,11,8448,True,1922.2,0.0,3.0,1.0,1.0,0.0,0.0,0.0
2021-03-11,12,7770,True,1928.0,0.0,0.0,4.0,0.0,0.0,0.0,0.0
2021-06-14,22,4386,True,1974.429,0.0,0.0,0.0,0.0,13.0,0.0,1.0
2022-02-18,23,8124,True,1902.312,0.0,12.0,3.0,1.0,0.0,0.0,0.0
2018-03-17,16,14789,True,1975.519,0.0,1.0,5.0,4.0,0.0,13.0,4.0
2021-03-11,9,14402,True,2001.5,0.0,0.0,0.0,0.0,0.0,1.0,1.0
2022-02-18,14,4399,True,1982.0,0.0,0.0,0.0,0.0,1.0,0.0,0.0
2022-06-04,20,13377,True,1993.5,0.0,0.0,0.0,0.0,0.0,2.0,0.0
2020-02-09,16,2338,True,1987.0,0.0,0.0,0.0,0.0,0.0,5.0,0.0
2023-03-13,16,10514,True,1850.0,10.0,0.0,0.0,0.0,0.0,0.0,0.0
2019-12-10,23,13033,True,2009.0,0.0,0.0,0.0,0.0,0.0,0.0,1.0
2020-02-10,14,14086,True,1995.0,0.0,0.0,0.0,0.0,0.0,9.0,0.0
2017-06-07,15,5076,True,1934.0,0.0,0.0,1.0,0.0,0.0,0.0,0.0
2020-02-09,11,9155,True,1879.0,1.0,1.0,0.0,0.0,0.0,0.0,0.0
2021-01-21,4,14230,True,2008.0,0.0,0.0,0.0,0.0,0.0,0.0,1.0
2022-02-19,11,8647,True,2000.417,0.0,1.0,1.0,0.0,0.0,0.0,10.0
2022-02-19,14,7914,True,1998.333,0.0,0.0,0.0,0.0,0.0,6.0,0.0
2023-11-02,15,11017,True,1994.0,0.0,0.0,0.0,0.0,1.0,0.0,1.0
2023-11-02,15,10854,True,1859.167,5.0,1.0,0.0,0.0,0.0,0.0,0.0
2019-01-08,15,13255,True,1972.0,0.0,0.0,0.0,1.0,2.0,0.0,0.0
2019-06-08,11,10503,True,1932.25,0.0,0.0,4.0,0.0,0.0,0.0,0.0
2022-02-24,16,9005,True,2008.435,0.0,0.0,0.0,0.0,0.0,0.0,23.0
2022-09-03,19,13428,True,1999.455,0.0,0.0,0.0,1.0,2.0,2.0,6.0
2019-08-10,13,12724,True,2000.0,0.0,0.0,0.0,0.0,0.0,1.0,0.0
2020-02-09,17,9317,True,1850.0,1.0,0.0,0.0,0.0,0.0,0.0,0.0
2022-02-18,18,8249,True,2000.0,0.0,0.0,0.0,0.0,0.0,1.0,0.0
2022-02-20,18,3687,True,2008.0,0.0,0.0,0.0,0.0,0.0,0.0,1.0
2020-03-10,15,14277,True,1967.122,0.0,3.0,10.0,4.0,1.0,22.0,1.0
2021-03-11,10,13380,True,1982.0,0.0,0.0,0.0,0.0,1.0,0.0,0.0
2021-03-11,16,8950,True,1956.0,0.0,0.0,0.0,1.0,0.0,0.0,0.0
2022-02-18,16,2503,True,1983.6,0.0,0.0,0.0,0.0,5.0,0.0,0.0
2023-03-13,12,13422,True,1989.786,0.0,0.0,0.0,0.0,3.0,11.0,0.0
2023-03-13,15,6070,True,1924.0,0.0,0.0,1.0,0.0,0.0,0.0,0.0
2022-02-18,15,7283,True,1927.483,0.0,0.0,28.0,0.0,1.0,0.0,0.0
2022-02-18,15,8254,True,1990.778,0.0,0.0,0.0,0.0,0.0,17.0,1.0
2023-07-05,10,8263,True,1968.625,0.0,0.0,0.0,6.0,2.0,0.0,0.0
2023-07-05,10,10170,True,1850.0,4.0,0.0,0.0,0.0,0.0,0.0,0.0
2023-11-02,17,10892,True,1967.84,0.0,0.0,6.0,7.0,5.0,5.0,2.0
2017-09-11,20,10140,True,1989.909,0.0,0.0,0.0,4.0,0.0,1.0,6.0
2017-09-13,9,14658,True,2006.0,0.0,0.0,0.0,0.0,0.0,0.0,3.0
2022-02-20,17,13384,True,1990.5,0.0,0.0,0.0,0.0,0.0,2.0,0.0
2022-02-18,16,14282,True,2000.0,0.0,0.0,0.0,0.0,0.0,2.0,0.0
2020-07-31,20,5575,True,1993.0,0.0,0.0,0.0,0.0,0.0,1.0,0.0
2022-02-18,17,7421,True,1951.25,0.0,1.0,0.0,2.0,1.0,0.0,0.0
2022-02-24,12,4374,True,2001.75,0.0,0.0,0.0,0.0,0.0,2.0,2.0
2019-02-07,16,8630,True,1914.7,0.0,9.0,0.0,1.0,0.0,0.0,0.0
2019-02-07,15,10685,True,1850.0,9.0,0.0,0.0,0.0,0.0,0.0,0.0
2022-02-18,15,9311,True,1896.667,0.0,6.0,0.0,0.0,0.0,0.0,0.0
2022-02-18,17,8450,True,1943.0,0.0,1.0,0.0,0.0,1.0,0.0,0.0
2022-02-20,20,14917,True,2008.0,0.0,0.0,0.0,0.0,0.0,0.0,1.0
2022-02-18,16,10361,True,1997.0,0.0,0.0,0.0,0.0,0.0,1.0,0.0
2022-02-18,16,10309,True,1967.6,0.0,0.0,0.0,8.0,0.0,0.0,2.0
2022-02-20,19,13573,True,1957.895,0.0,0.0,0.0,19.0,0.0,0.0,0.0
2018-01-03,11,6939,True,1925.647,0.0,0.0,16.0,1.0,0.0,0.0,0.0
2023-07-05,13,8279,True,1916.864,0.0,17.0,4.0,0.0,1.0,0.0,0.0
2023-07-05,13,9498,True,1958.556,1.0,2.0,0.0,0.0,1.0,5.0,0.0
2017-10-19,14,4205,True,1994.5,0.0,0.0,0.0,0.0,1.0,2.0,1.0
2020-02-09,16,7588,True,1973.0,0.0,0.0,0.0,0.0,2.0,0.0,0.0
2021-03-11,10,11384,True,1943.6,0.0,3.0,0.0,0.0,0.0,0.0,2.0
2022-02-21,14,11872,True,1992.0,0.0,0.0,0.0,0.0,2.0,0.0,1.0
2022-12-24,8,8158,True,2009.0,0.0,0.0,0.0,0.0,0.0,0.0,9.0
2020-03-13,17,11526,True,1982.0,0.0,0.0,0.0,0.0,2.0,0.0,0.0
2021-02-11,16,8431,True,1988.909,0.0,0.0,0.0,0.0,6.0,3.0,2.0
2021-03-13,14,10531,True,1969.75,0.0,1.0,0.0,0.0,0.0,3.0,0.0
2022-02-18,15,11222,True,1975.977,0.0,0.0,12.0,5.0,3.0,3.0,21.0
2022-02-18,16,5410,True,1987.2,0.0,0.0,0.0,0.0,2.0,3.0,0.0
2022-02-19,10,9672,True,1989.0,1.0,0.0,0.0,0.0,0.0,0.0,8.0
2023-01-05,18,11698,True,1977.0,0.0,0.0,0.0,0.0,3.0,0.0,0.0
2023-03-13,14,7430,True,1954.5,0.0,0.0,1.0,6.0,0.0,1.0,0.0
2018-01-18,9,6757,True,1964.5,0.0,0.0,0.0,1.0,1.0,0.0,0.0
2023-04-10,18,3519,True,1983.75,0.0,0.0,0.0,0.0,3.0,1.0,0.0
2023-04-10,18,7438,True,1929.333,0.0,0.0,6.0,0.0,0.0,0.0,0.0
2022-02-18,16,10181,True,1900.2,3.0,0.0,0.0,0.0,2.0,0.0,0.0
2022-02-19,10,9309,True,1977.0,0.0,0.0,1.0,0.0,1.0,4.0,0.0
2018-01-19,14,5380,True,1962.455,0.0,0.0,0.0,11.0,0.0,0.0,0.0
2018-09-23,9,13106,True,1971.0,0.0,0.0,0.0,0.0,2.0,0.0,0.0
2021-03-11,11,9824,True,1894.5,3.0,3.0,0.0,1.0,1.0,0.0,0.0
2012-06-08,21,13102,True,2001.0,0.0,0.0,0.0,0.0,0.0,7.0,0.0
2017-02-23,18,14124,True,1900.0,0.0,1.0,0.0,0.0,0.0,0.0,0.0
2019-03-07,12,7603,True,1938.471,0.0,0.0,15.0,1.0,0.0,0.0,1.0
2017-08-03,16,9643,True,1976.8,0.0,0.0,0.0,0.0,5.0,0.0,0.0
2018-01-24,16,6937,True,2003.0,0.0,0.0,0.0,0.0,0.0,0.0,1.0
2023-03-13,15,8089,True,1988.0,0.0,0.0,0.0,3.0,1.0,0.0,3.0
2019-02-21,11,2511,True,1986.857,0.0,0.0,0.0,0.0,0.0,14.0,0.0
2018-01-18,10,7252,True,1960.5,0.0,0.0,1.0,0.0,0.0,1.0,0.0
2020-02-09,15,4722,True,2007.667,0.0,0.0,0.0,0.0,0.0,0.0,3.0
2018-01-18,10,12432,True,1926.667,0.0,2.0,0.0,0.0,1.0,0.0,0.0
2023-03-13,15,9995,True,1872.0,3.0,2.0,0.0,0.0,0.0,0.0,0.0
2018-01-24,11,8810,True,1938.5,0.0,3.0,3.0,0.0,0.0,0.0,2.0
2021-09-12,18,2510,True,1984.667,0.0,0.0,0.0,0.0,13.0,2.0,0.0
2019-03-17,18,8445,True,1972.0,0.0,0.0,0.0,0.0,1.0,0.0,0.0
2020-03-23,10,12539,True,1984.0,0.0,0.0,0.0,0.0,3.0,0.0,0.0
2021-12-03,14,9160,True,1918.4,0.0,4.0,0.0,0.0,1.0,0.0,0.0
2021-03-11,12,10688,True,1952.0,0.0,1.0,0.0,0.0,0.0,0.0,1.0
2021-12-26,14,12704,True,2001.5,0.0,0.0,0.0,0.0,0.0,1.0,1.0
2023-03-13,12,7795,True,1946.706,0.0,3.0,7.0,0.0,3.0,4.0,0.0
2020-02-11,17,5545,True,1960.154,0.0,0.0,0.0,13.0,0.0,0.0,0.0
2019-03-09,15,12688,True,1998.0,0.0,0.0,0.0,0.0,0.0,4.0,0.0
2023-07-05,19,7106,True,1976.6,0.0,0.0,0.0,0.0,4.0,0.0,1.0
2023-07-05,19,11353,True,1864.444,8.0,0.0,0.0,0.0,1.0,0.0,0.0
2011-02-04,16,5070,True,1969.0,0.0,0.0,0.0,2.0,0.0,0.0,0.0
2019-03-09,16,2159,True,2004.0,0.0,0.0,0.0,0.0,0.0,0.0,1.0
2022-01-31,16,9989,True,1925.333,0.0,1.0,2.0,0.0,0.0,0.0,0.0
2022-02-18,17,8659,True,1955.0,0.0,1.0,0.0,0.0,0.0,0.0,1.0
2020-02-09,15,8982,True,1961.714,0.0,2.0,0.0,0.0,0.0,5.0,0.0
2012-11-25,9,8472,True,1948.6,0.0,3.0,0.0,0.0,1.0,0.0,1.0
2022-02-19,11,8645,True,1963.0,0.0,2.0,2.0,1.0,1.0,0.0,4.0
2020-02-16,16,7071,True,1966.333,0.0,1.0,0.0,0.0,0.0,1.0,1.0
2021-03-11,9,11516,True,1999.5,0.0,0.0,0.0,0.0,0.0,4.0,0.0
2022-02-05,11,13238,True,1977.0,0.0,0.0,0.0,1.0,0.0,1.0,0.0
2022-02-19,10,2676,True,1992.667,0.0,0.0,0.0,0.0,3.0,1.0,2.0
2018-01-18,18,7611,True,1922.5,0.0,0.0,2.0,0.0,0.0,0.0,0.0
2022-04-07,15,9843,True,1953.273,3.0,0.0,1.0,1.0,0.0,0.0,6.0
2021-03-11,12,6727,True,1980.0,0.0,0.0,0.0,0.0,2.0,0.0,0.0
2018-01-18,16,10169,True,1850.0,1.0,0.0,0.0,0.0,0.0,0.0,0.0
2018-08-07,19,8419,True,2009.5,0.0,0.0,0.0,0.0,0.0,0.0,4.0
2019-03-16,16,2678,True,1983.286,0.0,0.0,0.0,0.0,5.0,2.0,0.0
2022-02-24,11,7084,True,1994.714,0.0,0.0,0.0,1.0,1.0,2.0,3.0
2020-06-29,21,13222,True,1986.0,0.0,0.0,0.0,0.0,0.0,1.0,0.0
2022-12-31,13,13762,True,1923.4,0.0,0.0,40.0,0.0,0.0,0.0,0.0
2022-02-18,16,6413,True,1967.0,0.0,0.0,2.0,0.0,8.0,0.0,0.0
2021-10-04,14,12045,True,2000.0,0.0,0.0,0.0,0.0,0.0,1.0,0.0
2022-12-31,12,6578,True,2011.5,0.0,0.0,0.0,0.0,0.0,0.0,2.0
2021-02-07,0,6054,True,1996.0,0.0,0.0,0.0,0.0,0.0,2.0,0.0
2021-03-11,9,11676,True,1993.167,0.0,0.0,0.0,0.0,1.0,4.0,1.0
2022-02-20,14,8660,True,1964.0,0.0,0.0,0.0,6.0,0.0,0.0,0.0
2023-10-03,6,7770,True,1928.0,0.0,0.0,4.0,0.0,0.0,0.0,0.0
2018-01-18,10,11411,True,1981.0,0.0,0.0,0.0,0.0,1.0,0.0,0.0
2022-02-18,18,8429,True,1992.8,0.0,0.0,0.0,1.0,0.0,3.0,1.0
2018-05-24,14,10822,True,1990.389,0.0,0.0,0.0,0.0,0.0,18.0,0.0
2019-03-16,17,12058,True,1932.714,0.0,6.0,0.0,0.0,0.0,0.0,1.0
2021-03-11,13,6584,True,1976.333,0.0,0.0,0.0,0.0,3.0,0.0,0.0
2022-02-20,9,11888,True,1921.341,0.0,34.0,6.0,0.0,0.0,0.0,1.0
2022-02-21,9,3191,True,1982.0,0.0,0.0,0.0,0.0,3.0,0.0,0.0
2017-02-24,14,12909,True,1944.5,0.0,1.0,0.0,0.0,0.0,1.0,0.0
2023-03-13,17,7597,True,1932.5,0.0,0.0,7.0,1.0,0.0,0.0,0.0
2018-01-18,11,13544,True,2007.0,0.0,0.0,0.0,0.0,0.0,0.0,5.0
2018-09-21,8,10322,True,1953.462,0.0,0.0,0.0,13.0,0.0,0.0,0.0
2018-01-03,13,7096,True,1940.0,0.0,0.0,4.0,1.0,0.0,0.0,0.0
2013-04-18,18,12416,True,1981.667,0.0,0.0,0.0,4.0,1.0,2.0,2.0
2021-03-11,12,11379,True,1953.0,0.0,3.0,1.0,1.0,0.0,2.0,1.0
2022-02-20,12,14123,True,1900.0,0.0,1.0,0.0,0.0,0.0,0.0,0.0
2022-02-20,21,11896,True,1931.875,0.0,18.0,15.0,5.0,1.0,7.0,2.0
2007-06-03,23,14278,True,1953.885,0.0,20.0,14.0,1.0,3.0,16.0,7.0
2018-01-18,11,13230,True,1993.333,0.0,0.0,0.0,0.0,0.0,3.0,0.0
2019-02-07,15,5757,True,1980.6,0.0,0.0,0.0,0.0,5.0,0.0,0.0
2020-02-10,14,13590,True,1968.25,0.0,0.0,2.0,0.0,0.0,2.0,0.0
2007-01-20,12,5584,True,1977.0,0.0,0.0,0.0,0.0,1.0,0.0,0.0
2018-01-19,12,11545,True,1923.1,0.0,11.0,7.0,2.0,0.0,0.0,0.0
2018-03-28,16,13048,True,2001.0,0.0,0.0,0.0,0.0,0.0,5.0,1.0
2012-06-18,13,7816,True,2013.25,0.0,0.0,0.0,0.0,0.0,0.0,16.0
2020-08-16,12,12926,True,1969.0,0.0,0.0,0.0,2.0,3.0,0.0,0.0
2021-03-13,16,8079,True,1994.632,0.0,0.0,0.0,0.0,0.0,19.0,0.0
2017-08-03,18,12751,True,1992.667,0.0,0.0,0.0,0.0,1.0,2.0,0.0
2018-03-02,12,9469,True,1981.286,0.0,0.0,0.0,4.0,0.0,0.0,3.0
2020-02-09,11,7619,True,1952.0,0.0,0.0,0.0,4.0,0.0,0.0,0.0
2022-01-31,10,11894,True,1949.179,0.0,0.0,23.0,11.0,1.0,3.0,1.0
2021-10-20,14,11217,True,1900.0,0.0,3.0,0.0,0.0,0.0,0.0,0.0
2022-02-18,17,13932,True,1926.2,0.0,0.0,31.0,3.0,0.0,1.0,0.0
2018-01-29,14,12540,True,1992.667,0.0,0.0,0.0,0.0,2.0,0.0,1.0
2017-09-13,13,11573,True,2002.0,0.0,0.0,0.0,0.0,0.0,0.0,1.0
2023-03-13,13,14919,True,2008.0,0.0,0.0,0.0,0.0,0.0,0.0,1.0
2020-02-19,11,13445,True,1958.478,0.0,3.0,7.0,0.0,8.0,4.0,1.0
2021-03-11,15,7769,True,1974.5,0.0,0.0,1.0,0.0,0.0,0.0,1.0
2022-12-30,14,10823,True,1960.333,0.0,0.0,0.0,13.0,0.0,2.0,0.0
2020-08-25,16,14101,True,1928.4,0.0,0.0,23.0,2.0,0.0,0.0,0.0
2022-01-31,10,8496,True,2008.056,0.0,0.0,0.0,0.0,0.0,0.0,18.0
2022-01-31,17,3011,True,2002.5,0.0,0.0,0.0,0.0,0.0,1.0,1.0
2012-11-25,13,14258,True,1995.0,0.0,0.0,0.0,0.0,0.0,3.0,0.0
2008-09-21,18,6233,True,1977.444,0.0,0.0,0.0,6.0,0.0,1.0,2.0
2009-11-14,21,10812,True,1968.4,0.0,0.0,2.0,0.0,0.0,3.0,0.0
2022-04-07,11,10684,True,1850.0,2.0,0.0,0.0,0.0,0.0,0.0,0.0
2018-01-18,11,14808,True,1903.333,0.0,3.0,0.0,0.0,0.0,0.0,0.0
2018-01-18,12,9484,True,1872.222,6.0,2.0,0.0,1.0,0.0,0.0,0.0
2022-02-18,16,2843,True,1976.0,0.0,0.0,0.0,0.0,2.0,0.0,0.0
2018-01-18,10,6765,True,1993.8,0.0,0.0,0.0,0.0,2.0,3.0,0.0
2022-02-21,15,10489,True,1959.364,0.0,0.0,0.0,8.0,3.0,0.0,0.0
2009-05-26,2,9501,True,1929.0,0.0,2.0,0.0,2.0,0.0,0.0,0.0
2022-02-18,18,10327,True,1955.2,0.0,0.0,1.0,3.0,0.0,1.0,0.0
2019-02-04,12,13569,True,1995.0,0.0,0.0,0.0,0.0,0.0,2.0,0.0
2020-08-16,20,13407,True,1965.125,0.0,0.0,0.0,7.0,0.0,0.0,1.0
2007-01-18,17,1472,True,2001.0,0.0,0.0,0.0,0.0,0.0,1.0,0.0
2020-08-26,2,13786,True,1966.188,0.0,0.0,1.0,10.0,3.0,1.0,1.0
2022-01-31,8,7589,True,1994.0,0.0,0.0,0.0,0.0,0.0,2.0,0.0
2023-01-04,15,14083,True,1968.0,0.0,0.0,0.0,2.0,0.0,0.0,0.0
2022-02-18,18,10495,True,2010.0,0.0,0.0,0.0,0.0,0.0,0.0,2.0
2018-01-18,11,9655,True,1859.167,5.0,1.0,0.0,0.0,0.0,0.0,0.0
2018-03-10,12,12576,True,1974.423,1.0,3.0,0.0,1.0,9.0,9.0,3.0
2012-01-06,9,13981,True,1996.125,0.0,0.0,0.0,0.0,2.0,4.0,2.0
2020-02-23,10,13960,True,1985.0,0.0,0.0,0.0,0.0,1.0,0.0,0.0
2018-12-08,12,8805,True,1854.0,4.0,1.0,0.0,0.0,0.0,0.0,0.0
2022-02-06,13,5582,True,1974.0,0.0,0.0,0.0,0.0,1.0,0.0,0.0
2018-01-18,14,7453,True,1985.0,0.0,0.0,0.0,0.0,1.0,0.0,0.0
2021-02-07,13,14920,True,2005.0,0.0,0.0,0.0,0.0,0.0,0.0,4.0
2022-02-10,18,3693,True,1994.75,0.0,0.0,0.0,0.0,0.0,12.0,0.0
2022-02-19,14,11195,True,1908.0,8.0,1.0,1.0,0.0,1.0,3.0,1.0
2020-02-09,15,12611,True,1985.0,0.0,0.0,0.0,0.0,2.0,0.0,0.0
2021-03-11,9,6591,True,1953.0,0.0,0.0,0.0,1.0,0.0,0.0,0.0
2021-05-22,17,9297,True,1971.333,0.0,0.0,0.0,2.0,0.0,1.0,0.0
2022-01-31,9,13914,True,1963.0,0.0,0.0,0.0,11.0,0.0,0.0,0.0
2023-07-05,12,2679,True,1982.667,0.0,0.0,0.0,0.0,6.0,0.0,0.0
2023-07-05,12,6938,True,1992.667,0.0,0.0,0.0,0.0,1.0,2.0,0.0
2018-09-10,17,11364,True,1885.0,0.0,1.0,0.0,0.0,0.0,0.0,0.0
2011-12-29,23,11369,True,2008.0,0.0,0.0,0.0,0.0,0.0,0.0,1.0
2020-02-09,17,3023,True,1986.25,0.0,0.0,0.0,0.0,7.0,5.0,0.0
2020-02-09,16,3353,True,1977.0,0.0,0.0,0.0,0.0,1.0,0.0,0.0
2020-07-06,8,9003,True,2006.444,0.0,0.0,0.0,0.0,0.0,0.0,9.0
2021-01-21,15,8838,True,2001.188,0.0,1.0,0.0,0.0,0.0,0.0,15.0
2021-03-13,13,12419,True,2004.5,0.0,0.0,0.0,0.0,0.0,0.0,2.0
2022-02-20,12,3353,True,1977.0,0.0,0.0,0.0,0.0,1.0,0.0,0.0
2017-02-23,17,10679,True,1900.0,0.0,4.0,0.0,0.0,0.0,0.0,0.0
2021-04-05,19,10649,True,2000.5,0.0,0.0,0.0,0.0,1.0,1.0,2.0
2022-02-20,20,8782,True,1957.143,0.0,0.0,0.0,7.0,0.0,0.0,0.0
2020-02-11,13,9638,True,1997.154,0.0,0.0,0.0,0.0,0.0,13.0,0.0
2021-10-23,13,7909,True,1995.938,0.0,0.0,0.0,0.0,0.0,16.0,0.0
2023-11-02,17,15161,True,1983.25,0.0,0.0,0.0,0.0,3.0,1.0,0.0
2021-03-11,9,9814,True,1992.167,0.0,0.0,0.0,1.0,0.0,4.0,1.0
2021-03-28,14,8954,True,1970.455,0.0,0.0,0.0,7.0,2.0,1.0,1.0
2020-03-29,20,2337,True,1987.0,0.0,0.0,0.0,0.0,0.0,6.0,0.0
2018-09-30,12,10337,True,1893.2,1.0,3.0,0.0,0.0,1.0,0.0,0.0
2017-02-23,18,3859,True,1989.5,0.0,0.0,0.0,0.0,0.0,4.0,0.0
2020-06-18,22,12586,True,1973.571,0.0,0.0,0.0,6.0,7.0,0.0,1.0
2022-02-21,18,12575,True,1929.0,0.0,0.0,1.0,0.0,0.0,0.0,0.0
2022-02-19,17,13584,True,1924.0,0.0,0.0,2.0,0.0,0.0,0.0,0.0
2020-03-03,12,9623,True,2006.667,0.0,0.0,0.0,0.0,0.0,0.0,9.0
2022-02-19,9,6742,True,2015.0,0.0,0.0,0.0,0.0,0.0,0.0,1.0
2017-06-07,19,7437,True,1930.0,0.0,0.0,2.0,0.0,0.0,0.0,0.0
2007-01-10,13,9846,True,1905.0,0.0,3.0,0.0,0.0,0.0,0.0,0.0
2008-03-01,13,10302,True,2000.333,0.0,0.0,0.0,0.0,0.0,3.0,3.0
2021-09-01,14,11353,True,1864.444,8.0,0.0,0.0,0.0,1.0,0.0,0.0
2022-02-19,10,10522,True,2013.0,0.0,0.0,0.0,0.0,0.0,0.0,1.0
2020-06-18,20,1132,True,2001.0,0.0,0.0,0.0,0.0,0.0,1.0,0.0
2022-02-21,19,8987,True,1946.833,0.0,3.0,0.0,0.0,1.0,1.0,1.0
2023-08-22,23,7236,True,1995.0,0.0,0.0,0.0,0.0,0.0,10.0,0.0
2020-02-09,11,8991,True,1950.2,0.0,0.0,3.0,0.0,1.0,1.0,0.0
2021-07-08,0,10311,True,1984.769,0.0,0.0,0.0,6.0,0.0,1.0,6.0
2020-02-16,9,2326,True,2007.0,0.0,0.0,0.0,0.0,0.0,0.0,1.0
2020-10-05,10,10860,True,1920.0,0.0,0.0,1.0,0.0,0.0,0.0,0.0
2008-03-10,18,10174,True,1850.0,12.0,0.0,0.0,0.0,0.0,0.0,0.0
2022-02-18,16,10853,True,1855.5,9.0,1.0,0.0,0.0,0.0,0.0,0.0
2022-02-18,17,7612,True,1921.333,0.0,0.0,3.0,0.0,0.0,0.0,0.0
2019-02-07,16,13940,True,2001.0,0.0,0.0,0.0,0.0,0.0,1.0,0.0
2022-02-18,15,11906,True,1970.0,0.0,0.0,0.0,1.0,1.0,0.0,0.0
2022-02-19,16,2331,True,1984.0,0.0,0.0,0.0,0.0,1.0,0.0,0.0
2023-07-05,9,8767,True,1971.8,0.0,0.0,0.0,8.0,0.0,1.0,1.0
2023-07-05,9,9680,True,1940.0,0.0,0.0,0.0,1.0,0.0,0.0,0.0
2007-01-18,18,8294,True,1912.0,0.0,8.0,0.0,0.0,0.0,0.0,1.0
2022-02-19,12,14582,True,2010.0,0.0,0.0,0.0,0.0,0.0,0.0,1.0
2022-02-20,12,9493,True,1853.375,7.0,1.0,0.0,0.0,0.0,0.0,0.0
2007-01-18,17,2498,True,1997.667,0.0,0.0,0.0,0.0,1.0,0.0,2.0
2022-02-22,15,11007,True,1956.333,0.0,0.0,0.0,14.0,1.0,0.0,0.0
2013-04-18,18,6764,True,1971.2,0.0,0.0,2.0,4.0,0.0,3.0,1.0
2018-01-18,10,14792,True,1990.6,0.0,0.0,0.0,0.0,0.0,15.0,0.0
2020-02-09,17,7932,True,2001.0,0.0,0.0,0.0,0.0,1.0,0.0,3.0
2020-02-09,17,3190,True,1981.75,0.0,0.0,0.0,0.0,4.0,0.0,0.0
2017-02-23,17,13784,True,2006.6,0.0,0.0,0.0,0.0,0.0,3.0,2.0
2017-06-17,7,9970,True,1968.0,0.0,0.0,0.0,1.0,0.0,0.0,0.0
2018-01-03,15,12259,True,1947.857,0.0,3.0,7.0,0.0,0.0,2.0,2.0
2019-06-10,21,8659,True,1955.0,0.0,1.0,0.0,0.0,0.0,0.0,1.0
2019-02-07,16,3192,True,1982.333,0.0,0.0,0.0,0.0,3.0,0.0,0.0
2019-06-08,16,6935,True,1971.0,0.0,0.0,0.0,3.0,3.0,0.0,0.0
2006-11-01,10,11678,True,2000.0,0.0,0.0,0.0,0.0,0.0,1.0,0.0
2019-06-06,8,12894,True,1971.0,0.0,0.0,0.0,0.0,3.0,0.0,0.0
2020-02-09,15,13734,True,2007.0,0.0,0.0,0.0,0.0,0.0,0.0,1.0
2020-02-11,8,10009,True,1896.25,5.0,0.0,0.0,0.0,3.0,0.0,0.0
2020-02-23,14,10832,True,1985.5,0.0,0.0,0.0,0.0,1.0,1.0,0.0
2022-02-20,13,10688,True,1952.0,0.0,1.0,0.0,0.0,0.0,0.0,1.0
2023-09-12,20,8815,True,1927.125,0.0,5.0,0.0,0.0,1.0,2.0,0.0
2023-09-06,20,9629,True,2009.0,0.0,0.0,0.0,0.0,0.0,0.0,1.0
2020-02-09,12,9118,True,1966.0,0.0,0.0,0.0,2.0,0.0,0.0,0.0
2020-02-09,16,2841,True,1944.5,0.0,1.0,0.0,0.0,0.0,1.0,0.0
2022-02-16,22,9146,True,1850.0,2.0,0.0,0.0,0.0,0.0,0.0,0.0
2022-02-18,18,7909,True,1995.938,0.0,0.0,0.0,0.0,0.0,16.0,0.0
2022-02-18,19,12540,True,1992.667,0.0,0.0,0.0,0.0,2.0,0.0,1.0
2022-02-18,20,11678,True,2000.0,0.0,0.0,0.0,0.0,0.0,1.0,0.0
2012-01-03,14,11905,True,1982.455,0.0,0.0,0.0,7.0,0.0,1.0,3.0
2018-03-01,18,7266,True,1930.667,0.0,0.0,3.0,0.0,0.0,0.0,0.0
2022-02-20,21,13298,True,1965.0,0.0,0.0,0.0,3.0,0.0,0.0,0.0
2022-02-20,12,8643,True,1952.364,0.0,2.0,0.0,7.0,0.0,0.0,2.0
2019-03-17,2,6559,True,1992.0,0.0,0.0,0.0,0.0,0.0,2.0,0.0
2018-01-18,9,6928,True,1983.0,0.0,0.0,0.0,2.0,0.0,0.0,1.0
2021-03-11,18,10362,True,1998.0,0.0,0.0,0.0,0.0,0.0,3.0,0.0
2022-11-14,0,7574,True,1990.5,0.0,0.0,0.0,0.0,1.0,0.0,1.0
2019-02-21,22,3859,True,1989.5,0.0,0.0,0.0,0.0,0.0,4.0,0.0
2020-12-23,16,14989,True,1900.0,0.0,1.0,0.0,0.0,0.0,0.0,0.0
2022-02-18,14,10154,True,2010.333,0.0,0.0,0.0,0.0,0.0,0.0,3.0
2018-01-18,11,7644,True,2015.532,0.0,0.0,0.0,0.0,0.0,0.0,47.0
2022-02-18,12,11867,True,1961.25,0.0,0.0,0.0,4.0,0.0,0.0,0.0
2020-02-09,18,6574,True,2007.333,0.0,0.0,0.0,1.0,0.0,0.0,5.0
2022-06-03,20,4897,True,1984.0,0.0,0.0,0.0,0.0,3.0,0.0,0.0
2017-06-07,10,8250,True,1995.0,0.0,0.0,0.0,0.0,0.0,4.0,0.0
2018-01-03,12,12950,True,1991.5,0.0,0.0,0.0,0.0,0.0,2.0,0.0
2018-01-18,11,12533,True,2007.0,0.0,0.0,0.0,0.0,0.0,0.0,4.0
2018-03-01,10,12523,True,2017.0,0.0,0.0,0.0,0.0,0.0,0.0,1.0
2020-02-16,12,11010,True,1951.0,0.0,0.0,0.0,3.0,0.0,0.0,0.0
2018-01-03,12,4893,True,2004.667,0.0,0.0,0.0,0.0,0.0,3.0,3.0
2018-01-18,10,8600,True,1976.833,0.0,0.0,0.0,4.0,0.0,1.0,1.0
2018-01-24,14,6899,True,2006.0,0.0,0.0,0.0,0.0,0.0,0.0,2.0
2022-02-21,11,9834,True,1898.0,7.0,0.0,0.0,1.0,1.0,2.0,0.0
2019-01-08,14,13987,True,1999.0,0.0,0.0,0.0,0.0,0.0,2.0,0.0
2020-06-13,16,3355,True,1976.0,0.0,0.0,0.0,0.0,1.0,0.0,0.0
2020-08-08,1,7234,True,1984.176,0.0,0.0,1.0,3.0,1.0,12.0,0.0
2022-02-18,16,8126,True,1885.0,0.0,2.0,0.0,0.0,0.0,0.0,0.0
2022-02-18,16,12258,True,1959.4,0.0,3.0,9.0,1.0,1.0,10.0,1.0
2022-02-19,11,8124,True,1902.312,0.0,12.0,3.0,1.0,0.0,0.0,0.0
2022-02-20,21,7744,True,2001.632,0.0,0.0,1.0,1.0,1.0,0.0,16.0
2022-02-20,15,2338,True,1987.0,0.0,0.0,0.0,0.0,0.0,5.0,0.0
2012-06-08,19,7263,True,1961.0,0.0,0.0,0.0,1.0,0.0,0.0,0.0
2020-03-31,20,10018,True,1999.667,0.0,0.0,0.0,0.0,0.0,3.0,0.0
2017-02-23,19,5732,True,2007.0,0.0,0.0,0.0,0.0,0.0,0.0,1.0
2017-06-06,16,11727,True,1985.8,0.0,0.0,0.0,0.0,4.0,0.0,1.0
2021-03-11,11,4718,True,2007.667,0.0,0.0,0.0,0.0,0.0,0.0,3.0
2012-01-06,15,6760,True,1985.0,0.0,0.0,0.0,0.0,3.0,0.0,0.0
2022-02-20,16,6564,True,1992.0,0.0,0.0,0.0,0.0,0.0,1.0,0.0
2018-01-18,10,9483,True,1909.75,1.0,2.0,0.0,0.0,0.0,0.0,1.0
2018-01-21,13,10169,True,1850.0,1.0,0.0,0.0,0.0,0.0,0.0,0.0
2021-05-22,12,9799,True,1999.5,0.0,0.0,0.0,0.0,0.0,2.0,0.0
2022-02-18,17,11369,True,2008.0,0.0,0.0,0.0,0.0,0.0,0.0,1.0
2022-02-21,11,11698,True,1977.0,0.0,0.0,0.0,0.0,3.0,0.0,0.0
2019-06-08,17,8765,True,1971.0,0.0,0.0,0.0,0.0,1.0,0.0,0.0
2022-11-03,10,7582,True,1992.25,0.0,0.0,0.0,0.0,0.0,8.0,0.0
2023-11-02,12,14085,True,2014.0,0.0,0.0,0.0,0.0,0.0,0.0,2.0
2022-02-17,15,11007,True,1956.333,0.0,0.0,0.0,14.0,1.0,0.0,0.0
2022-02-18,13,11355,True,1992.5,0.0,0.0,0.0,0.0,1.0,0.0,1.0
2022-02-18,18,13407,True,1965.125,0.0,0.0,0.0,7.0,0.0,0.0,1.0
2018-05-25,19,12352,True,2004.962,0.0,0.0,0.0,0.0,4.0,3.0,19.0
2021-08-15,8,7412,True,1998.5,0.0,0.0,0.0,0.0,0.0,6.0,2.0
2022-02-19,16,9986,True,1926.667,0.0,0.0,3.0,0.0,0.0,0.0,0.0
2019-03-16,18,7603,True,1938.471,0.0,0.0,15.0,1.0,0.0,0.0,1.0
2022-02-18,16,11208,True,1943.556,0.0,5.0,1.0,1.0,0.0,0.0,2.0
2018-01-18,10,11183,True,1940.714,0.0,0.0,6.0,0.0,1.0,0.0,0.0
2020-02-09,11,7109,True,2012.5,0.0,0.0,0.0,0.0,0.0,0.0,2.0
2022-02-18,15,10186,True,1965.0,0.0,3.0,0.0,0.0,0.0,4.0,0.0
2022-02-18,16,6937,True,2003.0,0.0,0.0,0.0,0.0,0.0,0.0,1.0
2018-02-23,13,14272,True,1959.2,0.0,0.0,2.0,8.0,4.0,1.0,0.0
2021-03-27,18,8438,True,1978.182,0.0,0.0,0.0,7.0,0.0,0.0,4.0
2022-02-18,17,2331,True,1984.0,0.0,0.0,0.0,0.0,1.0,0.0,0.0
2017-02-25,11,9135,True,1904.75,0.0,4.0,0.0,0.0,0.0,0.0,0.0
2021-02-07,14,11012,True,1966.667,0.0,1.0,0.0,2.0,0.0,3.0,0.0
2022-02-19,16,7111,True,1925.033,0.0,0.0,30.0,0.0,0.0,0.0,0.0
2010-02-28,18,10994,True,1967.909,0.0,0.0,0.0,8.0,0.0,1.0,2.0
2021-10-19,16,10834,True,1956.3,0.0,0.0,0.0,10.0,0.0,0.0,0.0
2022-02-21,10,10023,True,2004.846,0.0,0.0,0.0,0.0,0.0,8.0,5.0
2021-02-07,11,9970,True,1968.0,0.0,0.0,0.0,1.0,0.0,0.0,0.0
2022-02-18,16,10669,True,1989.167,0.0,0.0,0.0,1.0,1.0,0.0,4.0
2022-02-20,21,8799,True,1893.846,0.0,11.0,2.0,0.0,0.0,0.0,0.0
2019-06-08,16,12387,True,1974.5,0.0,0.0,0.0,0.0,2.0,0.0,0.0
2020-02-23,13,8932,True,1937.0,0.0,0.0,3.0,0.0,0.0,0.0,0.0
2022-02-16,16,12745,True,1962.241,0.0,0.0,12.0,2.0,4.0,11.0,0.0
2022-02-19,16,12257,True,1996.0,0.0,0.0,0.0,0.0,0.0,4.0,0.0
2008-11-21,11,5744,True,1984.0,0.0,0.0,0.0,0.0,2.0,0.0,0.0
2019-06-18,20,11183,True,1940.714,0.0,0.0,6.0,0.0,1.0,0.0,0.0
2020-01-26,14,12215,True,1985.75,0.0,0.0,0.0,0.0,3.0,0.0,1.0
2022-02-18,15,13568,True,1995.0,0.0,0.0,0.0,0.0,0.0,2.0,0.0
2017-02-23,16,11577,True,1990.167,0.0,0.0,0.0,0.0,0.0,6.0,0.0
2020-08-31,19,6415,True,1955.0,0.0,0.0,0.0,4.0,0.0,0.0,0.0
2018-01-07,10,7783,True,1922.0,0.0,0.0,3.0,0.0,0.0,0.0,0.0
2020-02-22,14,8266,True,1956.667,0.0,0.0,0.0,3.0,0.0,0.0,0.0
2022-02-18,16,9993,True,1954.833,0.0,2.0,0.0,0.0,3.0,1.0,0.0
2012-11-25,14,2506,True,1984.75,0.0,0.0,0.0,0.0,8.0,0.0,0.0
2022-02-24,12,8647,True,2000.417,0.0,1.0,1.0,0.0,0.0,0.0,10.0
2018-08-09,21,6057,True,1965.5,0.0,0.0,0.0,12.0,0.0,0.0,0.0
2021-03-11,13,7929,True,1984.0,0.0,0.0,0.0,4.0,0.0,0.0,3.0
2018-01-18,10,13898,True,1975.333,0.0,0.0,0.0,4.0,0.0,2.0,0.0
2019-08-10,13,11897,True,1967.592,0.0,0.0,15.0,5.0,10.0,16.0,3.0
2018-01-18,12,9681,True,1980.0,0.0,0.0,0.0,1.0,0.0,2.0,0.0
2022-04-07,14,12914,True,2000.2,0.0,0.0,0.0,0.0,0.0,6.0,4.0
2023-03-13,11,12415,True,1969.5,0.0,0.0,0.0,4.0,2.0,0.0,0.0
2019-03-09,15,13080,True,1992.167,0.0,0.0,0.0,0.0,0.0,5.0,1.0
2010-02-27,10,5060,True,1983.667,0.0,0.0,0.0,0.0,3.0,0.0,0.0
2022-02-19,11,3024,True,1985.688,0.0,0.0,0.0,0.0,6.0,10.0,0.0
2022-03-07,15,11873,True,1931.0,0.0,0.0,2.0,0.0,0.0,0.0,0.0
2022-02-06,10,9651,True,1993.6,0.0,1.0,0.0,0.0,0.0,0.0,4.0
2018-01-03,13,14580,True,2006.0,0.0,0.0,0.0,0.0,0.0,0.0,2.0
2021-11-24,9,9856,True,2000.0,0.0,0.0,0.0,0.0,0.0,1.0,0.0
2022-02-19,15,11556,True,2009.0,0.0,0.0,0.0,0.0,0.0,0.0,1.0
2017-10-31,10,11030,True,1979.0,0.0,0.0,0.0,0.0,1.0,0.0,0.0
2018-01-18,10,11210,True,1966.0,0.0,0.0,0.0,2.0,0.0,0.0,1.0
2022-02-21,17,7916,True,1984.4,0.0,0.0,0.0,2.0,0.0,3.0,0.0
2018-01-24,15,2338,True,1987.0,0.0,0.0,0.0,0.0,0.0,5.0,0.0
2022-06-29,14,7960,True,1970.0,0.0,0.0,0.0,2.0,0.0,1.0,0.0
2020-02-18,16,13760,True,1937.5,0.0,0.0,4.0,0.0,0.0,0.0,0.0
2018-01-03,12,9480,True,1939.25,0.0,4.0,0.0,1.0,2.0,1.0,0.0
2022-02-20,11,8111,True,1917.833,0.0,4.0,2.0,0.0,0.0,0.0,0.0
2019-08-19,16,13600,True,1980.857,0.0,0.0,0.0,0.0,6.0,0.0,1.0
2022-03-02,18,9662,True,1889.571,5.0,0.0,0.0,0.0,0.0,2.0,0.0
2020-02-22,21,4211,True,2012.0,0.0,0.0,0.0,0.0,0.0,0.0,1.0
2022-02-18,16,7589,True,1994.0,0.0,0.0,0.0,0.0,0.0,2.0,0.0
2020-02-09,13,7617,True,1972.143,0.0,0.0,0.0,6.0,0.0,8.0,0.0
2020-02-09,15,11884,True,1965.333,0.0,4.0,0.0,0.0,0.0,2.0,3.0
2019-12-11,9,10881,True,1973.0,0.0,0.0,1.0,0.0,0.0,0.0,1.0
2018-01-19,18,13898,True,1975.333,0.0,0.0,0.0,4.0,0.0,2.0,0.0
2023-01-31,15,7269,True,1934.0,0.0,0.0,2.0,0.0,0.0,0.0,0.0
2020-06-14,12,5580,True,2010.077,0.0,0.0,0.0,0.0,0.0,0.0,13.0
2021-01-05,13,10493,True,1955.167,0.0,0.0,0.0,6.0,0.0,0.0,0.0
2022-02-18,18,6930,True,1928.4,0.0,3.0,0.0,2.0,0.0,0.0,0.0
2023-02-18,12,10165,True,1889.667,0.0,3.0,0.0,0.0,0.0,0.0,0.0
2020-02-11,16,14066,True,1986.0,0.0,0.0,0.0,0.0,3.0,6.0,0.0
2020-02-10,8,13911,True,2001.0,0.0,0.0,0.0,0.0,0.0,1.0,1.0
2017-06-06,17,10496,True,1983.375,0.0,0.0,0.0,4.0,0.0,0.0,4.0
2021-03-11,10,6749,True,2008.0,0.0,0.0,0.0,0.0,0.0,0.0,3.0
2007-01-09,15,5236,True,1998.1,0.0,0.0,0.0,0.0,0.0,9.0,1.0
2022-02-19,13,12029,True,1970.64,0.0,0.0,0.0,3.0,22.0,0.0,0.0
2021-03-11,12,3196,True,1986.556,0.0,0.0,0.0,0.0,0.0,18.0,0.0
2022-02-19,14,5201,True,1999.0,0.0,0.0,0.0,0.0,0.0,1.0,0.0
2022-02-21,18,13927,True,2007.0,0.0,0.0,0.0,0.0,0.0,0.0,5.0
2018-08-09,21,5246,True,1974.0,0.0,0.0,0.0,0.0,4.0,0.0,0.0
2022-02-21,14,10529,True,1959.75,0.0,1.0,1.0,0.0,0.0,2.0,0.0
2022-02-24,10,10829,True,1967.2,0.0,0.0,0.0,7.0,1.0,0.0,2.0
2019-03-07,16,3519,True,1983.75,0.0,0.0,0.0,0.0,3.0,1.0,0.0
2020-02-10,14,7425,True,1930.0,0.0,0.0,3.0,0.0,0.0,0.0,0.0
2022-02-19,14,14395,True,2011.0,0.0,0.0,0.0,0.0,0.0,0.0,1.0
2021-03-13,13,10342,True,1850.0,5.0,0.0,0.0,0.0,0.0,0.0,0.0
2022-02-18,14,8125,True,1914.667,0.0,2.0,4.0,0.0,0.0,0.0,0.0
2010-08-30,18,3527,True,1980.2,0.0,0.0,0.0,0.0,5.0,0.0,0.0
2019-03-16,18,14096,True,2005.0,0.0,0.0,0.0,0.0,0.0,0.0,3.0
2020-08-26,11,10509,True,1875.125,5.0,2.0,0.0,0.0,0.0,1.0,0.0
2023-03-13,10,10140,True,1989.909,0.0,0.0,0.0,4.0,0.0,1.0,6.0
2019-01-08,13,11013,True,1952.5,0.0,1.0,1.0,2.0,1.0,1.0,0.0
2011-11-27,7,4558,True,2006.643,0.0,0.0,0.0,0.0,0.0,0.0,14.0
2022-02-20,18,3185,True,1982.333,0.0,0.0,0.0,0.0,5.0,0.0,1.0
2023-07-09,17,4557,True,1996.667,0.0,0.0,0.0,0.0,2.0,1.0,6.0
2007-01-20,9,8089,True,1988.0,0.0,0.0,0.0,3.0,1.0,0.0,3.0
2020-02-11,17,12751,True,1992.667,0.0,0.0,0.0,0.0,1.0,2.0,0.0
2021-05-16,14,13727,True,1988.0,0.0,0.0,0.0,0.0,0.0,1.0,0.0
2023-03-13,17,4053,True,1927.0,0.0,0.0,5.0,0.0,0.0,0.0,0.0
2019-04-10,15,11372,True,2012.667,0.0,0.0,0.0,0.0,0.0,0.0,6.0
2022-02-19,13,7764,True,1978.8,0.0,0.0,1.0,1.0,0.0,3.0,0.0
2022-02-21,15,9993,True,1954.833,0.0,2.0,0.0,0.0,3.0,1.0,0.0
2019-10-10,14,8127,True,1925.8,0.0,3.0,1.0,0.0,0.0,0.0,1.0
2021-06-17,13,13428,True,1999.455,0.0,0.0,0.0,1.0,2.0,2.0,6.0
2022-01-31,16,10479,True,1991.0,0.0,0.0,0.0,0.0,0.0,1.0,0.0
2023-01-12,12,13940,True,2001.0,0.0,0.0,0.0,0.0,0.0,1.0,0.0
2023-07-05,10,12381,True,1995.6,0.0,0.0,0.0,0.0,0.0,5.0,0.0
2023-07-05,10,9791,True,1972.056,0.0,0.0,5.0,3.0,2.0,2.0,6.0
2019-06-08,18,7799,True,2001.0,0.0,0.0,0.0,0.0,0.0,1.0,0.0
2021-02-07,9,12048,True,2016.0,0.0,0.0,0.0,0.0,0.0,0.0,2.0
2009-11-19,10,8127,True,1925.8,0.0,3.0,1.0,0.0,0.0,0.0,1.0
2018-01-24,15,2506,True,1984.75,0.0,0.0,0.0,0.0,8.0,0.0,0.0
2021-07-29,12,4730,True,2009.364,0.0,0.0,0.0,0.0,1.0,1.0,9.0
2022-10-07,14,9965,True,2009.0,0.0,0.0,0.0,0.0,0.0,0.0,1.0
2017-02-23,16,14446,True,1969.167,0.0,0.0,0.0,5.0,1.0,0.0,0.0
2017-10-29,1,10342,True,1850.0,5.0,0.0,0.0,0.0,0.0,0.0,0.0
2023-09-12,12,12687,True,1998.0,0.0,0.0,0.0,0.0,0.0,2.0,0.0
2019-01-08,7,9671,True,1959.625,0.0,3.0,0.0,0.0,0.0,1.0,4.0
2023-01-04,9,13095,True,1979.8,0.0,0.0,0.0,3.0,4.0,3.0,0.0
2009-05-25,22,13762,True,1923.4,0.0,0.0,40.0,0.0,0.0,0.0,0.0
2020-02-09,16,9138,True,1962.0,0.0,3.0,1.0,0.0,5.0,5.0,0.0
2020-02-24,14,7601,True,1932.571,0.0,0.0,7.0,0.0,0.0,0.0,0.0
2018-01-20,14,9349,True,2009.833,0.0,0.0,0.0,0.0,0.0,0.0,6.0
2020-02-09,17,13413,True,1938.0,0.0,0.0,1.0,1.0,0.0,0.0,0.0
2022-09-12,20,6061,True,1964.286,0.0,0.0,0.0,7.0,0.0,0.0,0.0
2020-03-29,13,11329,True,1900.0,0.0,1.0,0.0,0.0,0.0,0.0,0.0
2023-11-02,20,7926,True,1987.625,0.0,0.0,0.0,1.0,3.0,1.0,3.0
2022-02-20,18,6042,True,1968.0,0.0,0.0,0.0,1.0,0.0,0.0,0.0
2022-04-07,15,3178,True,1991.75,0.0,0.0,0.0,0.0,1.0,2.0,1.0
2018-03-17,8,13931,True,1938.5,0.0,0.0,15.0,0.0,0.0,1.0,0.0
2022-02-18,9,7794,True,1942.167,0.0,4.0,2.0,4.0,0.0,2.0,0.0
2022-02-20,15,14784,True,1967.25,0.0,1.0,0.0,0.0,2.0,1.0,0.0
2022-02-07,10,6224,True,1924.5,0.0,3.0,0.0,0.0,0.0,1.0,0.0
2012-06-08,18,10337,True,1893.2,1.0,3.0,0.0,0.0,1.0,0.0,0.0
2013-04-18,10,10368,True,2015.0,0.0,0.0,0.0,0.0,0.0,0.0,5.0
2011-02-04,12,7062,True,1981.191,0.0,1.0,7.0,0.0,3.0,32.0,4.0
2019-03-09,16,10374,True,1946.333,0.0,0.0,5.0,0.0,0.0,0.0,1.0
2019-03-23,14,13060,True,1983.6,0.0,0.0,0.0,2.0,0.0,2.0,1.0
2020-05-11,15,8126,True,1885.0,0.0,2.0,0.0,0.0,0.0,0.0,0.0
2021-03-11,12,4563,True,1958.0,0.0,0.0,0.0,4.0,0.0,0.0,0.0
2021-04-06,15,6934,True,2001.769,0.0,0.0,0.0,0.0,1.0,3.0,9.0
2023-06-12,16,6573,True,2005.667,0.0,0.0,0.0,0.0,1.0,1.0,4.0
2020-02-09,13,10026,True,2016.0,0.0,0.0,0.0,0.0,0.0,0.0,1.0
2011-02-27,9,13628,True,1998.0,0.0,0.0,0.0,0.0,0.0,3.0,0.0
2022-02-15,9,6381,True,1958.0,0.0,0.0,0.0,7.0,0.0,0.0,0.0
2022-02-16,21,8945,True,1961.0,0.0,0.0,0.0,3.0,0.0,0.0,0.0
2022-02-18,17,7770,True,1928.0,0.0,0.0,4.0,0.0,0.0,0.0,0.0
2018-03-17,13,10656,True,1975.0,0.0,0.0,0.0,4.0,0.0,1.0,1.0
2018-08-09,21,10144,True,1956.8,0.0,0.0,0.0,19.0,0.0,0.0,1.0
2012-01-03,10,13752,True,1963.286,0.0,0.0,0.0,5.0,1.0,0.0,1.0
2017-02-23,16,9305,True,1939.25,0.0,0.0,3.0,0.0,1.0,0.0,0.0
2019-08-31,19,7235,True,1995.286,0.0,0.0,0.0,0.0,0.0,7.0,0.0
2022-02-23,13,5243,True,2006.429,0.0,0.0,0.0,0.0,0.0,0.0,7.0
2012-01-05,9,12360,True,1990.0,0.0,0.0,0.0,0.0,1.0,0.0,1.0
2019-10-26,11,11513,True,1996.2,0.0,0.0,0.0,0.0,0.0,5.0,0.0
2020-02-24,15,12351,True,2017.0,0.0,0.0,0.0,0.0,0.0,0.0,1.0
2020-03-03,12,7447,True,1947.786,0.0,1.0,3.0,8.0,1.0,1.0,0.0
2020-03-03,12,10147,True,2004.0,0.0,0.0,0.0,0.0,0.0,4.0,4.0
2020-10-21,18,10682,True,1856.0,10.0,1.0,0.0,0.0,0.0,0.0,0.0
2020-12-30,10,10531,True,1969.75,0.0,1.0,0.0,0.0,0.0,3.0,0.0
2022-02-21,7,14962,True,1991.5,0.0,0.0,0.0,0.0,0.0,2.0,0.0
2022-02-21,11,8812,True,2007.0,0.0,0.0,0.0,0.0,0.0,0.0,1.0
2022-02-18,15,8454,True,1896.667,0.0,9.0,0.0,0.0,0.0,0.0,0.0
2011-12-06,13,14278,True,1953.885,0.0,20.0,14.0,1.0,3.0,16.0,7.0
2017-02-23,15,11842,True,2006.0,0.0,0.0,0.0,0.0,0.0,0.0,4.0
2018-01-18,10,7627,True,2000.333,0.0,0.0,0.0,0.0,0.0,6.0,0.0
2010-07-15,11,10878,True,1994.0,0.0,0.0,0.0,0.0,0.0,3.0,0.0
2022-04-09,11,6397,True,1957.889,0.0,4.0,0.0,0.0,0.0,2.0,3.0
2019-06-06,14,14449,True,1981.174,0.0,7.0,0.0,2.0,0.0,0.0,14.0
2022-01-31,11,8122,True,1905.667,0.0,6.0,0.0,0.0,0.0,0.0,0.0
2013-05-24,11,10827,True,1998.25,0.0,0.0,0.0,1.0,0.0,0.0,3.0
2020-02-09,17,6239,True,1998.5,0.0,0.0,0.0,0.0,0.0,2.0,0.0
2011-09-12,18,7769,True,1974.5,0.0,0.0,1.0,0.0,0.0,0.0,1.0
2006-03-27,18,13263,True,2011.682,0.0,0.0,0.0,0.0,0.0,0.0,22.0
2022-11-17,11,8160,True,2013.333,0.0,0.0,0.0,0.0,0.0,0.0,3.0
2017-02-02,19,8302,True,1923.182,0.0,6.0,2.0,1.0,0.0,1.0,1.0
2017-10-07,10,7113,True,1924.276,0.0,0.0,29.0,0.0,0.0,0.0,0.0
2020-02-09,14,13590,True,1968.25,0.0,0.0,2.0,0.0,0.0,2.0,0.0
2020-02-09,16,8970,True,1885.455,2.0,8.0,0.0,1.0,0.0,0.0,0.0
2022-02-21,9,6408,True,1977.75,0.0,0.0,0.0,0.0,4.0,0.0,0.0
2023-07-05,11,6415,True,1955.0,0.0,0.0,0.0,4.0,0.0,0.0,0.0
2023-07-05,11,4894,True,1998.818,0.0,0.0,0.0,0.0,0.0,11.0,0.0
2019-03-16,18,12917,True,1994.462,0.0,0.0,0.0,0.0,0.0,13.0,0.0
2021-03-11,11,7574,True,1990.5,0.0,0.0,0.0,0.0,1.0,0.0,1.0
2022-02-20,11,9850,True,2017.0,0.0,0.0,0.0,0.0,0.0,0.0,2.0
2006-12-30,21,9458,True,2004.333,0.0,0.0,0.0,0.0,0.0,1.0,2.0
2022-04-08,11,8792,True,1912.6,0.0,5.0,0.0,0.0,0.0,0.0,0.0
2021-03-13,14,12866,True,1982.0,0.0,0.0,0.0,0.0,13.0,0.0,0.0
2019-03-16,14,13207,True,1993.25,0.0,0.0,0.0,0.0,1.0,3.0,0.0
2022-01-31,12,6418,True,1959.0,0.0,0.0,0.0,5.0,0.0,0.0,0.0
2019-03-09,15,8436,True,1960.5,0.0,0.0,0.0,8.0,0.0,0.0,0.0
2020-08-26,11,9483,True,1909.75,1.0,2.0,0.0,0.0,0.0,0.0,1.0
2022-02-18,14,12202,True,1965.0,0.0,0.0,0.0,9.0,0.0,0.0,0.0
2022-02-18,15,8085,True,1993.714,0.0,0.0,0.0,1.0,0.0,6.0,0.0
2022-01-31,9,13898,True,1975.333,0.0,0.0,0.0,4.0,0.0,2.0,0.0
2022-02-18,16,10165,True,1889.667,0.0,3.0,0.0,0.0,0.0,0.0,0.0
2022-02-19,17,11868,True,1962.0,0.0,0.0,0.0,1.0,0.0,0.0,0.0
2022-12-16,16,10878,True,1994.0,0.0,0.0,0.0,0.0,0.0,3.0,0.0
2022-08-29,19,10679,True,1900.0,0.0,4.0,0.0,0.0,0.0,0.0,0.0
2022-02-18,15,9114,True,1970.667,0.0,1.0,0.0,2.0,4.0,2.0,0.0
2022-02-18,15,10335,True,1971.0,0.0,2.0,0.0,0.0,3.0,3.0,0.0
2023-03-25,12,3185,True,1982.333,0.0,0.0,0.0,0.0,5.0,0.0,1.0
2023-07-05,10,8942,True,1998.8,0.0,0.0,0.0,1.0,0.0,0.0,4.0
2023-07-05,10,13077,True,2009.0,0.0,0.0,0.0,0.0,0.0,0.0,2.0
2019-08-10,18,13376,True,1991.75,0.0,0.0,0.0,0.0,0.0,4.0,0.0
2022-09-16,16,8816,True,1948.2,0.0,2.0,0.0,0.0,1.0,2.0,0.0
2007-01-13,15,7109,True,2012.5,0.0,0.0,0.0,0.0,0.0,0.0,2.0
2012-01-05,15,13925,True,2014.0,0.0,0.0,0.0,0.0,0.0,0.0,1.0
2007-01-18,17,9113,True,1976.875,0.0,0.0,0.0,1.0,4.0,3.0,0.0
2008-03-10,13,11217,True,1900.0,0.0,3.0,0.0,0.0,0.0,0.0,0.0
2017-02-23,15,14096,True,2005.0,0.0,0.0,0.0,0.0,0.0,0.0,3.0
2019-03-09,17,3194,True,1986.0,0.0,0.0,0.0,0.0,0.0,13.0,0.0
2018-01-18,10,8621,True,1906.0,0.0,5.0,0.0,0.0,0.0,0.0,0.0
2020-02-23,12,11380,True,1984.417,0.0,1.0,0.0,2.0,0.0,7.0,2.0
2020-02-09,16,14441,True,1978.25,0.0,0.0,0.0,1.0,2.0,1.0,0.0
2008-03-08,17,12032,True,1969.333,0.0,0.0,0.0,1.0,2.0,0.0,0.0
2019-02-09,13,13386,True,1990.25,0.0,0.0,0.0,0.0,0.0,4.0,0.0
2022-02-18,21,11359,True,2002.0,0.0,0.0,0.0,0.0,0.0,0.0,2.0
2023-03-13,11,7591,True,1939.667,0.0,0.0,2.0,0.0,1.0,0.0,0.0
2021-01-21,11,10718,True,1964.882,0.0,0.0,3.0,4.0,9.0,1.0,0.0
2021-01-21,15,8452,True,1916.533,0.0,11.0,2.0,2.0,0.0,0.0,0.0
2022-02-20,11,7259,True,1959.833,0.0,0.0,0.0,17.0,0.0,0.0,1.0
2022-02-20,21,13250,True,1996.0,0.0,0.0,0.0,0.0,0.0,6.0,1.0
2022-02-20,15,10533,True,1998.0,0.0,0.0,0.0,0.0,0.0,5.0,0.0
2023-04-06,17,9174,True,2007.714,0.0,0.0,0.0,0.0,0.0,0.0,14.0
2020-02-09,11,13037,True,1982.0,0.0,0.0,0.0,0.0,8.0,0.0,0.0
2023-03-13,9,12750,True,1975.0,0.0,0.0,0.0,0.0,2.0,0.0,0.0
2017-09-13,0,7060,True,1960.533,0.0,0.0,6.0,3.0,0.0,6.0,0.0
2020-02-21,16,9145,True,1850.0,3.0,0.0,0.0,0.0,0.0,0.0,0.0
2022-12-31,10,8602,True,1975.8,0.0,0.0,0.0,5.0,3.0,0.0,2.0
2018-02-10,8,7075,True,1977.0,0.0,0.0,0.0,0.0,2.0,0.0,0.0
2020-02-09,14,11392,True,1939.25,0.0,0.0,2.0,6.0,0.0,0.0,0.0
2021-02-10,16,6907,True,1926.0,0.0,1.0,0.0,1.0,0.0,0.0,0.0
2022-02-18,16,13234,True,1958.0,0.0,0.0,0.0,2.0,0.0,0.0,0.0
2017-10-29,1,14295,True,1900.0,0.0,1.0,0.0,0.0,0.0,0.0,0.0
2018-03-18,9,12202,True,1965.0,0.0,0.0,0.0,9.0,0.0,0.0,0.0
2021-03-13,14,11877,True,1899.0,0.0,2.0,0.0,0.0,0.0,0.0,0.0
2022-02-18,19,4045,True,1983.5,0.0,0.0,0.0,0.0,5.0,1.0,0.0
2018-01-03,13,7086,True,1964.25,0.0,0.0,0.0,2.0,2.0,0.0,0.0
2022-01-31,10,8662,True,2007.0,0.0,0.0,0.0,0.0,0.0,0.0,2.0
2020-04-08,14,7571,True,1991.0,0.0,0.0,1.0,2.0,0.0,23.0,0.0
2018-01-31,10,8078,True,1994.667,0.0,0.0,0.0,0.0,0.0,3.0,0.0
2022-02-17,8,13718,True,2006.0,0.0,0.0,0.0,0.0,0.0,0.0,2.0
2022-02-18,21,5241,True,1969.5,0.0,0.0,0.0,1.0,1.0,0.0,0.0
2018-12-08,9,7071,True,1966.333,0.0,1.0,0.0,0.0,0.0,1.0,1.0
2007-01-14,13,10517,True,1850.0,2.0,0.0,0.0,0.0,0.0,0.0,0.0
2018-01-18,10,8110,True,1921.5,0.0,1.0,7.0,0.0,0.0,0.0,0.0
2018-02-13,15,7273,True,1997.0,0.0,0.0,0.0,0.0,1.0,1.0,2.0
2022-02-21,14,10352,True,1850.0,3.0,0.0,0.0,0.0,0.0,0.0,0.0
2018-01-18,9,12931,True,2001.0,0.0,0.0,0.0,0.0,0.0,1.0,0.0
2018-01-23,16,10998,True,1956.0,0.0,0.0,0.0,3.0,0.0,0.0,0.0
2018-08-08,10,4904,True,1973.385,0.0,0.0,0.0,0.0,13.0,0.0,0.0
2020-02-09,13,14103,True,1935.85,0.0,0.0,15.0,4.0,0.0,0.0,1.0
2020-02-09,14,7266,True,1930.667,0.0,0.0,3.0,0.0,0.0,0.0,0.0
2021-10-10,15,11527,True,1963.0,0.0,0.0,0.0,1.0,0.0,0.0,0.0
2017-05-01,15,6942,True,1923.8,0.0,0.0,5.0,0.0,0.0,0.0,0.0
2019-06-06,2,14785,True,1985.0,0.0,0.0,0.0,0.0,1.0,0.0,0.0
2019-06-06,11,11549,True,1925.571,0.0,10.0,3.0,0.0,0.0,1.0,0.0
2020-02-09,19,12434,True,1978.25,0.0,0.0,0.0,0.0,4.0,0.0,0.0
2022-02-19,10,6380,True,1958.0,0.0,0.0,0.0,1.0,0.0,0.0,0.0
2018-12-25,13,13077,True,2009.0,0.0,0.0,0.0,0.0,0.0,0.0,2.0
2017-06-23,17,12187,True,2008.333,0.0,0.0,0.0,0.0,0.0,0.0,3.0
2018-03-17,14,6583,True,1950.0,0.0,0.0,0.0,2.0,0.0,0.0,0.0
2022-02-20,13,7449,True,1953.0,0.0,0.0,0.0,5.0,0.0,0.0,0.0
2022-02-20,17,12569,True,1926.75,0.0,0.0,4.0,0.0,0.0,0.0,0.0
2022-02-21,0,9450,True,1975.0,0.0,0.0,0.0,3.0,1.0,0.0,1.0
2018-09-24,15,3716,True,1949.469,0.0,14.0,1.0,7.0,0.0,6.0,4.0
2006-12-07,12,11182,True,1924.333,0.0,0.0,3.0,0.0,0.0,0.0,0.0
2012-11-25,13,12724,True,2000.0,0.0,0.0,0.0,0.0,0.0,1.0,0.0
2022-02-18,15,9153,True,1959.222,1.0,1.0,0.0,2.0,0.0,5.0,0.0
2022-02-18,17,14622,True,1970.1,0.0,0.0,0.0,6.0,0.0,4.0,0.0
2020-02-09,18,11384,True,1943.6,0.0,3.0,0.0,0.0,0.0,0.0,2.0
2022-02-06,16,7431,True,1949.6,0.0,0.0,2.0,3.0,0.0,0.0,0.0
2011-12-08,20,13589,True,2010.333,0.0,0.0,0.0,0.0,0.0,0.0,3.0
2023-05-22,21,8281,True,1915.684,0.0,15.0,3.0,1.0,0.0,0.0,0.0
2019-12-19,10,4054,True,1927.0,0.0,0.0,1.0,0.0,0.0,0.0,0.0
2018-01-18,10,8936,True,1973.5,0.0,0.0,0.0,0.0,2.0,0.0,0.0
2020-02-09,15,10172,True,1850.0,5.0,0.0,0.0,0.0,0.0,0.0,0.0
2018-01-18,10,10707,True,1900.0,0.0,2.0,0.0,0.0,0.0,0.0,0.0
2020-02-10,18,11167,True,1997.5,0.0,0.0,0.0,1.0,0.0,0.0,5.0
2020-02-16,14,8963,True,1905.333,0.0,3.0,0.0,0.0,0.0,0.0,0.0
2020-02-09,15,13088,True,1993.571,0.0,0.0,0.0,0.0,1.0,6.0,0.0
2021-03-11,11,9983,True,1966.0,0.0,0.0,0.0,1.0,0.0,0.0,0.0
2019-01-08,17,13230,True,1993.333,0.0,0.0,0.0,0.0,0.0,3.0,0.0
2022-02-19,19,8432,True,1990.182,0.0,0.0,0.0,0.0,2.0,7.0,2.0
2018-01-03,11,10007,True,1893.125,4.0,2.0,0.0,0.0,1.0,0.0,1.0
2022-05-11,21,7960,True,1970.0,0.0,0.0,0.0,2.0,0.0,1.0,0.0
2018-01-18,9,11176,True,1974.1,0.0,0.0,0.0,7.0,0.0,0.0,3.0
2021-10-08,11,3887,True,1965.9,0.0,0.0,0.0,18.0,0.0,2.0,0.0
2022-02-18,15,8979,True,1897.5,2.0,3.0,0.0,0.0,0.0,0.0,1.0
2022-02-21,9,13420,True,1998.0,0.0,0.0,0.0,0.0,0.0,2.0,0.0
2022-02-19,13,4224,True,1915.5,0.0,3.0,1.0,0.0,0.0,0.0,0.0
2020-01-14,18,3197,True,1986.667,0.0,0.0,0.0,0.0,0.0,18.0,0.0
2021-05-21,22,8249,True,2000.0,0.0,0.0,0.0,0.0,0.0,1.0,0.0
2022-02-18,17,10008,True,1923.0,1.0,0.0,0.0,0.0,0.0,1.0,0.0
2022-02-19,11,3178,True,1991.75,0.0,0.0,0.0,0.0,1.0,2.0,1.0
2019-03-16,19,10678,True,1963.444,0.0,1.0,2.0,2.0,0.0,4.0,0.0
2018-12-07,16,10188,True,1999.833,0.0,0.0,0.0,0.0,0.0,12.0,0.0
2019-03-16,12,9337,True,1972.0,0.0,0.0,0.0,5.0,0.0,1.0,0.0
2017-02-24,8,8821,True,1925.0,0.0,0.0,1.0,0.0,0.0,0.0,0.0
2021-01-21,8,5718,True,1967.571,0.0,0.0,0.0,5.0,1.0,1.0,0.0
2022-02-17,14,10005,True,1900.857,4.0,0.0,1.0,1.0,0.0,0.0,1.0
2022-03-22,16,10158,True,1926.0,0.0,0.0,1.0,0.0,0.0,0.0,0.0
2007-12-07,9,14442,True,1961.0,0.0,0.0,0.0,10.0,0.0,0.0,0.0
2021-02-10,14,11209,True,1970.571,0.0,2.0,0.0,1.0,0.0,1.0,3.0
2022-02-18,16,9670,True,1964.375,1.0,1.0,0.0,0.0,0.0,4.0,2.0
2019-11-02,10,8428,True,2002.571,0.0,0.0,0.0,0.0,0.0,2.0,5.0
2023-06-19,20,10367,True,2016.7,0.0,0.0,0.0,0.0,0.0,0.0,10.0
2019-02-09,12,11025,True,1888.5,9.0,2.0,0.0,0.0,0.0,2.0,1.0
2018-01-18,13,9160,True,1918.4,0.0,4.0,0.0,0.0,1.0,0.0,0.0
2021-11-12,13,11173,True,1958.0,0.0,0.0,0.0,2.0,0.0,0.0,0.0
2012-09-24,18,7248,True,1970.5,0.0,0.0,0.0,2.0,0.0,2.0,0.0
2013-04-18,19,9335,True,1935.0,0.0,2.0,2.0,0.0,0.0,1.0,0.0
2022-02-07,12,8652,True,2003.0,0.0,0.0,0.0,0.0,1.0,0.0,2.0
2022-02-21,15,13933,True,1922.244,0.0,0.0,45.0,0.0,0.0,0.0,0.0
2018-03-01,8,3546,True,1945.643,0.0,0.0,6.0,6.0,0.0,2.0,0.0
2018-08-09,21,13722,True,1982.0,0.0,0.0,0.0,0.0,6.0,0.0,0.0
2018-01-18,11,11879,True,1896.0,0.0,1.0,0.0,0.0,0.0,0.0,0.0
2017-07-14,9,14069,True,1990.667,0.0,0.0,0.0,1.0,0.0,1.0,1.0
2019-06-07,16,8264,True,1960.0,0.0,0.0,0.0,16.0,0.0,0.0,0.0
2022-02-20,11,11895,True,1952.033,0.0,0.0,13.0,13.0,1.0,3.0,0.0
2023-03-13,13,11174,True,1958.556,0.0,0.0,0.0,8.0,0.0,1.0,0.0
2022-02-20,11,7779,True,1934.0,0.0,0.0,7.0,0.0,2.0,0.0,0.0
2023-03-23,22,6241,True,1924.0,0.0,0.0,1.0,0.0,0.0,0.0,0.0
2020-03-29,14,2679,True,1982.667,0.0,0.0,0.0,0.0,6.0,0.0,0.0
2021-03-11,14,3700,True,1981.333,0.0,0.0,0.0,0.0,9.0,0.0,0.0
2021-05-22,9,13771,True,1977.0,0.0,0.0,0.0,0.0,1.0,0.0,0.0
2011-11-27,13,10641,True,1988.5,0.0,0.0,2.0,0.0,1.0,8.0,3.0
2020-06-27,21,8458,True,1903.556,0.0,9.0,0.0,0.0,0.0,0.0,0.0
2020-08-09,20,11737,True,1900.0,0.0,2.0,0.0,0.0,0.0,0.0,0.0
2020-02-09,15,3360,True,1982.667,0.0,0.0,0.0,0.0,6.0,0.0,0.0
2017-02-22,10,13059,True,1960.75,0.0,0.0,0.0,4.0,0.0,0.0,0.0
2008-03-11,22,7399,True,1998.0,0.0,0.0,0.0,0.0,0.0,1.0,0.0
2020-02-09,16,13411,True,1989.0,0.0,0.0,0.0,0.0,0.0,2.0,0.0
2007-01-20,16,12747,True,1982.0,0.0,0.0,0.0,0.0,1.0,0.0,0.0
2017-10-01,22,11227,True,1965.0,0.0,0.0,0.0,4.0,0.0,0.0,0.0
2018-01-18,9,13572,True,1963.0,0.0,0.0,0.0,1.0,0.0,0.0,0.0
2019-08-12,16,8482,True,1997.5,0.0,0.0,0.0,1.0,0.0,0.0,3.0
2022-01-31,9,13587,True,2011.333,0.0,0.0,0.0,0.0,0.0,0.0,3.0
2008-01-31,13,8940,True,1989.0,0.0,0.0,0.0,2.0,1.0,2.0,3.0
2022-05-11,20,13212,True,1990.0,0.0,0.0,0.0,0.0,0.0,2.0,0.0
2021-05-21,11,8599,True,1963.333,0.0,0.0,0.0,6.0,0.0,0.0,0.0
2021-03-11,17,8631,True,1894.0,0.0,5.0,0.0,0.0,0.0,0.0,0.0
2020-02-10,9,12434,True,1978.25,0.0,0.0,0.0,0.0,4.0,0.0,0.0
2020-02-11,8,9300,True,1937.0,0.0,1.0,0.0,0.0,1.0,0.0,0.0
2008-03-01,9,9149,True,1877.5,1.0,1.0,0.0,0.0,0.0,0.0,0.0
2017-06-22,16,8500,True,2007.0,0.0,0.0,0.0,0.0,0.0,0.0,1.0
2022-02-21,13,14451,True,1947.711,0.0,7.0,5.0,20.0,5.0,0.0,1.0
2018-01-03,13,12391,True,1966.0,0.0,0.0,0.0,1.0,0.0,0.0,0.0
2021-10-06,21,13923,True,1950.0,0.0,0.0,0.0,7.0,0.0,0.0,0.0
2022-02-18,18,5405,True,2012.0,0.0,0.0,0.0,0.0,0.0,0.0,4.0
2022-02-18,19,9322,True,1864.875,5.0,3.0,0.0,0.0,0.0,0.0,0.0
2022-02-20,9,11198,True,1977.8,1.0,0.0,0.0,0.0,0.0,0.0,4.0
2022-02-17,13,6574,True,2007.333,0.0,0.0,0.0,1.0,0.0,0.0,5.0
2007-01-20,10,2335,True,1984.889,0.0,0.0,0.0,0.0,18.0,0.0,0.0
2018-03-01,18,11038,True,1910.0,0.0,3.0,0.0,0.0,0.0,0.0,0.0
2018-03-17,22,3348,True,1984.75,0.0,0.0,0.0,0.0,2.0,2.0,0.0
2023-03-13,10,7965,True,1956.25,0.0,0.0,0.0,4.0,0.0,0.0,0.0
2018-04-27,16,1132,True,2001.0,0.0,0.0,0.0,0.0,0.0,1.0,0.0
2020-02-23,11,13888,True,2006.667,0.0,0.0,0.0,0.0,0.0,0.0,3.0
2013-01-30,8,8437,True,1959.0,0.0,0.0,0.0,5.0,0.0,0.0,0.0
2020-02-24,17,13208,True,1982.0,0.0,0.0,0.0,0.0,8.0,0.0,0.0
2022-02-18,17,11165,True,1955.0,0.0,0.0,0.0,4.0,0.0,0.0,0.0
2023-03-13,13,7643,True,2013.647,0.0,0.0,0.0,0.0,0.0,0.0,17.0
2021-04-28,9,8812,True,2007.0,0.0,0.0,0.0,0.0,0.0,0.0,1.0
2022-02-18,17,13082,True,1991.333,0.0,0.0,0.0,0.0,0.0,3.0,0.0
2022-02-19,11,5544,True,1962.889,0.0,0.0,0.0,8.0,1.0,0.0,0.0
2023-09-27,14,11164,True,2006.0,0.0,0.0,0.0,0.0,0.0,0.0,1.0
2019-01-12,10,9797,True,2002.5,0.0,0.0,0.0,0.0,0.0,3.0,1.0
2017-02-24,16,5588,True,1930.0,0.0,0.0,1.0,0.0,0.0,0.0,0.0
2017-03-18,12,3858,True,2007.25,0.0,0.0,0.0,0.0,0.0,0.0,4.0
2020-02-09,14,11526,True,1982.0,0.0,0.0,0.0,0.0,2.0,0.0,0.0
2020-03-29,15,7576,True,1994.429,0.0,0.0,0.0,0.0,0.0,14.0,0.0
2022-01-31,10,9829,True,1850.0,8.0,0.0,0.0,0.0,0.0,0.0,0.0
2017-02-24,15,9829,True,1850.0,8.0,0.0,0.0,0.0,0.0,0.0,0.0
2022-02-18,16,4380,True,1970.333,0.0,0.0,0.0,2.0,1.0,0.0,0.0
2018-04-06,16,10368,True,2015.0,0.0,0.0,0.0,0.0,0.0,0.0,5.0
2019-08-10,13,7799,True,2001.0,0.0,0.0,0.0,0.0,0.0,1.0,0.0
2018-01-03,10,7270,True,1934.0,0.0,0.0,5.0,0.0,0.0,0.0,0.0
2018-07-28,14,10005,True,1900.857,4.0,0.0,1.0,1.0,0.0,0.0,1.0
2020-04-23,11,14826,True,2006.0,0.0,0.0,0.0,0.0,0.0,0.0,1.0
2022-06-12,14,11897,True,1967.592,0.0,0.0,15.0,5.0,10.0,16.0,3.0
2018-01-14,15,10127,True,1970.222,0.0,0.0,2.0,0.0,7.0,0.0,0.0
2022-02-18,16,7752,True,1992.062,0.0,0.0,0.0,0.0,0.0,16.0,0.0
2018-05-02,17,4032,True,2001.667,0.0,0.0,0.0,0.0,0.0,1.0,2.0
2022-12-20,10,8291,True,1891.857,0.0,7.0,0.0,0.0,0.0,0.0,0.0
2019-06-06,1,10489,True,1959.364,0.0,0.0,0.0,8.0,3.0,0.0,0.0
2019-06-06,9,12399,True,1985.5,0.0,0.0,2.0,0.0,0.0,0.0,4.0
2019-08-09,21,10325,True,2012.429,0.0,0.0,0.0,0.0,0.0,0.0,7.0
2022-02-14,8,10318,True,1985.333,0.0,0.0,0.0,1.0,0.0,2.0,0.0
2018-01-18,8,7914,True,1998.333,0.0,0.0,0.0,0.0,0.0,6.0,0.0
2019-06-06,0,11216,True,1976.0,0.0,0.0,2.0,0.0,1.0,6.0,0.0
2019-06-07,17,7621,True,1958.778,0.0,0.0,0.0,7.0,1.0,1.0,0.0
2018-12-09,0,8293,True,1938.5,0.0,3.0,0.0,1.0,1.0,0.0,1.0
2020-02-09,16,12707,True,1990.0,0.0,0.0,0.0,0.0,0.0,1.0,0.0
2023-10-20,15,6934,True,2001.769,0.0,0.0,0.0,0.0,1.0,3.0,9.0
2019-05-11,20,11001,True,1954.176,0.0,0.0,0.0,17.0,0.0,0.0,0.0
2019-02-09,9,11534,True,2004.0,0.0,0.0,0.0,0.0,0.0,0.0,4.0
2022-10-05,16,9794,True,2009.0,0.0,0.0,0.0,0.0,0.0,0.0,1.0
2017-05-25,15,14448,True,1935.071,0.0,22.0,12.0,18.0,0.0,2.0,2.0
2017-12-31,10,11170,True,1994.0,0.0,0.0,0.0,0.0,0.0,2.0,0.0
2022-02-20,10,14621,True,1974.882,0.0,0.0,0.0,8.0,0.0,9.0,0.0
2020-02-14,20,11028,True,1919.5,1.0,0.0,0.0,0.0,0.0,1.0,0.0
2021-05-21,14,8254,True,1990.778,0.0,0.0,0.0,0.0,0.0,17.0,1.0
2011-01-08,12,9828,True,1850.0,4.0,0.0,0.0,0.0,0.0,0.0,0.0
2020-02-15,15,11021,True,1966.0,0.0,2.0,0.0,0.0,0.0,4.0,0.0
2022-02-18,15,11406,True,1900.0,0.0,6.0,0.0,0.0,0.0,0.0,0.0
2022-02-20,14,8455,True,1901.182,0.0,11.0,0.0,0.0,0.0,0.0,0.0
2023-03-14,19,5731,True,2007.0,0.0,0.0,0.0,0.0,0.0,0.0,4.0
2017-08-04,14,7231,True,1991.75,0.0,0.0,0.0,1.0,0.0,3.0,4.0
2021-03-13,15,9325,True,1890.875,5.0,1.0,0.0,0.0,0.0,2.0,0.0
2020-02-09,16,8097,True,1971.667,0.0,0.0,0.0,4.0,0.0,1.0,1.0
2007-01-20,17,14785,True,1985.0,0.0,0.0,0.0,0.0,1.0,0.0,0.0
2010-09-06,18,11844,True,1992.0,0.0,0.0,0.0,0.0,1.0,0.0,1.0
2011-11-05,11,5376,True,1960.286,0.0,0.0,0.0,7.0,0.0,0.0,0.0
2018-01-18,9,3019,True,1983.0,0.0,0.0,0.0,0.0,1.0,0.0,0.0
2022-05-01,16,9834,True,1898.0,7.0,0.0,0.0,1.0,1.0,2.0,0.0
2022-07-31,17,13030,True,2009.0,0.0,0.0,0.0,0.0,0.0,0.0,1.0
2012-01-03,12,5546,True,1966.143,0.0,0.0,0.0,11.0,3.0,0.0,0.0
2012-01-05,20,4898,True,1970.0,0.0,0.0,0.0,0.0,1.0,0.0,0.0
2013-01-29,21,10358,True,1995.0,0.0,0.0,0.0,0.0,0.0,1.0,0.0
2022-02-19,8,14109,True,1936.0,0.0,0.0,1.0,0.0,0.0,0.0,0.0
2017-01-29,15,10661,True,1985.875,0.0,0.0,0.0,2.0,1.0,5.0,0.0
2019-01-08,16,13201,True,2018.0,0.0,0.0,0.0,0.0,0.0,0.0,1.0
2018-01-18,20,11520,True,2008.667,0.0,0.0,0.0,0.0,0.0,2.0,7.0
2023-05-21,22,13568,True,1995.0,0.0,0.0,0.0,0.0,0.0,2.0,0.0
2023-07-05,9,8669,True,2013.714,0.0,0.0,0.0,0.0,0.0,0.0,28.0
2023-07-05,11,9974,True,1955.0,0.0,0.0,0.0,1.0,0.0,0.0,0.0
2023-07-05,9,9496,True,1865.182,10.0,0.0,0.0,0.0,0.0,0.0,1.0
2023-07-05,11,13745,True,1962.0,0.0,0.0,0.0,5.0,0.0,0.0,0.0
2018-01-18,10,12432,True,1926.667,0.0,2.0,0.0,0.0,1.0,0.0,0.0
2019-06-06,6,9318,True,1850.0,2.0,0.0,0.0,0.0,0.0,0.0,0.0
2022-02-06,10,7604,True,1943.7,0.0,0.0,8.0,12.0,0.0,0.0,0.0
2022-02-18,15,10866,True,2010.0,0.0,0.0,0.0,0.0,0.0,0.0,1.0
2022-02-20,13,13977,True,1929.0,0.0,0.0,1.0,0.0,0.0,0.0,0.0
2006-08-11,11,8437,True,1959.0,0.0,0.0,0.0,5.0,0.0,0.0,0.0
2018-03-17,11,10661,True,1985.875,0.0,0.0,0.0,2.0,1.0,5.0,0.0
2022-02-19,13,11572,True,2002.0,0.0,0.0,0.0,0.0,0.0,0.0,1.0
2020-02-09,15,12917,True,1994.462,0.0,0.0,0.0,0.0,0.0,13.0,0.0
2023-03-26,11,8625,True,1907.0,0.0,7.0,0.0,0.0,0.0,0.0,0.0
2019-03-12,18,13920,True,1954.375,0.0,0.0,0.0,16.0,0.0,0.0,0.0
2020-02-22,15,8261,True,1995.909,0.0,0.0,0.0,3.0,0.0,0.0,8.0
2019-03-25,12,14255,True,1986.0,0.0,0.0,0.0,1.0,0.0,0.0,1.0
2020-02-10,10,11361,True,1889.25,0.0,4.0,0.0,0.0,0.0,0.0,0.0
2020-03-28,15,13456,True,1984.0,0.0,0.0,0.0,0.0,3.0,0.0,0.0
2011-12-29,20,7954,True,1922.8,0.0,0.0,5.0,0.0,0.0,0.0,0.0
2020-02-10,16,9284,True,1978.0,0.0,0.0,0.0,1.0,0.0,1.0,0.0
2021-10-04,12,13380,True,1982.0,0.0,0.0,0.0,0.0,1.0,0.0,0.0
2017-02-23,16,10846,True,1951.667,0.0,0.0,2.0,0.0,1.0,0.0,0.0
2019-09-28,20,8602,True,1975.8,0.0,0.0,0.0,5.0,3.0,0.0,2.0
2020-02-09,16,9135,True,1904.75,0.0,4.0,0.0,0.0,0.0,0.0,0.0
2011-09-04,3,9281,True,1982.769,0.0,1.0,1.0,0.0,0.0,11.0,0.0
2018-07-28,19,4054,True,1927.0,0.0,0.0,1.0,0.0,0.0,0.0,0.0
2022-04-30,17,7913,True,1995.2,0.0,0.0,0.0,0.0,0.0,5.0,0.0
2018-01-18,8,3180,True,1988.0,0.0,0.0,0.0,0.0,0.0,1.0,0.0
2018-01-18,11,13716,True,2010.0,0.0,0.0,0.0,0.0,0.0,0.0,3.0
2021-02-07,9,12905,True,2013.0,0.0,0.0,0.0,0.0,0.0,0.0,1.0
2022-01-31,8,4726,True,1987.0,0.0,0.0,0.0,0.0,8.0,0.0,1.0
2012-01-03,16,12361,True,2000.8,0.0,0.0,0.0,0.0,0.0,4.0,1.0
2023-03-15,19,6578,True,2011.5,0.0,0.0,0.0,0.0,0.0,0.0,2.0
2020-12-03,21,8615,True,1978.0,0.0,0.0,0.0,2.0,0.0,1.0,0.0
2022-03-07,10,11384,True,1943.6,0.0,3.0,0.0,0.0,0.0,0.0,2.0
2022-02-19,14,5584,True,1977.0,0.0,0.0,0.0,0.0,1.0,0.0,0.0
2022-02-21,14,8120,True,1903.5,0.0,3.0,1.0,0.0,0.0,0.0,0.0
2013-05-10,11,11873,True,1931.0,0.0,0.0,2.0,0.0,0.0,0.0,0.0
2023-07-05,22,11573,True,2002.0,0.0,0.0,0.0,0.0,0.0,0.0,1.0
2023-07-05,22,11175,True,1953.0,0.0,0.0,0.0,10.0,0.0,0.0,0.0
2017-02-23,21,11869,True,1968.0,0.0,0.0,0.0,1.0,0.0,0.0,0.0
2022-02-28,17,13763,True,1952.7,0.0,0.0,6.0,0.0,0.0,2.0,2.0
2022-02-21,14,7419,True,1977.25,0.0,0.0,0.0,2.0,0.0,2.0,0.0
2018-01-18,11,5720,True,1964.429,0.0,0.0,0.0,6.0,1.0,0.0,0.0
2019-03-16,18,10158,True,1926.0,0.0,0.0,1.0,0.0,0.0,0.0,0.0
2020-02-09,20,12019,True,1976.5,0.0,0.0,0.0,0.0,2.0,0.0,0.0
2022-02-18,15,3190,True,1981.75,0.0,0.0,0.0,0.0,4.0,0.0,0.0
2022-02-18,18,8476,True,1909.778,0.0,6.0,3.0,0.0,0.0,0.0,0.0
2022-02-21,10,8812,True,2007.0,0.0,0.0,0.0,0.0,0.0,0.0,1.0
2019-03-25,12,11052,True,1954.632,0.0,0.0,8.0,6.0,0.0,0.0,5.0
2021-05-21,22,9620,True,1945.5,0.0,0.0,10.0,0.0,0.0,4.0,0.0
2022-04-07,21,8306,True,1931.75,0.0,1.0,2.0,1.0,0.0,0.0,0.0
2012-09-24,16,7917,True,2007.4,0.0,0.0,0.0,0.0,0.0,0.0,5.0
2022-02-18,15,3011,True,2002.5,0.0,0.0,0.0,0.0,0.0,1.0,1.0
2022-02-20,10,2681,True,1984.0,0.0,0.0,0.0,0.0,9.0,0.0,0.0
2022-02-20,10,11024,True,1850.0,8.0,0.0,0.0,0.0,0.0,0.0,0.0
2019-06-06,0,13934,True,1921.634,0.0,0.0,41.0,0.0,0.0,0.0,0.0
2020-02-10,20,6227,True,1975.0,0.0,0.0,1.0,6.0,5.0,4.0,0.0
2021-05-19,13,8954,True,1970.455,0.0,0.0,0.0,7.0,2.0,1.0,1.0
2022-02-20,17,9831,True,1862.714,5.0,2.0,0.0,0.0,0.0,0.0,0.0
2022-06-26,18,13766,True,1995.077,0.0,0.0,0.0,3.0,0.0,1.0,9.0
2018-04-05,10,13899,True,1969.0,0.0,0.0,0.0,1.0,0.0,0.0,0.0
2023-10-30,11,7275,True,1945.643,0.0,6.0,2.0,2.0,1.0,0.0,3.0
2020-02-24,18,7456,True,2000.619,0.0,0.0,0.0,0.0,0.0,16.0,5.0
2017-02-23,16,8619,True,1949.571,0.0,1.0,3.0,2.0,0.0,0.0,1.0
2018-01-03,11,2337,True,1987.0,0.0,0.0,0.0,0.0,0.0,6.0,0.0
2018-01-18,10,7740,True,1997.769,0.0,0.0,0.0,0.0,0.0,13.0,0.0
2020-02-24,15,13788,True,2004.9,0.0,0.0,1.0,0.0,0.0,1.0,8.0
2022-02-18,22,14607,True,2010.0,0.0,0.0,0.0,0.0,0.0,0.0,1.0
2008-11-21,11,12695,True,1982.0,0.0,0.0,0.0,0.0,7.0,0.0,0.0
2021-03-11,12,8135,True,1915.857,0.0,4.0,3.0,0.0,0.0,0.0,0.0
2023-03-13,11,13981,True,1996.125,0.0,0.0,0.0,0.0,2.0,4.0,2.0
2022-02-20,16,7274,True,1986.818,0.0,0.0,0.0,4.0,0.0,4.0,3.0
2018-08-09,21,10362,True,1998.0,0.0,0.0,0.0,0.0,0.0,3.0,0.0
2022-02-06,11,11894,True,1949.179,0.0,0.0,23.0,11.0,1.0,3.0,1.0
2022-02-21,19,10535,True,1900.0,0.0,3.0,0.0,0.0,0.0,0.0,0.0
2007-02-24,16,13978,True,1946.632,0.0,0.0,12.0,5.0,0.0,1.0,1.0
2017-02-23,22,12712,True,1985.0,0.0,0.0,0.0,0.0,1.0,0.0,0.0
2018-08-09,21,8952,True,1956.071,0.0,0.0,0.0,14.0,0.0,0.0,0.0
2021-05-21,20,8429,True,1992.8,0.0,0.0,0.0,1.0,0.0,3.0,1.0
2023-03-26,12,10515,True,1850.0,11.0,0.0,0.0,0.0,0.0,0.0,0.0
2023-07-06,17,7611,True,1922.5,0.0,0.0,2.0,0.0,0.0,0.0,0.0
2012-07-14,12,8769,True,1983.0,0.0,0.0,2.0,1.0,0.0,0.0,4.0
2020-12-27,13,12531,True,2006.0,0.0,0.0,0.0,0.0,0.0,0.0,9.0
2021-03-11,11,9479,True,1913.833,0.0,4.0,1.0,0.0,1.0,0.0,0.0
2008-03-01,16,11700,True,1983.0,0.0,0.0,0.0,0.0,1.0,0.0,0.0
2022-02-21,1,5580,True,2010.077,0.0,0.0,0.0,0.0,0.0,0.0,13.0
2023-03-13,14,12867,True,1982.0,0.0,0.0,0.0,0.0,12.0,0.0,0.0
2019-03-09,15,7273,True,1997.0,0.0,0.0,0.0,0.0,1.0,1.0,2.0
2022-01-17,10,9816,True,1954.4,0.0,0.0,3.0,0.0,0.0,2.0,0.0
2018-12-08,16,7402,True,2002.9,0.0,0.0,0.0,0.0,0.0,0.0,20.0
2023-07-13,21,11160,True,1986.625,0.0,0.0,0.0,0.0,6.0,1.0,1.0
2021-05-21,18,13389,True,2008.0,0.0,0.0,0.0,0.0,0.0,0.0,1.0
2022-02-18,15,14960,True,1993.286,0.0,0.0,0.0,0.0,0.0,7.0,0.0
2017-12-27,19,12912,True,1988.0,0.0,0.0,0.0,1.0,0.0,4.0,0.0
2022-02-18,15,5580,True,2010.077,0.0,0.0,0.0,0.0,0.0,0.0,13.0
2021-03-11,10,7429,True,1963.0,0.0,0.0,0.0,7.0,0.0,0.0,1.0
2017-02-01,8,10497,True,1991.9,0.0,0.0,0.0,3.0,1.0,0.0,6.0
2019-01-26,9,14450,True,1936.822,0.0,21.0,10.0,5.0,4.0,2.0,3.0
2022-01-20,8,9494,True,1878.5,8.0,0.0,0.0,0.0,0.0,2.0,0.0
2020-12-29,15,7958,True,2003.5,0.0,0.0,0.0,1.0,0.0,0.0,5.0
2023-01-31,11,11365,True,1919.0,0.0,2.0,0.0,0.0,0.0,0.0,0.0
2022-02-18,19,13051,True,1990.0,0.0,0.0,0.0,0.0,0.0,1.0,0.0
2022-02-19,1,14443,True,1966.824,0.0,0.0,6.0,2.0,0.0,9.0,0.0
2022-02-20,19,10516,True,1865.0,8.0,0.0,0.0,0.0,1.0,0.0,0.0
2022-02-22,14,6401,True,1983.8,0.0,0.0,0.0,2.0,1.0,0.0,2.0
2019-08-10,8,4032,True,2001.667,0.0,0.0,0.0,0.0,0.0,1.0,2.0
2020-08-26,15,8090,True,1962.524,0.0,0.0,0.0,21.0,0.0,0.0,0.0
2020-08-28,16,7644,True,2015.532,0.0,0.0,0.0,0.0,0.0,0.0,47.0
2022-02-18,19,7773,True,1929.25,0.0,0.0,4.0,0.0,0.0,0.0,0.0
2023-03-13,19,12235,True,1946.571,0.0,0.0,5.0,0.0,1.0,1.0,0.0
2018-01-03,12,12035,True,1976.0,0.0,0.0,0.0,0.0,2.0,0.0,0.0
2022-02-28,11,9448,True,1924.0,0.0,0.0,2.0,0.0,0.0,0.0,0.0
2020-02-23,10,12011,True,1977.0,0.0,0.0,0.0,0.0,2.0,0.0,0.0
2020-02-09,11,13423,True,1983.75,0.0,0.0,0.0,0.0,12.0,0.0,0.0
2006-10-13,11,4900,True,1981.333,0.0,0.0,0.0,1.0,1.0,1.0,0.0
2017-02-23,17,13428,True,1999.455,0.0,0.0,0.0,1.0,2.0,2.0,6.0
2017-09-12,18,4905,True,1973.0,0.0,0.0,0.0,0.0,1.0,0.0,0.0
2018-01-18,11,12411,True,1965.667,0.0,1.0,0.0,4.0,2.0,2.0,0.0
2019-02-22,12,11539,True,1924.5,4.0,0.0,0.0,0.0,1.0,1.0,2.0
2020-12-27,8,10187,True,1978.625,0.0,2.0,0.0,0.0,0.0,6.0,0.0
2021-03-11,11,12233,True,1925.0,0.0,0.0,1.0,0.0,0.0,0.0,0.0
2021-03-11,16,13572,True,1963.0,0.0,0.0,0.0,1.0,0.0,0.0,0.0
2023-07-05,12,7596,True,1930.167,0.0,0.0,6.0,0.0,0.0,0.0,0.0
2023-07-05,12,9457,True,2005.0,0.0,0.0,0.0,0.0,0.0,0.0,1.0
2019-03-13,18,8642,True,1929.75,0.0,4.0,0.0,3.0,0.0,1.0,0.0
2008-03-02,5,10993,True,1990.0,0.0,0.0,0.0,0.0,0.0,12.0,0.0
2017-11-10,17,9960,True,1962.5,0.0,0.0,1.0,0.0,0.0,1.0,0.0
2020-02-09,14,8653,True,1991.0,0.0,0.0,0.0,0.0,0.0,1.0,0.0
2021-05-21,12,3185,True,1982.333,0.0,0.0,0.0,0.0,5.0,0.0,1.0
2018-01-03,11,9318,True,1850.0,2.0,0.0,0.0,0.0,0.0,0.0,0.0
2019-03-11,11,8430,True,1998.0,0.0,0.0,0.0,0.0,1.0,1.0,2.0
2022-02-18,16,8940,True,1989.0,0.0,0.0,0.0,2.0,1.0,2.0,3.0
2022-02-19,10,10304,True,1988.0,0.0,0.0,0.0,0.0,0.0,2.0,0.0
2022-02-21,16,4552,True,2009.0,0.0,0.0,0.0,0.0,0.0,0.0,1.0
2018-01-18,9,8619,True,1949.571,0.0,1.0,3.0,2.0,0.0,0.0,1.0
2019-02-07,16,3887,True,1965.9,0.0,0.0,0.0,18.0,0.0,2.0,0.0
2019-06-08,17,11177,True,1953.556,0.0,0.0,0.0,9.0,0.0,0.0,0.0
2020-02-09,17,10481,True,1958.04,0.0,0.0,0.0,24.0,0.0,1.0,0.0
2022-02-21,13,9971,True,1997.667,0.0,0.0,0.0,0.0,1.0,1.0,1.0
2020-02-22,13,10302,True,2000.333,0.0,0.0,0.0,0.0,0.0,3.0,3.0
2022-02-18,15,12547,True,1990.0,0.0,0.0,0.0,0.0,2.0,2.0,1.0
2019-03-10,9,14413,True,2004.0,0.0,0.0,0.0,0.0,0.0,0.0,2.0
2021-03-11,9,10319,True,1966.875,0.0,0.0,0.0,6.0,0.0,2.0,0.0
2021-06-02,11,7437,True,1930.0,0.0,0.0,2.0,0.0,0.0,0.0,0.0
2022-01-31,13,8459,True,1912.25,0.0,4.0,0.0,0.0,0.0,0.0,0.0
2022-02-16,19,12920,True,1995.0,0.0,0.0,0.0,0.0,1.0,0.0,1.0
2022-06-24,9,10651,True,1990.333,0.0,0.0,0.0,0.0,0.0,9.0,0.0
2022-02-18,15,7068,True,1989.0,0.0,0.0,2.0,0.0,0.0,0.0,7.0
2018-01-18,11,12016,True,2014.0,0.0,0.0,0.0,0.0,0.0,0.0,2.0
2017-12-08,19,7920,True,1992.0,0.0,0.0,0.0,0.0,0.0,8.0,0.0
2017-12-30,12,9314,True,1850.0,3.0,0.0,0.0,0.0,0.0,0.0,0.0
2018-01-03,3,13028,True,2017.0,0.0,0.0,0.0,0.0,0.0,0.0,1.0
2018-01-18,9,7740,True,1997.769,0.0,0.0,0.0,0.0,0.0,13.0,0.0
2018-01-18,12,10368,True,2015.0,0.0,0.0,0.0,0.0,0.0,0.0,5.0
2017-09-13,12,11521,True,2004.833,0.0,0.0,0.0,0.0,0.0,3.0,3.0
2019-10-17,18,14815,True,1993.0,0.0,0.0,0.0,0.0,0.0,1.0,0.0
2021-03-11,10,5584,True,1977.0,0.0,0.0,0.0,0.0,1.0,0.0,0.0
2020-02-09,16,5895,True,1981.667,0.0,0.0,0.0,1.0,0.0,2.0,0.0
2023-07-05,9,11871,True,1990.667,0.0,0.0,0.0,0.0,2.0,0.0,1.0
2023-07-05,9,7579,True,1992.333,0.0,0.0,0.0,0.0,0.0,12.0,0.0
2022-02-16,22,14071,True,1969.0,0.0,0.0,0.0,1.0,0.0,0.0,0.0
2022-05-05,13,9316,True,1850.0,2.0,0.0,0.0,0.0,0.0,0.0,0.0
2019-06-08,8,9471,True,1950.0,0.0,1.0,0.0,0.0,2.0,0.0,0.0
2020-02-22,13,10510,True,1865.385,11.0,1.0,0.0,0.0,0.0,0.0,1.0
2021-03-28,18,3348,True,1984.75,0.0,0.0,0.0,0.0,2.0,2.0,0.0
2019-03-07,20,10319,True,1966.875,0.0,0.0,0.0,6.0,0.0,2.0,0.0
2011-09-12,18,2836,True,1986.778,0.0,0.0,0.0,0.0,5.0,3.0,1.0
2018-01-03,12,10982,True,2002.2,0.0,0.0,0.0,0.0,0.0,2.0,3.0
2013-01-29,23,9496,True,1865.182,10.0,0.0,0.0,0.0,0.0,0.0,1.0
2021-03-13,13,9842,True,1962.059,2.0,1.0,1.0,1.0,1.0,11.0,0.0
2021-05-21,16,13417,True,1900.0,0.0,4.0,0.0,0.0,0.0,0.0,0.0
2023-02-01,13,11696,True,1961.0,0.0,0.0,0.0,1.0,0.0,0.0,0.0
2020-02-09,18,4551,True,2001.25,0.0,0.0,0.0,0.0,1.0,0.0,3.0
2021-03-20,14,12364,True,2008.0,0.0,0.0,0.0,0.0,0.0,0.0,1.0
2021-01-21,4,8662,True,2007.0,0.0,0.0,0.0,0.0,0.0,0.0,2.0
2017-06-06,22,11034,True,1987.727,0.0,0.0,0.0,0.0,9.0,1.0,1.0
2017-09-13,13,11004,True,1971.091,0.0,0.0,0.0,16.0,0.0,0.0,6.0
2022-02-18,16,12402,True,1948.667,0.0,0.0,6.0,4.0,0.0,0.0,2.0
2022-02-19,11,6560,True,1992.0,0.0,0.0,0.0,0.0,0.0,1.0,0.0
2022-01-31,16,3182,True,1995.857,0.0,0.0,0.0,0.0,1.0,4.0,2.0
2021-03-11,10,9648,True,1937.667,0.0,0.0,5.0,0.0,0.0,0.0,1.0
2022-02-22,12,11879,True,1896.0,0.0,1.0,0.0,0.0,0.0,0.0,0.0
2018-01-18,8,8942,True,1998.8,0.0,0.0,0.0,1.0,0.0,0.0,4.0
2022-02-20,15,9854,True,1995.333,0.0,0.0,0.0,0.0,3.0,0.0,3.0
2020-02-09,19,8964,True,1904.6,0.0,5.0,0.0,0.0,0.0,0.0,0.0
2018-07-28,10,10845,True,1944.333,0.0,0.0,2.0,1.0,0.0,0.0,0.0
2020-02-10,13,7236,True,1995.0,0.0,0.0,0.0,0.0,0.0,10.0,0.0
2018-01-18,10,13253,True,2012.0,0.0,0.0,0.0,0.0,0.0,0.0,5.0
2022-02-21,12,14574,True,2002.0,0.0,0.0,0.0,0.0,0.0,0.0,1.0
2009-11-18,14,11748,True,1972.0,0.0,0.0,0.0,0.0,3.0,0.0,0.0
2009-11-23,19,12909,True,1944.5,0.0,1.0,0.0,0.0,0.0,1.0,0.0
2020-12-04,11,9112,True,1995.933,0.0,0.0,0.0,5.0,0.0,1.0,9.0
2018-01-18,10,14408,True,1993.667,0.0,0.0,0.0,0.0,0.0,3.0,0.0
2019-06-06,0,11842,True,2006.0,0.0,0.0,0.0,0.0,0.0,0.0,4.0
2020-02-17,14,5417,True,1994.5,0.0,0.0,0.0,0.0,1.0,3.0,0.0
2022-02-17,13,7248,True,1970.5,0.0,0.0,0.0,2.0,0.0,2.0,0.0
2019-03-09,16,11348,True,1993.0,0.0,0.0,0.0,0.0,1.0,1.0,2.0
2020-02-09,20,12208,True,1981.0,0.0,0.0,0.0,0.0,2.0,1.0,0.0
2020-02-23,13,10992,True,1990.167,0.0,0.0,0.0,0.0,0.0,24.0,0.0
2023-07-07,14,9622,True,1987.118,0.0,0.0,0.0,7.0,0.0,6.0,4.0
2017-02-23,15,7611,True,1922.5,0.0,0.0,2.0,0.0,0.0,0.0,0.0
2020-02-09,20,12860,True,2008.5,0.0,0.0,0.0,0.0,0.0,0.0,2.0
2022-02-22,17,8601,True,1966.0,0.0,0.0,0.0,1.0,0.0,0.0,0.0
2021-02-07,12,8778,True,1900.0,0.0,3.0,0.0,0.0,0.0,0.0,0.0
2021-03-11,11,11387,True,1962.25,0.0,1.0,1.0,2.0,0.0,4.0,0.0
2023-07-16,13,8475,True,1896.4,0.0,5.0,0.0,0.0,0.0,0.0,0.0
2020-02-09,17,11680,True,2011.0,0.0,0.0,0.0,0.0,0.0,0.0,2.0
2022-02-17,16,8468,True,1956.4,0.0,2.0,1.0,1.0,6.0,0.0,0.0
2020-02-16,10,7596,True,1930.167,0.0,0.0,6.0,0.0,0.0,0.0,0.0
2022-02-21,10,11347,True,1983.6,0.0,0.0,0.0,0.0,4.0,0.0,1.0
2018-07-27,9,13255,True,1972.0,0.0,0.0,0.0,1.0,2.0,0.0,0.0
2022-02-18,14,9159,True,1901.667,0.0,3.0,0.0,0.0,0.0,0.0,0.0
2022-02-18,17,7245,True,2001.0,0.0,0.0,0.0,0.0,0.0,1.0,0.0
2022-02-18,18,13431,True,1979.8,0.0,0.0,0.0,0.0,8.0,2.0,0.0
2023-07-05,9,3363,True,1982.0,0.0,0.0,0.0,0.0,1.0,0.0,0.0
2023-07-05,9,12416,True,1981.667,0.0,0.0,0.0,4.0,1.0,2.0,2.0
2018-09-22,20,8647,True,2000.417,0.0,1.0,1.0,0.0,0.0,0.0,10.0
2018-08-27,1,2676,True,1992.667,0.0,0.0,0.0,0.0,3.0,1.0,2.0
2019-02-07,15,14134,True,2010.333,0.0,0.0,0.0,0.0,0.0,0.0,3.0
2019-03-09,15,6722,True,1966.5,0.0,0.0,0.0,2.0,0.0,0.0,0.0
2019-03-09,15,10535,True,1900.0,0.0,3.0,0.0,0.0,0.0,0.0,0.0
2018-01-03,14,6569,True,1964.333,0.0,0.0,0.0,3.0,0.0,0.0,0.0
2018-01-18,12,9155,True,1879.0,1.0,1.0,0.0,0.0,0.0,0.0,0.0
2018-07-28,14,9834,True,1898.0,7.0,0.0,0.0,1.0,1.0,2.0,0.0
2018-08-09,21,14273,True,1957.824,0.0,0.0,8.0,0.0,0.0,9.0,0.0
2020-02-23,16,14958,True,1994.154,0.0,0.0,0.0,0.0,0.0,11.0,2.0
2023-03-13,15,9475,True,1937.2,0.0,0.0,4.0,0.0,1.0,0.0,0.0
2021-03-11,11,13718,True,2006.0,0.0,0.0,0.0,0.0,0.0,0.0,2.0
2023-07-05,8,13928,True,2003.571,0.0,0.0,0.0,0.0,0.0,0.0,7.0
2023-07-05,8,9623,True,2006.667,0.0,0.0,0.0,0.0,0.0,0.0,9.0
2020-05-10,22,9648,True,1937.667,0.0,0.0,5.0,0.0,0.0,0.0,1.0
2022-02-22,17,13719,True,1995.0,0.0,0.0,0.0,0.0,0.0,4.0,0.0
2022-02-20,8,8770,True,1976.0,0.0,0.0,0.0,2.0,0.0,0.0,1.0
2012-01-05,18,11190,True,1966.5,0.0,5.0,0.0,0.0,0.0,11.0,0.0
2007-01-21,19,7080,True,1938.0,0.0,0.0,1.0,0.0,0.0,0.0,0.0
2008-07-21,18,12432,True,1926.667,0.0,2.0,0.0,0.0,1.0,0.0,0.0
2022-02-21,11,7592,True,1972.462,0.0,0.0,6.0,0.0,0.0,0.0,7.0
2020-02-10,10,10687,True,1901.667,2.0,0.0,0.0,0.0,0.0,0.0,1.0
2020-08-09,16,10310,True,1971.05,0.0,0.0,0.0,14.0,0.0,3.0,3.0
2023-11-02,16,11018,True,1982.875,0.0,0.0,0.0,3.0,1.0,4.0,0.0
2018-01-18,10,5413,True,2006.917,0.0,0.0,0.0,0.0,0.0,0.0,12.0
2023-03-13,11,8113,True,1953.6,0.0,0.0,2.0,2.0,0.0,1.0,0.0
2018-01-18,11,11053,True,1922.0,0.0,0.0,2.0,0.0,0.0,0.0,0.0
2017-06-06,12,10650,True,1990.25,0.0,0.0,0.0,0.0,0.0,12.0,0.0
2018-01-18,9,7235,True,1995.286,0.0,0.0,0.0,0.0,0.0,7.0,0.0
2010-11-12,8,14101,True,1928.4,0.0,0.0,23.0,2.0,0.0,0.0,0.0
2023-03-13,15,6925,True,1972.882,0.0,0.0,0.0,11.0,1.0,0.0,5.0
2022-02-22,9,14447,True,1943.9,0.0,11.0,0.0,3.0,0.0,5.0,1.0
2019-11-02,14,12209,True,1989.167,0.0,0.0,0.0,0.0,2.0,3.0,1.0
2020-03-29,17,12369,True,1984.0,0.0,0.0,0.0,0.0,1.0,0.0,0.0
2021-03-11,10,13888,True,2006.667,0.0,0.0,0.0,0.0,0.0,0.0,3.0
2022-02-18,15,3710,True,1985.0,0.0,0.0,0.0,0.0,1.0,0.0,0.0
2022-02-18,16,8255,True,1978.375,0.0,0.0,0.0,0.0,12.0,4.0,0.0
2022-02-18,21,14258,True,1995.0,0.0,0.0,0.0,0.0,0.0,3.0,0.0
2018-01-18,18,13752,True,1963.286,0.0,0.0,0.0,5.0,1.0,0.0,1.0
2023-07-16,13,10311,True,1984.769,0.0,0.0,0.0,6.0,0.0,1.0,6.0
2020-07-01,10,5891,True,1966.5,0.0,0.0,0.0,2.0,0.0,0.0,0.0
2012-11-25,14,13031,True,2008.0,0.0,0.0,0.0,0.0,0.0,0.0,3.0
2018-03-17,21,11726,True,1993.625,0.0,0.0,0.0,1.0,0.0,4.0,3.0
2020-02-10,8,7245,True,2001.0,0.0,0.0,0.0,0.0,0.0,1.0,0.0
2021-03-11,13,14573,True,2002.0,0.0,0.0,0.0,0.0,0.0,0.0,2.0
2022-02-20,11,8811,True,1916.333,0.0,4.0,1.0,0.0,0.0,1.0,0.0
2022-02-18,15,11208,True,1943.556,0.0,5.0,1.0,1.0,0.0,0.0,2.0
2020-02-18,13,8590,True,2008.5,0.0,0.0,0.0,0.0,0.0,0.0,2.0
2022-02-21,9,14752,True,2006.0,0.0,0.0,0.0,0.0,0.0,0.0,1.0
2019-03-16,18,9140,True,1888.5,0.0,7.0,1.0,0.0,0.0,0.0,0.0
2022-02-19,16,4059,True,1999.0,0.0,0.0,0.0,0.0,1.0,0.0,1.0
2023-09-08,0,11893,True,1942.267,0.0,0.0,23.0,3.0,0.0,4.0,0.0
2020-12-27,12,5547,True,1982.941,0.0,0.0,0.0,9.0,1.0,0.0,7.0
2019-08-10,15,11379,True,1953.0,0.0,3.0,1.0,1.0,0.0,2.0,1.0
2019-03-11,16,11556,True,2009.0,0.0,0.0,0.0,0.0,0.0,0.0,1.0
2022-01-31,14,7646,True,2014.75,0.0,0.0,0.0,0.0,0.0,0.0,16.0
2022-02-20,15,13977,True,1929.0,0.0,0.0,1.0,0.0,0.0,0.0,0.0
2022-02-18,15,9459,True,2006.0,0.0,0.0,0.0,0.0,0.0,0.0,1.0
2022-02-18,15,6720,True,1985.0,0.0,0.0,0.0,0.0,1.0,0.0,0.0
2022-02-20,20,13781,True,1992.4,0.0,0.0,0.0,0.0,0.0,5.0,0.0
2017-10-02,16,7938,True,1922.667,0.0,0.0,6.0,0.0,0.0,0.0,0.0
2019-06-20,18,11348,True,1993.0,0.0,0.0,0.0,0.0,1.0,1.0,2.0
2022-02-20,10,11677,True,1972.833,0.0,1.0,0.0,0.0,3.0,1.0,1.0
2022-09-21,18,1303,True,2001.0,0.0,0.0,0.0,0.0,0.0,2.0,0.0
2017-10-04,18,12546,True,1992.0,0.0,0.0,0.0,0.0,0.0,2.0,0.0
2018-12-15,17,9840,True,1938.933,6.0,0.0,0.0,0.0,2.0,3.0,4.0
2019-02-09,13,14439,True,1974.0,0.0,0.0,0.0,0.0,1.0,0.0,0.0
2021-03-11,15,11857,True,1989.0,0.0,0.0,0.0,0.0,1.0,2.0,1.0
2022-02-19,12,12181,True,2003.0,0.0,0.0,0.0,0.0,2.0,0.0,8.0
2020-02-11,12,12093,True,1979.0,0.0,0.0,0.0,0.0,1.0,0.0,0.0
2021-07-07,13,12441,True,1985.0,0.0,0.0,0.0,0.0,2.0,0.0,0.0
2022-02-20,8,14622,True,1970.1,0.0,0.0,0.0,6.0,0.0,4.0,0.0
2020-02-11,9,7070,True,1996.2,0.0,0.0,1.0,0.0,0.0,0.0,9.0
2008-10-26,13,8593,True,1994.0,0.0,0.0,0.0,0.0,0.0,2.0,0.0
2017-02-23,14,5580,True,2010.077,0.0,0.0,0.0,0.0,0.0,0.0,13.0
2020-10-21,17,11372,True,2012.667,0.0,0.0,0.0,0.0,0.0,0.0,6.0
2012-09-24,16,8094,True,1968.409,0.0,0.0,0.0,19.0,1.0,1.0,1.0
2017-07-30,11,6937,True,2003.0,0.0,0.0,0.0,0.0,0.0,0.0,1.0
2020-02-09,16,10662,True,1996.167,0.0,0.0,0.0,0.0,0.0,6.0,0.0
2018-01-03,12,11903,True,1970.5,0.0,0.0,0.0,6.0,5.0,1.0,0.0
2017-02-23,18,12541,True,1985.0,0.0,0.0,0.0,0.0,1.0,0.0,0.0
2022-02-18,16,2334,True,1984.0,0.0,0.0,0.0,0.0,17.0,0.0,0.0
2022-02-20,9,9110,True,1988.0,0.0,0.0,0.0,0.0,1.0,2.0,0.0
2019-03-17,9,13784,True,2006.6,0.0,0.0,0.0,0.0,0.0,3.0,2.0
2017-11-26,10,7106,True,1976.6,0.0,0.0,0.0,0.0,4.0,0.0,1.0
2023-02-28,7,10368,True,2015.0,0.0,0.0,0.0,0.0,0.0,0.0,5.0
2023-03-13,14,10346,True,1850.0,7.0,0.0,0.0,0.0,0.0,0.0,0.0
2017-10-05,10,11746,True,2017.0,0.0,0.0,0.0,0.0,0.0,0.0,3.0
2018-01-18,11,13232,True,1964.0,0.0,0.0,0.0,1.0,0.0,0.0,0.0
2022-02-18,15,9989,True,1925.333,0.0,1.0,2.0,0.0,0.0,0.0,0.0
2017-09-29,18,4893,True,2004.667,0.0,0.0,0.0,0.0,0.0,3.0,3.0
2020-08-26,7,11729,True,1931.085,0.0,0.0,45.0,0.0,0.0,0.0,2.0
2019-02-09,11,2851,True,1987.625,0.0,0.0,0.0,0.0,3.0,5.0,0.0
2018-12-21,16,9115,True,1967.333,0.0,0.0,0.0,5.0,0.0,1.0,0.0
2012-11-25,12,7403,True,1977.636,0.0,0.0,2.0,2.0,3.0,0.0,4.0
2022-02-18,15,13297,True,1965.0,0.0,0.0,0.0,1.0,0.0,0.0,0.0
2017-06-23,17,14247,True,2008.0,0.0,0.0,0.0,0.0,0.0,0.0,1.0
2022-04-07,20,14070,True,1992.0,0.0,0.0,0.0,1.0,0.0,0.0,1.0
2023-03-13,13,14068,True,1988.0,0.0,0.0,0.0,0.0,0.0,5.0,0.0
2020-02-09,16,12069,True,1949.357,0.0,0.0,0.0,28.0,0.0,0.0,0.0
2022-02-18,19,14085,True,2014.0,0.0,0.0,0.0,0.0,0.0,0.0,2.0
2022-02-19,8,11185,True,1975.5,0.0,0.0,1.0,0.0,0.0,0.0,1.0
2019-02-09,12,8159,True,2009.091,0.0,0.0,0.0,0.0,0.0,0.0,11.0
2021-05-22,14,8311,True,1987.5,0.0,0.0,0.0,0.0,1.0,1.0,0.0
2022-02-19,9,14958,True,1994.154,0.0,0.0,0.0,0.0,0.0,11.0,2.0
2022-02-20,11,11684,True,1988.333,0.0,0.0,0.0,0.0,2.0,1.0,0.0
2022-02-20,21,7917,True,2007.4,0.0,0.0,0.0,0.0,0.0,0.0,5.0
2023-07-05,9,6407,True,1957.0,0.0,1.0,0.0,0.0,1.0,1.0,0.0
2023-07-05,9,13059,True,1960.75,0.0,0.0,0.0,4.0,0.0,0.0,0.0
2023-07-06,11,13079,True,1983.526,0.0,2.0,0.0,0.0,0.0,12.0,5.0
2020-02-09,16,11719,True,1973.429,0.0,0.0,2.0,0.0,0.0,5.0,0.0
2023-03-13,12,4725,True,1995.909,0.0,0.0,0.0,0.0,7.0,0.0,4.0
2023-07-05,9,12893,True,1958.0,0.0,0.0,0.0,3.0,0.0,0.0,0.0
2023-07-05,9,8955,True,1963.5,0.0,0.0,0.0,2.0,0.0,0.0,0.0
2022-01-31,9,7279,True,2007.0,0.0,0.0,0.0,0.0,0.0,0.0,2.0
2020-02-10,11,9324,True,1873.2,2.0,3.0,0.0,0.0,0.0,0.0,0.0
2011-03-31,11,14441,True,1978.25,0.0,0.0,0.0,1.0,2.0,1.0,0.0
2021-12-25,12,12364,True,2008.0,0.0,0.0,0.0,0.0,0.0,0.0,1.0
2022-02-18,17,10828,True,1988.8,0.0,0.0,0.0,0.0,0.0,5.0,0.0
2017-09-13,10,14784,True,1967.25,0.0,1.0,0.0,0.0,2.0,1.0,0.0
2023-07-05,9,10356,True,1970.667,0.0,2.0,0.0,0.0,0.0,1.0,3.0
2023-07-05,9,10687,True,1901.667,2.0,0.0,0.0,0.0,0.0,0.0,1.0
2019-06-07,17,4903,True,1988.0,0.0,0.0,0.0,0.0,10.0,0.0,7.0
2020-02-10,8,5887,True,1962.5,0.0,0.0,0.0,4.0,0.0,0.0,0.0
2023-03-13,9,4564,True,1946.0,0.0,0.0,1.0,1.0,0.0,0.0,0.0
2022-02-21,15,8798,True,1899.111,0.0,8.0,0.0,0.0,0.0,1.0,0.0
2022-01-31,13,9116,True,1991.333,0.0,0.0,0.0,0.0,1.0,4.0,1.0
2022-02-19,13,10661,True,1985.875,0.0,0.0,0.0,2.0,1.0,5.0,0.0
2022-02-18,15,5058,True,1983.0,0.0,0.0,0.0,0.0,1.0,0.0,0.0
2022-01-31,17,10710,True,1994.0,0.0,0.0,0.0,0.0,0.0,1.0,0.0
2023-03-13,14,12074,True,2008.364,0.0,0.0,0.0,1.0,0.0,0.0,10.0
2023-03-13,11,5554,True,1966.7,0.0,0.0,0.0,8.0,2.0,0.0,0.0
2022-02-22,16,3691,True,2004.0,0.0,0.0,0.0,0.0,0.0,1.0,1.0
2020-01-16,22,11013,True,1952.5,0.0,1.0,1.0,2.0,1.0,1.0,0.0
2022-02-19,13,10166,True,1878.25,5.0,2.0,0.0,0.0,0.0,1.0,0.0
2022-02-06,6,9153,True,1959.222,1.0,1.0,0.0,2.0,0.0,5.0,0.0
2022-02-18,15,9005,True,2008.435,0.0,0.0,0.0,0.0,0.0,0.0,23.0
2019-03-09,16,10651,True,1990.333,0.0,0.0,0.0,0.0,0.0,9.0,0.0
2019-06-04,23,11544,True,2015.0,0.0,0.0,0.0,0.0,0.0,0.0,1.0
2018-01-03,15,1473,True,2001.0,0.0,0.0,0.0,0.0,0.0,3.0,0.0
2022-02-19,12,5723,True,1975.5,0.0,0.0,0.0,5.0,0.0,3.0,0.0
2018-05-01,4,12380,True,1991.182,0.0,0.0,0.0,0.0,1.0,9.0,1.0
2022-02-18,21,14411,True,1997.0,0.0,0.0,0.0,0.0,0.0,1.0,0.0
2019-10-26,14,3020,True,1993.0,0.0,0.0,0.0,0.0,0.0,4.0,0.0
2018-08-30,15,12038,True,1991.2,0.0,0.0,0.0,3.0,0.0,0.0,7.0
2020-02-09,19,12879,True,1985.0,0.0,0.0,0.0,0.0,1.0,0.0,0.0
2022-09-16,15,7476,True,1991.667,0.0,0.0,0.0,2.0,0.0,0.0,4.0
2018-03-18,10,7742,True,1998.235,0.0,0.0,0.0,0.0,0.0,17.0,0.0
2019-02-09,7,5543,True,1944.0,0.0,1.0,6.0,5.0,1.0,0.0,0.0
2020-12-27,9,8468,True,1956.4,0.0,2.0,1.0,1.0,6.0,0.0,0.0
2022-02-21,16,7268,True,1960.375,0.0,0.0,4.0,0.0,2.0,1.0,1.0
2020-02-16,8,4570,True,1982.0,0.0,0.0,0.0,0.0,2.0,0.0,0.0
2022-02-21,9,12210,True,1992.429,0.0,0.0,0.0,1.0,2.0,1.0,3.0
2019-03-07,18,12582,True,1987.25,0.0,0.0,0.0,0.0,3.0,5.0,0.0
2022-01-30,16,9457,True,2005.0,0.0,0.0,0.0,0.0,0.0,0.0,1.0
2023-03-13,16,9619,True,1999.0,0.0,0.0,0.0,0.0,0.0,1.0,0.0
2021-03-11,11,2495,True,1999.286,0.0,0.0,0.0,0.0,0.0,3.0,4.0
2022-02-18,14,13943,True,1978.0,0.0,0.0,0.0,0.0,8.0,0.0,0.0
2023-11-02,16,12528,True,1996.0,0.0,0.0,0.0,0.0,0.0,5.0,2.0
