Date,Hour,grid_id,has_building,Gemiddeld Bouwjaar,Gewogen Gemiddeld Bouwjaar,Voor 1860,1860-1919,1920-1939,1940-1969,1970-1985,1986-2001,Na 2001
2018-01-18,14,3142,False,0.0,0.0,0.0,0.0,0.0,0.0,0.0,0.0,0.0
2022-02-19,14,14395,False,0.0,0.0,0.0,0.0,0.0,0.0,0.0,0.0,0.0
2019-02-07,16,13071,False,0.0,0.0,0.0,0.0,0.0,0.0,0.0,0.0,0.0
2020-02-09,14,11365,False,0.0,0.0,0.0,0.0,0.0,0.0,0.0,0.0,0.0
2023-04-01,15,13232,False,0.0,0.0,0.0,0.0,0.0,0.0,0.0,0.0,0.0
2009-09-18,18,14856,False,0.0,0.0,0.0,0.0,0.0,0.0,0.0,0.0,0.0
2023-01-04,14,1915,False,0.0,0.0,0.0,0.0,0.0,0.0,0.0,0.0,0.0
2021-03-11,12,14913,False,0.0,0.0,0.0,0.0,0.0,0.0,0.0,0.0,0.0
2022-02-24,11,15442,False,0.0,0.0,0.0,0.0,0.0,0.0,0.0,0.0,0.0
2012-11-25,13,4545,False,0.0,0.0,0.0,0.0,0.0,0.0,0.0,0.0,0.0
2020-06-18,20,14010,False,0.0,0.0,0.0,0.0,0.0,0.0,0.0,0.0,0.0
2018-01-18,10,2998,False,0.0,0.0,0.0,0.0,0.0,0.0,0.0,0.0,0.0
2022-02-19,17,17028,False,0.0,0.0,0.0,0.0,0.0,0.0,0.0,0.0,0.0
2022-11-02,19,10861,False,0.0,0.0,0.0,0.0,0.0,0.0,0.0,0.0,0.0
2023-03-13,15,16691,False,0.0,0.0,0.0,0.0,0.0,0.0,0.0,0.0,0.0
2020-06-29,21,16024,False,0.0,0.0,0.0,0.0,0.0,0.0,0.0,0.0,0.0
2018-03-01,18,2908,False,0.0,0.0,0.0,0.0,0.0,0.0,0.0,0.0,0.0
2022-02-20,21,5049,False,0.0,0.0,0.0,0.0,0.0,0.0,0.0,0.0,0.0
2020-02-10,20,15333,False,0.0,0.0,0.0,0.0,0.0,0.0,0.0,0.0,0.0
2018-01-18,10,10861,False,0.0,0.0,0.0,0.0,0.0,0.0,0.0,0.0,0.0
2023-01-13,10,6409,False,0.0,0.0,0.0,0.0,0.0,0.0,0.0,0.0,0.0
2022-02-18,19,14161,False,0.0,0.0,0.0,0.0,0.0,0.0,0.0,0.0,0.0
2022-12-31,13,3808,False,0.0,0.0,0.0,0.0,0.0,0.0,0.0,0.0,0.0
2008-09-21,18,11095,False,0.0,0.0,0.0,0.0,0.0,0.0,0.0,0.0,0.0
2009-11-14,21,9750,False,0.0,0.0,0.0,0.0,0.0,0.0,0.0,0.0,0.0
2022-04-07,11,13584,False,0.0,0.0,0.0,0.0,0.0,0.0,0.0,0.0,0.0
2022-02-21,19,12759,False,0.0,0.0,0.0,0.0,0.0,0.0,0.0,0.0,0.0
2019-03-17,2,7297,False,0.0,0.0,0.0,0.0,0.0,0.0,0.0,0.0,0.0
2022-02-20,12,14080,False,0.0,0.0,0.0,0.0,0.0,0.0,0.0,0.0,0.0
2022-02-18,17,16137,False,0.0,0.0,0.0,0.0,0.0,0.0,0.0,0.0,0.0
2022-02-18,19,1092,False,0.0,0.0,0.0,0.0,0.0,0.0,0.0,0.0,0.0
2022-02-19,13,7538,False,0.0,0.0,0.0,0.0,0.0,0.0,0.0,0.0,0.0
2022-02-18,17,10145,False,0.0,0.0,0.0,0.0,0.0,0.0,0.0,0.0,0.0
2008-01-31,13,10487,False,0.0,0.0,0.0,0.0,0.0,0.0,0.0,0.0,0.0
2019-05-11,20,14436,False,0.0,0.0,0.0,0.0,0.0,0.0,0.0,0.0,0.0
2022-05-11,20,14936,False,0.0,0.0,0.0,0.0,0.0,0.0,0.0,0.0,0.0
2021-05-21,18,179,False,0.0,0.0,0.0,0.0,0.0,0.0,0.0,0.0,0.0
2022-02-18,15,4657,False,0.0,0.0,0.0,0.0,0.0,0.0,0.0,0.0,0.0
2020-05-01,16,10949,False,0.0,0.0,0.0,0.0,0.0,0.0,0.0,0.0,0.0
2018-01-18,11,314,False,0.0,0.0,0.0,0.0,0.0,0.0,0.0,0.0,0.0
2018-01-18,12,8031,False,0.0,0.0,0.0,0.0,0.0,0.0,0.0,0.0,0.0
2022-02-18,16,17215,False,0.0,0.0,0.0,0.0,0.0,0.0,0.0,0.0,0.0
2020-02-10,8,292,False,0.0,0.0,0.0,0.0,0.0,0.0,0.0,0.0,0.0
2021-05-21,11,5015,False,0.0,0.0,0.0,0.0,0.0,0.0,0.0,0.0,0.0
2019-02-09,9,1442,False,0.0,0.0,0.0,0.0,0.0,0.0,0.0,0.0,0.0
2021-06-02,11,4814,False,0.0,0.0,0.0,0.0,0.0,0.0,0.0,0.0,0.0
2017-02-23,14,14194,False,0.0,0.0,0.0,0.0,0.0,0.0,0.0,0.0,0.0
2019-02-09,12,9897,False,0.0,0.0,0.0,0.0,0.0,0.0,0.0,0.0,0.0
2019-03-16,13,12700,False,0.0,0.0,0.0,0.0,0.0,0.0,0.0,0.0,0.0
2022-02-16,18,2172,False,0.0,0.0,0.0,0.0,0.0,0.0,0.0,0.0,0.0
2019-02-07,15,2970,False,0.0,0.0,0.0,0.0,0.0,0.0,0.0,0.0,0.0
2023-08-22,23,5277,False,0.0,0.0,0.0,0.0,0.0,0.0,0.0,0.0,0.0
2017-06-06,17,15626,False,0.0,0.0,0.0,0.0,0.0,0.0,0.0,0.0,0.0
2022-02-21,9,4194,False,0.0,0.0,0.0,0.0,0.0,0.0,0.0,0.0,0.0
2017-05-25,15,4761,False,0.0,0.0,0.0,0.0,0.0,0.0,0.0,0.0,0.0
2017-12-31,10,2333,False,0.0,0.0,0.0,0.0,0.0,0.0,0.0,0.0,0.0
2021-03-11,17,14821,False,0.0,0.0,0.0,0.0,0.0,0.0,0.0,0.0,0.0
2022-10-05,16,15711,False,0.0,0.0,0.0,0.0,0.0,0.0,0.0,0.0,0.0
2021-05-19,13,4736,False,0.0,0.0,0.0,0.0,0.0,0.0,0.0,0.0,0.0
2022-01-31,13,10621,False,0.0,0.0,0.0,0.0,0.0,0.0,0.0,0.0,0.0
2022-02-16,19,726,False,0.0,0.0,0.0,0.0,0.0,0.0,0.0,0.0,0.0
2023-04-19,18,6007,False,0.0,0.0,0.0,0.0,0.0,0.0,0.0,0.0,0.0
2023-04-19,13,4964,False,0.0,0.0,0.0,0.0,0.0,0.0,0.0,0.0,0.0
2020-02-09,11,2373,False,0.0,0.0,0.0,0.0,0.0,0.0,0.0,0.0,0.0
2021-07-08,0,1829,False,0.0,0.0,0.0,0.0,0.0,0.0,0.0,0.0,0.0
2020-02-22,14,15661,False,0.0,0.0,0.0,0.0,0.0,0.0,0.0,0.0,0.0
2022-02-18,16,13783,False,0.0,0.0,0.0,0.0,0.0,0.0,0.0,0.0,0.0
2022-02-20,17,12254,False,0.0,0.0,0.0,0.0,0.0,0.0,0.0,0.0,0.0
2022-06-26,18,14768,False,0.0,0.0,0.0,0.0,0.0,0.0,0.0,0.0,0.0
2012-11-25,12,5045,False,0.0,0.0,0.0,0.0,0.0,0.0,0.0,0.0,0.0
2019-02-09,12,14302,False,0.0,0.0,0.0,0.0,0.0,0.0,0.0,0.0,0.0
2020-02-09,11,15903,False,0.0,0.0,0.0,0.0,0.0,0.0,0.0,0.0,0.0
2022-02-21,9,10487,False,0.0,0.0,0.0,0.0,0.0,0.0,0.0,0.0,0.0
2020-02-10,9,7167,False,0.0,0.0,0.0,0.0,0.0,0.0,0.0,0.0,0.0
2022-02-19,13,14076,False,0.0,0.0,0.0,0.0,0.0,0.0,0.0,0.0,0.0
2018-07-28,14,3162,False,0.0,0.0,0.0,0.0,0.0,0.0,0.0,0.0,0.0
2018-07-28,18,4196,False,0.0,0.0,0.0,0.0,0.0,0.0,0.0,0.0,0.0
2020-02-09,11,3438,False,0.0,0.0,0.0,0.0,0.0,0.0,0.0,0.0,0.0
2020-02-09,13,16688,False,0.0,0.0,0.0,0.0,0.0,0.0,0.0,0.0,0.0
2021-10-04,14,6809,False,0.0,0.0,0.0,0.0,0.0,0.0,0.0,0.0,0.0
2022-02-18,16,1035,False,0.0,0.0,0.0,0.0,0.0,0.0,0.0,0.0,0.0
2022-12-31,12,2461,False,0.0,0.0,0.0,0.0,0.0,0.0,0.0,0.0,0.0
2020-02-11,8,11336,False,0.0,0.0,0.0,0.0,0.0,0.0,0.0,0.0,0.0
2008-03-01,9,2224,False,0.0,0.0,0.0,0.0,0.0,0.0,0.0,0.0,0.0
2022-02-20,10,16304,False,0.0,0.0,0.0,0.0,0.0,0.0,0.0,0.0,0.0
2018-07-28,19,14602,False,0.0,0.0,0.0,0.0,0.0,0.0,0.0,0.0,0.0
2022-06-24,9,13333,False,0.0,0.0,0.0,0.0,0.0,0.0,0.0,0.0,0.0
2018-03-18,17,9186,False,0.0,0.0,0.0,0.0,0.0,0.0,0.0,0.0,0.0
2021-05-21,22,6521,False,0.0,0.0,0.0,0.0,0.0,0.0,0.0,0.0,0.0
2022-04-30,17,1437,False,0.0,0.0,0.0,0.0,0.0,0.0,0.0,0.0,0.0
2018-01-18,10,14803,False,0.0,0.0,0.0,0.0,0.0,0.0,0.0,0.0,0.0
2020-01-14,18,2401,False,0.0,0.0,0.0,0.0,0.0,0.0,0.0,0.0,0.0
2018-04-05,10,16441,False,0.0,0.0,0.0,0.0,0.0,0.0,0.0,0.0,0.0
2017-06-22,16,10037,False,0.0,0.0,0.0,0.0,0.0,0.0,0.0,0.0,0.0
2018-01-18,8,6379,False,0.0,0.0,0.0,0.0,0.0,0.0,0.0,0.0,0.0
2017-12-27,19,5779,False,0.0,0.0,0.0,0.0,0.0,0.0,0.0,0.0,0.0
2022-02-18,15,5766,False,0.0,0.0,0.0,0.0,0.0,0.0,0.0,0.0,0.0
2020-02-17,14,4541,False,0.0,0.0,0.0,0.0,0.0,0.0,0.0,0.0,0.0
2022-02-17,13,12391,False,0.0,0.0,0.0,0.0,0.0,0.0,0.0,0.0,0.0
2020-02-16,8,15174,False,0.0,0.0,0.0,0.0,0.0,0.0,0.0,0.0,0.0
2019-03-16,15,8517,False,0.0,0.0,0.0,0.0,0.0,0.0,0.0,0.0,0.0
2012-01-05,16,15272,False,0.0,0.0,0.0,0.0,0.0,0.0,0.0,0.0,0.0
2022-02-18,17,8055,False,0.0,0.0,0.0,0.0,0.0,0.0,0.0,0.0,0.0
2021-02-07,0,4852,False,0.0,0.0,0.0,0.0,0.0,0.0,0.0,0.0,0.0
2022-02-20,14,9851,False,0.0,0.0,0.0,0.0,0.0,0.0,0.0,0.0,0.0
2023-10-03,6,10061,False,0.0,0.0,0.0,0.0,0.0,0.0,0.0,0.0,0.0
2021-03-11,9,14374,False,0.0,0.0,0.0,0.0,0.0,0.0,0.0,0.0,0.0
2022-02-20,16,14286,False,0.0,0.0,0.0,0.0,0.0,0.0,0.0,0.0,0.0
2022-02-21,13,15641,False,0.0,0.0,0.0,0.0,0.0,0.0,0.0,0.0,0.0
2023-10-30,11,2212,False,0.0,0.0,0.0,0.0,0.0,0.0,0.0,0.0,0.0
2022-02-21,15,15047,False,0.0,0.0,0.0,0.0,0.0,0.0,0.0,0.0,0.0
2021-03-11,10,16878,False,0.0,0.0,0.0,0.0,0.0,0.0,0.0,0.0,0.0
2022-02-18,17,544,False,0.0,0.0,0.0,0.0,0.0,0.0,0.0,0.0,0.0
2021-03-11,10,1297,False,0.0,0.0,0.0,0.0,0.0,0.0,0.0,0.0,0.0
2021-05-21,16,63,False,0.0,0.0,0.0,0.0,0.0,0.0,0.0,0.0,0.0
2019-08-10,15,13674,False,0.0,0.0,0.0,0.0,0.0,0.0,0.0,0.0,0.0
2020-02-29,14,743,False,0.0,0.0,0.0,0.0,0.0,0.0,0.0,0.0,0.0
2022-02-18,15,6627,False,0.0,0.0,0.0,0.0,0.0,0.0,0.0,0.0,0.0
2022-02-20,20,5215,False,0.0,0.0,0.0,0.0,0.0,0.0,0.0,0.0,0.0
2022-02-19,11,1780,False,0.0,0.0,0.0,0.0,0.0,0.0,0.0,0.0,0.0
2018-01-03,13,3022,False,0.0,0.0,0.0,0.0,0.0,0.0,0.0,0.0,0.0
2020-02-24,18,2080,False,0.0,0.0,0.0,0.0,0.0,0.0,0.0,0.0,0.0
2018-12-21,13,15205,False,0.0,0.0,0.0,0.0,0.0,0.0,0.0,0.0,0.0
2022-02-18,17,16764,False,0.0,0.0,0.0,0.0,0.0,0.0,0.0,0.0,0.0
2009-05-26,2,14229,False,0.0,0.0,0.0,0.0,0.0,0.0,0.0,0.0,0.0
2022-02-18,9,12359,False,0.0,0.0,0.0,0.0,0.0,0.0,0.0,0.0,0.0
2022-02-20,15,7500,False,0.0,0.0,0.0,0.0,0.0,0.0,0.0,0.0,0.0
2017-02-01,8,15308,False,0.0,0.0,0.0,0.0,0.0,0.0,0.0,0.0,0.0
2019-01-26,9,15121,False,0.0,0.0,0.0,0.0,0.0,0.0,0.0,0.0,0.0
2022-01-20,8,15970,False,0.0,0.0,0.0,0.0,0.0,0.0,0.0,0.0,0.0
2020-12-29,15,17163,False,0.0,0.0,0.0,0.0,0.0,0.0,0.0,0.0,0.0
2018-01-18,11,8907,False,0.0,0.0,0.0,0.0,0.0,0.0,0.0,0.0,0.0
2023-03-13,11,16953,False,0.0,0.0,0.0,0.0,0.0,0.0,0.0,0.0,0.0
2021-03-13,15,9563,False,0.0,0.0,0.0,0.0,0.0,0.0,0.0,0.0,0.0
2022-02-18,15,7008,False,0.0,0.0,0.0,0.0,0.0,0.0,0.0,0.0,0.0
2022-02-19,20,4680,False,0.0,0.0,0.0,0.0,0.0,0.0,0.0,0.0,0.0
2022-02-18,16,8418,False,0.0,0.0,0.0,0.0,0.0,0.0,0.0,0.0,0.0
2022-02-18,18,17191,False,0.0,0.0,0.0,0.0,0.0,0.0,0.0,0.0,0.0
2012-11-25,14,15238,False,0.0,0.0,0.0,0.0,0.0,0.0,0.0,0.0,0.0
2007-01-09,15,13953,False,0.0,0.0,0.0,0.0,0.0,0.0,0.0,0.0,0.0
2022-02-19,13,14869,False,0.0,0.0,0.0,0.0,0.0,0.0,0.0,0.0,0.0
2018-03-17,8,10533,False,0.0,0.0,0.0,0.0,0.0,0.0,0.0,0.0,0.0
2017-09-13,0,13896,False,0.0,0.0,0.0,0.0,0.0,0.0,0.0,0.0,0.0
2023-02-01,13,14757,False,0.0,0.0,0.0,0.0,0.0,0.0,0.0,0.0,0.0
2017-06-06,12,16571,False,0.0,0.0,0.0,0.0,0.0,0.0,0.0,0.0,0.0
2021-04-05,11,9180,False,0.0,0.0,0.0,0.0,0.0,0.0,0.0,0.0,0.0
2022-02-18,16,8511,False,0.0,0.0,0.0,0.0,0.0,0.0,0.0,0.0,0.0
2022-02-20,19,10739,False,0.0,0.0,0.0,0.0,0.0,0.0,0.0,0.0,0.0
2018-01-18,10,1960,False,0.0,0.0,0.0,0.0,0.0,0.0,0.0,0.0,0.0
2022-02-18,18,661,False,0.0,0.0,0.0,0.0,0.0,0.0,0.0,0.0,0.0
2022-02-24,12,1477,False,0.0,0.0,0.0,0.0,0.0,0.0,0.0,0.0,0.0
2022-02-07,10,13209,False,0.0,0.0,0.0,0.0,0.0,0.0,0.0,0.0,0.0
2023-01-31,11,3617,False,0.0,0.0,0.0,0.0,0.0,0.0,0.0,0.0,0.0
2018-01-18,9,9818,False,0.0,0.0,0.0,0.0,0.0,0.0,0.0,0.0,0.0
2020-02-16,10,2930,False,0.0,0.0,0.0,0.0,0.0,0.0,0.0,0.0,0.0
2022-02-21,10,5279,False,0.0,0.0,0.0,0.0,0.0,0.0,0.0,0.0,0.0
2021-03-11,12,8055,False,0.0,0.0,0.0,0.0,0.0,0.0,0.0,0.0,0.0
2007-01-20,14,952,False,0.0,0.0,0.0,0.0,0.0,0.0,0.0,0.0,0.0
2022-02-20,23,6561,False,0.0,0.0,0.0,0.0,0.0,0.0,0.0,0.0,0.0
2020-02-09,18,1521,False,0.0,0.0,0.0,0.0,0.0,0.0,0.0,0.0,0.0
2021-02-07,10,1158,False,0.0,0.0,0.0,0.0,0.0,0.0,0.0,0.0,0.0
2022-02-20,21,15251,False,0.0,0.0,0.0,0.0,0.0,0.0,0.0,0.0,0.0
2023-10-29,14,14131,False,0.0,0.0,0.0,0.0,0.0,0.0,0.0,0.0,0.0
2022-02-18,16,15907,False,0.0,0.0,0.0,0.0,0.0,0.0,0.0,0.0,0.0
2019-02-04,12,3125,False,0.0,0.0,0.0,0.0,0.0,0.0,0.0,0.0,0.0
2020-02-21,16,15233,False,0.0,0.0,0.0,0.0,0.0,0.0,0.0,0.0,0.0
2021-10-06,21,11120,False,0.0,0.0,0.0,0.0,0.0,0.0,0.0,0.0,0.0
2018-01-18,11,1837,False,0.0,0.0,0.0,0.0,0.0,0.0,0.0,0.0,0.0
2021-02-07,9,13338,False,0.0,0.0,0.0,0.0,0.0,0.0,0.0,0.0,0.0
2022-01-31,8,3505,False,0.0,0.0,0.0,0.0,0.0,0.0,0.0,0.0,0.0
2022-02-20,9,10719,False,0.0,0.0,0.0,0.0,0.0,0.0,0.0,0.0,0.0
2021-05-04,12,8534,False,0.0,0.0,0.0,0.0,0.0,0.0,0.0,0.0,0.0
2022-02-01,17,3823,False,0.0,0.0,0.0,0.0,0.0,0.0,0.0,0.0,0.0
2022-02-18,17,15561,False,0.0,0.0,0.0,0.0,0.0,0.0,0.0,0.0,0.0
2022-02-19,11,14888,False,0.0,0.0,0.0,0.0,0.0,0.0,0.0,0.0,0.0
2022-02-19,11,15361,False,0.0,0.0,0.0,0.0,0.0,0.0,0.0,0.0,0.0
2022-02-19,13,4672,False,0.0,0.0,0.0,0.0,0.0,0.0,0.0,0.0,0.0
2018-01-03,11,2921,False,0.0,0.0,0.0,0.0,0.0,0.0,0.0,0.0,0.0
2020-02-09,16,11006,False,0.0,0.0,0.0,0.0,0.0,0.0,0.0,0.0,0.0
2021-03-11,10,14075,False,0.0,0.0,0.0,0.0,0.0,0.0,0.0,0.0,0.0
2023-07-05,13,15028,False,0.0,0.0,0.0,0.0,0.0,0.0,0.0,0.0,0.0
2023-07-05,13,1077,False,0.0,0.0,0.0,0.0,0.0,0.0,0.0,0.0,0.0
2019-03-16,17,14663,False,0.0,0.0,0.0,0.0,0.0,0.0,0.0,0.0,0.0
2022-04-08,11,16255,False,0.0,0.0,0.0,0.0,0.0,0.0,0.0,0.0,0.0
2019-03-16,12,6515,False,0.0,0.0,0.0,0.0,0.0,0.0,0.0,0.0,0.0
2019-03-16,19,16308,False,0.0,0.0,0.0,0.0,0.0,0.0,0.0,0.0,0.0
2022-02-17,13,15585,False,0.0,0.0,0.0,0.0,0.0,0.0,0.0,0.0,0.0
2022-02-18,18,13696,False,0.0,0.0,0.0,0.0,0.0,0.0,0.0,0.0,0.0
2022-02-18,19,12668,False,0.0,0.0,0.0,0.0,0.0,0.0,0.0,0.0,0.0
2022-02-20,9,1303,False,0.0,0.0,0.0,0.0,0.0,0.0,0.0,0.0,0.0
2020-02-14,20,11339,False,0.0,0.0,0.0,0.0,0.0,0.0,0.0,0.0,0.0
2022-02-18,19,2275,False,0.0,0.0,0.0,0.0,0.0,0.0,0.0,0.0,0.0
2018-01-18,11,295,False,0.0,0.0,0.0,0.0,0.0,0.0,0.0,0.0,0.0
2022-02-18,15,2546,False,0.0,0.0,0.0,0.0,0.0,0.0,0.0,0.0,0.0
2020-02-09,18,12487,False,0.0,0.0,0.0,0.0,0.0,0.0,0.0,0.0,0.0
2010-11-12,8,12078,False,0.0,0.0,0.0,0.0,0.0,0.0,0.0,0.0,0.0
2023-03-13,15,13104,False,0.0,0.0,0.0,0.0,0.0,0.0,0.0,0.0,0.0
2007-01-20,14,8252,False,0.0,0.0,0.0,0.0,0.0,0.0,0.0,0.0,0.0
2020-02-24,18,13720,False,0.0,0.0,0.0,0.0,0.0,0.0,0.0,0.0,0.0
2020-02-09,17,11827,False,0.0,0.0,0.0,0.0,0.0,0.0,0.0,0.0,0.0
2020-02-10,15,16375,False,0.0,0.0,0.0,0.0,0.0,0.0,0.0,0.0,0.0
2022-02-18,18,4763,False,0.0,0.0,0.0,0.0,0.0,0.0,0.0,0.0,0.0
2022-02-20,17,12571,False,0.0,0.0,0.0,0.0,0.0,0.0,0.0,0.0,0.0
2021-03-11,12,11145,False,0.0,0.0,0.0,0.0,0.0,0.0,0.0,0.0,0.0
2017-10-19,14,13037,False,0.0,0.0,0.0,0.0,0.0,0.0,0.0,0.0,0.0
2020-03-13,17,16128,False,0.0,0.0,0.0,0.0,0.0,0.0,0.0,0.0,0.0
2021-02-11,16,15082,False,0.0,0.0,0.0,0.0,0.0,0.0,0.0,0.0,0.0
2021-03-13,14,7406,False,0.0,0.0,0.0,0.0,0.0,0.0,0.0,0.0,0.0
2022-02-18,15,2000,False,0.0,0.0,0.0,0.0,0.0,0.0,0.0,0.0,0.0
2022-02-18,16,9864,False,0.0,0.0,0.0,0.0,0.0,0.0,0.0,0.0,0.0
2022-02-19,10,16649,False,0.0,0.0,0.0,0.0,0.0,0.0,0.0,0.0,0.0
2022-02-21,14,9426,False,0.0,0.0,0.0,0.0,0.0,0.0,0.0,0.0,0.0
2022-12-24,8,8002,False,0.0,0.0,0.0,0.0,0.0,0.0,0.0,0.0,0.0
2023-01-05,18,1146,False,0.0,0.0,0.0,0.0,0.0,0.0,0.0,0.0,0.0
2023-03-13,14,11775,False,0.0,0.0,0.0,0.0,0.0,0.0,0.0,0.0,0.0
2017-02-24,14,16075,False,0.0,0.0,0.0,0.0,0.0,0.0,0.0,0.0,0.0
2021-03-11,13,13857,False,0.0,0.0,0.0,0.0,0.0,0.0,0.0,0.0,0.0
2022-02-20,9,959,False,0.0,0.0,0.0,0.0,0.0,0.0,0.0,0.0,0.0
2022-02-21,9,2905,False,0.0,0.0,0.0,0.0,0.0,0.0,0.0,0.0,0.0
2023-03-13,17,7982,False,0.0,0.0,0.0,0.0,0.0,0.0,0.0,0.0,0.0
2007-01-18,17,6194,False,0.0,0.0,0.0,0.0,0.0,0.0,0.0,0.0,0.0
2018-05-24,14,2703,False,0.0,0.0,0.0,0.0,0.0,0.0,0.0,0.0,0.0
2020-08-16,20,4049,False,0.0,0.0,0.0,0.0,0.0,0.0,0.0,0.0,0.0
2020-08-26,2,3308,False,0.0,0.0,0.0,0.0,0.0,0.0,0.0,0.0,0.0
2022-01-31,8,10629,False,0.0,0.0,0.0,0.0,0.0,0.0,0.0,0.0,0.0
2012-06-08,18,13703,False,0.0,0.0,0.0,0.0,0.0,0.0,0.0,0.0,0.0
2006-12-30,21,7299,False,0.0,0.0,0.0,0.0,0.0,0.0,0.0,0.0,0.0
2018-12-07,16,3396,False,0.0,0.0,0.0,0.0,0.0,0.0,0.0,0.0,0.0
2021-05-21,14,16481,False,0.0,0.0,0.0,0.0,0.0,0.0,0.0,0.0,0.0
2017-02-23,16,15304,False,0.0,0.0,0.0,0.0,0.0,0.0,0.0,0.0,0.0
2018-01-03,11,8665,False,0.0,0.0,0.0,0.0,0.0,0.0,0.0,0.0,0.0
2018-01-18,10,14436,False,0.0,0.0,0.0,0.0,0.0,0.0,0.0,0.0,0.0
2020-02-24,15,15785,False,0.0,0.0,0.0,0.0,0.0,0.0,0.0,0.0,0.0
2020-08-26,15,10878,False,0.0,0.0,0.0,0.0,0.0,0.0,0.0,0.0,0.0
2020-08-28,16,16198,False,0.0,0.0,0.0,0.0,0.0,0.0,0.0,0.0,0.0
2022-02-18,19,15544,False,0.0,0.0,0.0,0.0,0.0,0.0,0.0,0.0,0.0
2022-02-18,22,16953,False,0.0,0.0,0.0,0.0,0.0,0.0,0.0,0.0,0.0
2022-02-19,1,7805,False,0.0,0.0,0.0,0.0,0.0,0.0,0.0,0.0,0.0
2022-02-20,19,2644,False,0.0,0.0,0.0,0.0,0.0,0.0,0.0,0.0,0.0
2022-02-22,14,16903,False,0.0,0.0,0.0,0.0,0.0,0.0,0.0,0.0,0.0
2021-03-20,14,710,False,0.0,0.0,0.0,0.0,0.0,0.0,0.0,0.0,0.0
2017-10-04,18,17189,False,0.0,0.0,0.0,0.0,0.0,0.0,0.0,0.0,0.0
2018-01-03,12,16640,False,0.0,0.0,0.0,0.0,0.0,0.0,0.0,0.0,0.0
2021-01-21,6,15524,False,0.0,0.0,0.0,0.0,0.0,0.0,0.0,0.0,0.0
2022-08-12,13,14337,False,0.0,0.0,0.0,0.0,0.0,0.0,0.0,0.0,0.0
2022-02-18,16,2269,False,0.0,0.0,0.0,0.0,0.0,0.0,0.0,0.0,0.0
2022-02-20,17,16964,False,0.0,0.0,0.0,0.0,0.0,0.0,0.0,0.0,0.0
2022-02-20,17,14941,False,0.0,0.0,0.0,0.0,0.0,0.0,0.0,0.0,0.0
2021-06-14,22,2432,False,0.0,0.0,0.0,0.0,0.0,0.0,0.0,0.0,0.0
2023-01-04,15,11451,False,0.0,0.0,0.0,0.0,0.0,0.0,0.0,0.0,0.0
2018-01-18,10,9067,False,0.0,0.0,0.0,0.0,0.0,0.0,0.0,0.0,0.0
2022-02-18,17,14764,False,0.0,0.0,0.0,0.0,0.0,0.0,0.0,0.0,0.0
2021-05-22,12,1724,False,0.0,0.0,0.0,0.0,0.0,0.0,0.0,0.0,0.0
2022-02-21,11,15077,False,0.0,0.0,0.0,0.0,0.0,0.0,0.0,0.0,0.0
2021-03-11,12,9194,False,0.0,0.0,0.0,0.0,0.0,0.0,0.0,0.0,0.0
2022-02-21,18,2852,False,0.0,0.0,0.0,0.0,0.0,0.0,0.0,0.0,0.0
2011-02-04,12,14978,False,0.0,0.0,0.0,0.0,0.0,0.0,0.0,0.0,0.0
2013-04-18,10,8558,False,0.0,0.0,0.0,0.0,0.0,0.0,0.0,0.0,0.0
2019-03-23,14,3202,False,0.0,0.0,0.0,0.0,0.0,0.0,0.0,0.0,0.0
2020-05-11,15,9520,False,0.0,0.0,0.0,0.0,0.0,0.0,0.0,0.0,0.0
2021-03-11,12,8418,False,0.0,0.0,0.0,0.0,0.0,0.0,0.0,0.0,0.0
2022-02-19,14,12635,False,0.0,0.0,0.0,0.0,0.0,0.0,0.0,0.0,0.0
2021-03-13,14,5308,False,0.0,0.0,0.0,0.0,0.0,0.0,0.0,0.0,0.0
2017-02-24,8,13519,False,0.0,0.0,0.0,0.0,0.0,0.0,0.0,0.0,0.0
2021-01-21,8,4033,False,0.0,0.0,0.0,0.0,0.0,0.0,0.0,0.0,0.0
2008-11-21,11,15375,False,0.0,0.0,0.0,0.0,0.0,0.0,0.0,0.0,0.0
2019-08-10,8,11243,False,0.0,0.0,0.0,0.0,0.0,0.0,0.0,0.0,0.0
2023-03-13,19,6776,False,0.0,0.0,0.0,0.0,0.0,0.0,0.0,0.0,0.0
2018-01-18,11,10364,False,0.0,0.0,0.0,0.0,0.0,0.0,0.0,0.0,0.0
2023-05-20,19,447,False,0.0,0.0,0.0,0.0,0.0,0.0,0.0,0.0,0.0
2018-01-18,9,12659,False,0.0,0.0,0.0,0.0,0.0,0.0,0.0,0.0,0.0
2023-04-10,18,2295,False,0.0,0.0,0.0,0.0,0.0,0.0,0.0,0.0,0.0
2023-04-10,18,13033,False,0.0,0.0,0.0,0.0,0.0,0.0,0.0,0.0,0.0
2020-10-05,10,9859,False,0.0,0.0,0.0,0.0,0.0,0.0,0.0,0.0,0.0
2018-01-21,13,15984,False,0.0,0.0,0.0,0.0,0.0,0.0,0.0,0.0,0.0
2021-03-11,13,4894,False,0.0,0.0,0.0,0.0,0.0,0.0,0.0,0.0,0.0
2018-08-09,21,13589,False,0.0,0.0,0.0,0.0,0.0,0.0,0.0,0.0,0.0
2018-08-09,21,3734,False,0.0,0.0,0.0,0.0,0.0,0.0,0.0,0.0,0.0
2019-03-07,16,3600,False,0.0,0.0,0.0,0.0,0.0,0.0,0.0,0.0,0.0
2020-02-10,14,12466,False,0.0,0.0,0.0,0.0,0.0,0.0,0.0,0.0,0.0
2022-02-19,14,2459,False,0.0,0.0,0.0,0.0,0.0,0.0,0.0,0.0,0.0
2022-02-21,14,9256,False,0.0,0.0,0.0,0.0,0.0,0.0,0.0,0.0,0.0
2022-02-24,10,1964,False,0.0,0.0,0.0,0.0,0.0,0.0,0.0,0.0,0.0
2020-02-09,13,16490,False,0.0,0.0,0.0,0.0,0.0,0.0,0.0,0.0,0.0
2021-04-06,15,16848,False,0.0,0.0,0.0,0.0,0.0,0.0,0.0,0.0,0.0
2023-06-12,16,15790,False,0.0,0.0,0.0,0.0,0.0,0.0,0.0,0.0,0.0
2019-03-09,16,14415,False,0.0,0.0,0.0,0.0,0.0,0.0,0.0,0.0,0.0
2019-03-16,14,5167,False,0.0,0.0,0.0,0.0,0.0,0.0,0.0,0.0,0.0
2022-01-31,12,144,False,0.0,0.0,0.0,0.0,0.0,0.0,0.0,0.0,0.0
2022-12-31,10,2257,False,0.0,0.0,0.0,0.0,0.0,0.0,0.0,0.0,0.0
2018-02-10,8,14958,False,0.0,0.0,0.0,0.0,0.0,0.0,0.0,0.0,0.0
2007-01-20,10,4512,False,0.0,0.0,0.0,0.0,0.0,0.0,0.0,0.0,0.0
2023-03-13,10,16956,False,0.0,0.0,0.0,0.0,0.0,0.0,0.0,0.0,0.0
2011-01-08,12,1071,False,0.0,0.0,0.0,0.0,0.0,0.0,0.0,0.0,0.0
2012-01-03,16,1190,False,0.0,0.0,0.0,0.0,0.0,0.0,0.0,0.0,0.0
2021-03-11,12,6021,False,0.0,0.0,0.0,0.0,0.0,0.0,0.0,0.0,0.0
2023-03-13,11,12739,False,0.0,0.0,0.0,0.0,0.0,0.0,0.0,0.0,0.0
2018-01-03,12,13178,False,0.0,0.0,0.0,0.0,0.0,0.0,0.0,0.0,0.0
2022-02-28,11,15789,False,0.0,0.0,0.0,0.0,0.0,0.0,0.0,0.0,0.0
2017-12-08,19,4724,False,0.0,0.0,0.0,0.0,0.0,0.0,0.0,0.0,0.0
2017-12-30,12,1030,False,0.0,0.0,0.0,0.0,0.0,0.0,0.0,0.0,0.0
2018-01-03,3,3698,False,0.0,0.0,0.0,0.0,0.0,0.0,0.0,0.0,0.0
2018-01-18,9,12039,False,0.0,0.0,0.0,0.0,0.0,0.0,0.0,0.0,0.0
2021-01-21,4,760,False,0.0,0.0,0.0,0.0,0.0,0.0,0.0,0.0,0.0
2020-02-09,14,8289,False,0.0,0.0,0.0,0.0,0.0,0.0,0.0,0.0,0.0
2020-02-09,18,14621,False,0.0,0.0,0.0,0.0,0.0,0.0,0.0,0.0,0.0
2020-02-09,23,7038,False,0.0,0.0,0.0,0.0,0.0,0.0,0.0,0.0,0.0
2018-02-11,16,14434,False,0.0,0.0,0.0,0.0,0.0,0.0,0.0,0.0,0.0
2021-03-11,16,1654,False,0.0,0.0,0.0,0.0,0.0,0.0,0.0,0.0,0.0
2022-02-18,15,11248,False,0.0,0.0,0.0,0.0,0.0,0.0,0.0,0.0,0.0
2022-02-19,15,5444,False,0.0,0.0,0.0,0.0,0.0,0.0,0.0,0.0,0.0
2022-02-21,11,524,False,0.0,0.0,0.0,0.0,0.0,0.0,0.0,0.0,0.0
2022-02-18,23,226,False,0.0,0.0,0.0,0.0,0.0,0.0,0.0,0.0,0.0
2020-02-16,9,1522,False,0.0,0.0,0.0,0.0,0.0,0.0,0.0,0.0,0.0
2019-06-08,17,17030,False,0.0,0.0,0.0,0.0,0.0,0.0,0.0,0.0,0.0
2022-11-03,10,13451,False,0.0,0.0,0.0,0.0,0.0,0.0,0.0,0.0,0.0
2023-11-02,12,13758,False,0.0,0.0,0.0,0.0,0.0,0.0,0.0,0.0,0.0
2022-02-18,14,16132,False,0.0,0.0,0.0,0.0,0.0,0.0,0.0,0.0,0.0
2020-02-09,14,15398,False,0.0,0.0,0.0,0.0,0.0,0.0,0.0,0.0,0.0
2021-02-10,16,12397,False,0.0,0.0,0.0,0.0,0.0,0.0,0.0,0.0,0.0
2021-03-13,14,2856,False,0.0,0.0,0.0,0.0,0.0,0.0,0.0,0.0,0.0
2022-02-18,16,12153,False,0.0,0.0,0.0,0.0,0.0,0.0,0.0,0.0,0.0
2022-02-18,19,15252,False,0.0,0.0,0.0,0.0,0.0,0.0,0.0,0.0,0.0
2007-12-07,9,13471,False,0.0,0.0,0.0,0.0,0.0,0.0,0.0,0.0,0.0
2017-10-29,1,2201,False,0.0,0.0,0.0,0.0,0.0,0.0,0.0,0.0,0.0
2021-02-10,14,14038,False,0.0,0.0,0.0,0.0,0.0,0.0,0.0,0.0,0.0
2022-02-17,14,2299,False,0.0,0.0,0.0,0.0,0.0,0.0,0.0,0.0,0.0
2022-02-18,16,2187,False,0.0,0.0,0.0,0.0,0.0,0.0,0.0,0.0,0.0
2022-03-22,16,11826,False,0.0,0.0,0.0,0.0,0.0,0.0,0.0,0.0,0.0
2018-03-01,18,16307,False,0.0,0.0,0.0,0.0,0.0,0.0,0.0,0.0,0.0
2018-03-17,22,13109,False,0.0,0.0,0.0,0.0,0.0,0.0,0.0,0.0,0.0
2022-02-18,15,2444,False,0.0,0.0,0.0,0.0,0.0,0.0,0.0,0.0,0.0
2023-03-15,19,482,False,0.0,0.0,0.0,0.0,0.0,0.0,0.0,0.0,0.0
2022-02-20,16,6260,False,0.0,0.0,0.0,0.0,0.0,0.0,0.0,0.0,0.0
2022-02-18,16,14178,False,0.0,0.0,0.0,0.0,0.0,0.0,0.0,0.0,0.0
2022-02-21,8,11511,False,0.0,0.0,0.0,0.0,0.0,0.0,0.0,0.0,0.0
2022-02-21,10,1084,False,0.0,0.0,0.0,0.0,0.0,0.0,0.0,0.0,0.0
2018-12-08,11,74,False,0.0,0.0,0.0,0.0,0.0,0.0,0.0,0.0,0.0
2019-03-11,14,13940,False,0.0,0.0,0.0,0.0,0.0,0.0,0.0,0.0,0.0
2022-02-18,16,17161,False,0.0,0.0,0.0,0.0,0.0,0.0,0.0,0.0,0.0
2022-02-19,20,5245,False,0.0,0.0,0.0,0.0,0.0,0.0,0.0,0.0,0.0
2022-02-22,13,1399,False,0.0,0.0,0.0,0.0,0.0,0.0,0.0,0.0,0.0
2018-01-18,11,5147,False,0.0,0.0,0.0,0.0,0.0,0.0,0.0,0.0,0.0
2021-03-11,18,9038,False,0.0,0.0,0.0,0.0,0.0,0.0,0.0,0.0,0.0
2022-02-17,15,11366,False,0.0,0.0,0.0,0.0,0.0,0.0,0.0,0.0,0.0
2022-02-18,13,12251,False,0.0,0.0,0.0,0.0,0.0,0.0,0.0,0.0,0.0
2018-01-18,10,16539,False,0.0,0.0,0.0,0.0,0.0,0.0,0.0,0.0,0.0
2021-03-13,13,882,False,0.0,0.0,0.0,0.0,0.0,0.0,0.0,0.0,0.0
2022-02-15,9,10253,False,0.0,0.0,0.0,0.0,0.0,0.0,0.0,0.0,0.0
2022-02-16,21,6932,False,0.0,0.0,0.0,0.0,0.0,0.0,0.0,0.0,0.0
2022-02-18,17,2764,False,0.0,0.0,0.0,0.0,0.0,0.0,0.0,0.0,0.0
2011-02-27,9,237,False,0.0,0.0,0.0,0.0,0.0,0.0,0.0,0.0,0.0
2018-03-18,9,7906,False,0.0,0.0,0.0,0.0,0.0,0.0,0.0,0.0,0.0
2020-02-15,15,9768,False,0.0,0.0,0.0,0.0,0.0,0.0,0.0,0.0,0.0
2022-02-20,14,4026,False,0.0,0.0,0.0,0.0,0.0,0.0,0.0,0.0,0.0
2023-03-14,19,14369,False,0.0,0.0,0.0,0.0,0.0,0.0,0.0,0.0,0.0
2013-04-18,14,16169,False,0.0,0.0,0.0,0.0,0.0,0.0,0.0,0.0,0.0
2022-07-10,10,4665,False,0.0,0.0,0.0,0.0,0.0,0.0,0.0,0.0,0.0
2009-11-18,15,4479,False,0.0,0.0,0.0,0.0,0.0,0.0,0.0,0.0,0.0
2011-02-04,11,13411,False,0.0,0.0,0.0,0.0,0.0,0.0,0.0,0.0,0.0
2013-04-19,11,9893,False,0.0,0.0,0.0,0.0,0.0,0.0,0.0,0.0,0.0
2018-01-18,9,4811,False,0.0,0.0,0.0,0.0,0.0,0.0,0.0,0.0,0.0
2021-02-09,15,16083,False,0.0,0.0,0.0,0.0,0.0,0.0,0.0,0.0,0.0
2021-03-11,9,6131,False,0.0,0.0,0.0,0.0,0.0,0.0,0.0,0.0,0.0
2021-03-11,11,8267,False,0.0,0.0,0.0,0.0,0.0,0.0,0.0,0.0,0.0
2021-03-11,17,3934,False,0.0,0.0,0.0,0.0,0.0,0.0,0.0,0.0,0.0
2022-02-18,15,52,False,0.0,0.0,0.0,0.0,0.0,0.0,0.0,0.0,0.0
2022-02-19,12,12566,False,0.0,0.0,0.0,0.0,0.0,0.0,0.0,0.0,0.0
2022-02-19,13,3033,False,0.0,0.0,0.0,0.0,0.0,0.0,0.0,0.0,0.0
2022-02-21,8,15472,False,0.0,0.0,0.0,0.0,0.0,0.0,0.0,0.0,0.0
2022-03-04,15,1282,False,0.0,0.0,0.0,0.0,0.0,0.0,0.0,0.0,0.0
2021-03-11,12,13621,False,0.0,0.0,0.0,0.0,0.0,0.0,0.0,0.0,0.0
2018-01-18,9,15057,False,0.0,0.0,0.0,0.0,0.0,0.0,0.0,0.0,0.0
2022-11-14,0,15869,False,0.0,0.0,0.0,0.0,0.0,0.0,0.0,0.0,0.0
2022-02-18,18,7783,False,0.0,0.0,0.0,0.0,0.0,0.0,0.0,0.0,0.0
2010-08-30,18,9253,False,0.0,0.0,0.0,0.0,0.0,0.0,0.0,0.0,0.0
2019-03-16,18,2886,False,0.0,0.0,0.0,0.0,0.0,0.0,0.0,0.0,0.0
2019-03-09,15,11987,False,0.0,0.0,0.0,0.0,0.0,0.0,0.0,0.0,0.0
2022-02-18,14,3221,False,0.0,0.0,0.0,0.0,0.0,0.0,0.0,0.0,0.0
2022-02-18,15,14991,False,0.0,0.0,0.0,0.0,0.0,0.0,0.0,0.0,0.0
2018-01-03,13,13192,False,0.0,0.0,0.0,0.0,0.0,0.0,0.0,0.0,0.0
2020-02-23,10,16398,False,0.0,0.0,0.0,0.0,0.0,0.0,0.0,0.0,0.0
2011-02-04,14,5197,False,0.0,0.0,0.0,0.0,0.0,0.0,0.0,0.0,0.0
2018-08-09,21,7630,False,0.0,0.0,0.0,0.0,0.0,0.0,0.0,0.0,0.0
2019-02-07,14,4521,False,0.0,0.0,0.0,0.0,0.0,0.0,0.0,0.0,0.0
2019-03-09,15,17098,False,0.0,0.0,0.0,0.0,0.0,0.0,0.0,0.0,0.0
2022-06-06,12,13684,False,0.0,0.0,0.0,0.0,0.0,0.0,0.0,0.0,0.0
2023-01-12,18,68,False,0.0,0.0,0.0,0.0,0.0,0.0,0.0,0.0,0.0
2019-06-08,13,12222,False,0.0,0.0,0.0,0.0,0.0,0.0,0.0,0.0,0.0
2021-03-11,10,9773,False,0.0,0.0,0.0,0.0,0.0,0.0,0.0,0.0,0.0
2022-09-18,13,168,False,0.0,0.0,0.0,0.0,0.0,0.0,0.0,0.0,0.0
2020-03-29,15,3358,False,0.0,0.0,0.0,0.0,0.0,0.0,0.0,0.0,0.0
2022-02-19,14,17191,False,0.0,0.0,0.0,0.0,0.0,0.0,0.0,0.0,0.0
2022-02-21,8,7372,False,0.0,0.0,0.0,0.0,0.0,0.0,0.0,0.0,0.0
2018-01-03,13,13354,False,0.0,0.0,0.0,0.0,0.0,0.0,0.0,0.0,0.0
2019-02-21,22,7136,False,0.0,0.0,0.0,0.0,0.0,0.0,0.0,0.0,0.0
2018-05-25,19,11917,False,0.0,0.0,0.0,0.0,0.0,0.0,0.0,0.0,0.0
2019-08-10,13,1619,False,0.0,0.0,0.0,0.0,0.0,0.0,0.0,0.0,0.0
2022-04-07,14,350,False,0.0,0.0,0.0,0.0,0.0,0.0,0.0,0.0,0.0
2023-03-13,11,15606,False,0.0,0.0,0.0,0.0,0.0,0.0,0.0,0.0,0.0
2019-01-08,13,10617,False,0.0,0.0,0.0,0.0,0.0,0.0,0.0,0.0,0.0
2020-08-26,11,13756,False,0.0,0.0,0.0,0.0,0.0,0.0,0.0,0.0,0.0
2023-03-13,10,2603,False,0.0,0.0,0.0,0.0,0.0,0.0,0.0,0.0,0.0
2018-03-17,13,2926,False,0.0,0.0,0.0,0.0,0.0,0.0,0.0,0.0,0.0
2018-08-09,21,4396,False,0.0,0.0,0.0,0.0,0.0,0.0,0.0,0.0,0.0
2020-08-26,11,5318,False,0.0,0.0,0.0,0.0,0.0,0.0,0.0,0.0,0.0
2022-01-31,10,9902,False,0.0,0.0,0.0,0.0,0.0,0.0,0.0,0.0,0.0
2019-11-02,10,3543,False,0.0,0.0,0.0,0.0,0.0,0.0,0.0,0.0,0.0
2018-04-27,16,8845,False,0.0,0.0,0.0,0.0,0.0,0.0,0.0,0.0,0.0
2020-02-23,11,4787,False,0.0,0.0,0.0,0.0,0.0,0.0,0.0,0.0,0.0
2020-12-03,21,8122,False,0.0,0.0,0.0,0.0,0.0,0.0,0.0,0.0,0.0
2022-03-07,10,5403,False,0.0,0.0,0.0,0.0,0.0,0.0,0.0,0.0,0.0
2020-02-09,11,3540,False,0.0,0.0,0.0,0.0,0.0,0.0,0.0,0.0,0.0
2020-09-24,12,4515,False,0.0,0.0,0.0,0.0,0.0,0.0,0.0,0.0,0.0
2022-02-18,15,16918,False,0.0,0.0,0.0,0.0,0.0,0.0,0.0,0.0,0.0
2020-08-27,10,238,False,0.0,0.0,0.0,0.0,0.0,0.0,0.0,0.0,0.0
2022-02-18,17,2406,False,0.0,0.0,0.0,0.0,0.0,0.0,0.0,0.0,0.0
2022-02-19,12,9189,False,0.0,0.0,0.0,0.0,0.0,0.0,0.0,0.0,0.0
2022-01-31,17,12162,False,0.0,0.0,0.0,0.0,0.0,0.0,0.0,0.0,0.0
2018-01-19,14,6926,False,0.0,0.0,0.0,0.0,0.0,0.0,0.0,0.0,0.0
2018-03-17,16,14265,False,0.0,0.0,0.0,0.0,0.0,0.0,0.0,0.0,0.0
2022-02-18,16,470,False,0.0,0.0,0.0,0.0,0.0,0.0,0.0,0.0,0.0
2022-02-19,10,12133,False,0.0,0.0,0.0,0.0,0.0,0.0,0.0,0.0,0.0
2018-09-21,8,99,False,0.0,0.0,0.0,0.0,0.0,0.0,0.0,0.0,0.0
2013-04-18,18,16004,False,0.0,0.0,0.0,0.0,0.0,0.0,0.0,0.0,0.0
2018-01-18,12,10997,False,0.0,0.0,0.0,0.0,0.0,0.0,0.0,0.0,0.0
2011-11-27,7,16466,False,0.0,0.0,0.0,0.0,0.0,0.0,0.0,0.0,0.0
2022-02-20,18,5901,False,0.0,0.0,0.0,0.0,0.0,0.0,0.0,0.0,0.0
2012-01-03,10,2025,False,0.0,0.0,0.0,0.0,0.0,0.0,0.0,0.0,0.0
2017-02-23,16,17229,False,0.0,0.0,0.0,0.0,0.0,0.0,0.0,0.0,0.0
2019-08-31,19,2926,False,0.0,0.0,0.0,0.0,0.0,0.0,0.0,0.0,0.0
2022-02-23,13,3643,False,0.0,0.0,0.0,0.0,0.0,0.0,0.0,0.0,0.0
2022-02-18,16,16828,False,0.0,0.0,0.0,0.0,0.0,0.0,0.0,0.0,0.0
2022-02-19,17,15769,False,0.0,0.0,0.0,0.0,0.0,0.0,0.0,0.0,0.0
2022-08-29,19,15897,False,0.0,0.0,0.0,0.0,0.0,0.0,0.0,0.0,0.0
2022-12-16,16,3378,False,0.0,0.0,0.0,0.0,0.0,0.0,0.0,0.0,0.0
2022-01-31,9,13752,False,0.0,0.0,0.0,0.0,0.0,0.0,0.0,0.0,0.0
2020-04-08,14,10144,False,0.0,0.0,0.0,0.0,0.0,0.0,0.0,0.0,0.0
2023-06-19,20,5026,False,0.0,0.0,0.0,0.0,0.0,0.0,0.0,0.0,0.0
2013-01-30,8,13565,False,0.0,0.0,0.0,0.0,0.0,0.0,0.0,0.0,0.0
2022-02-18,17,11291,False,0.0,0.0,0.0,0.0,0.0,0.0,0.0,0.0,0.0
2023-03-13,13,3300,False,0.0,0.0,0.0,0.0,0.0,0.0,0.0,0.0,0.0
2017-08-04,14,13722,False,0.0,0.0,0.0,0.0,0.0,0.0,0.0,0.0,0.0
2021-03-13,15,1419,False,0.0,0.0,0.0,0.0,0.0,0.0,0.0,0.0,0.0
2017-02-23,17,997,False,0.0,0.0,0.0,0.0,0.0,0.0,0.0,0.0,0.0
2017-09-12,18,7534,False,0.0,0.0,0.0,0.0,0.0,0.0,0.0,0.0,0.0
2022-02-06,6,4391,False,0.0,0.0,0.0,0.0,0.0,0.0,0.0,0.0,0.0
2022-02-19,13,3519,False,0.0,0.0,0.0,0.0,0.0,0.0,0.0,0.0,0.0
2017-02-23,16,11654,False,0.0,0.0,0.0,0.0,0.0,0.0,0.0,0.0,0.0
2018-04-29,23,1490,False,0.0,0.0,0.0,0.0,0.0,0.0,0.0,0.0,0.0
2022-02-19,19,1551,False,0.0,0.0,0.0,0.0,0.0,0.0,0.0,0.0,0.0
2022-02-19,21,7380,False,0.0,0.0,0.0,0.0,0.0,0.0,0.0,0.0,0.0
2022-02-18,16,1160,False,0.0,0.0,0.0,0.0,0.0,0.0,0.0,0.0,0.0
2018-03-10,12,16797,False,0.0,0.0,0.0,0.0,0.0,0.0,0.0,0.0,0.0
2021-03-11,12,12629,False,0.0,0.0,0.0,0.0,0.0,0.0,0.0,0.0,0.0
2022-02-18,18,11350,False,0.0,0.0,0.0,0.0,0.0,0.0,0.0,0.0,0.0
2020-12-23,16,15481,False,0.0,0.0,0.0,0.0,0.0,0.0,0.0,0.0,0.0
2019-03-09,15,15774,False,0.0,0.0,0.0,0.0,0.0,0.0,0.0,0.0,0.0
2021-08-15,8,3609,False,0.0,0.0,0.0,0.0,0.0,0.0,0.0,0.0,0.0
2007-01-20,9,1244,False,0.0,0.0,0.0,0.0,0.0,0.0,0.0,0.0,0.0
2023-07-09,17,777,False,0.0,0.0,0.0,0.0,0.0,0.0,0.0,0.0,0.0
2022-02-17,8,3211,False,0.0,0.0,0.0,0.0,0.0,0.0,0.0,0.0,0.0
2019-02-09,12,15835,False,0.0,0.0,0.0,0.0,0.0,0.0,0.0,0.0,0.0
2021-11-12,13,15584,False,0.0,0.0,0.0,0.0,0.0,0.0,0.0,0.0,0.0
2020-02-24,17,15022,False,0.0,0.0,0.0,0.0,0.0,0.0,0.0,0.0,0.0
2006-10-13,11,17187,False,0.0,0.0,0.0,0.0,0.0,0.0,0.0,0.0,0.0
2019-02-22,12,3222,False,0.0,0.0,0.0,0.0,0.0,0.0,0.0,0.0,0.0
2020-12-27,8,15383,False,0.0,0.0,0.0,0.0,0.0,0.0,0.0,0.0,0.0
2023-07-05,12,10748,False,0.0,0.0,0.0,0.0,0.0,0.0,0.0,0.0,0.0
2023-07-05,12,621,False,0.0,0.0,0.0,0.0,0.0,0.0,0.0,0.0,0.0
2019-10-17,18,2408,False,0.0,0.0,0.0,0.0,0.0,0.0,0.0,0.0,0.0
2017-06-06,22,11703,False,0.0,0.0,0.0,0.0,0.0,0.0,0.0,0.0,0.0
2017-09-13,13,16601,False,0.0,0.0,0.0,0.0,0.0,0.0,0.0,0.0,0.0
2018-01-18,12,12444,False,0.0,0.0,0.0,0.0,0.0,0.0,0.0,0.0,0.0
2021-03-11,10,10905,False,0.0,0.0,0.0,0.0,0.0,0.0,0.0,0.0,0.0
2022-02-18,16,6516,False,0.0,0.0,0.0,0.0,0.0,0.0,0.0,0.0,0.0
2022-02-19,11,4072,False,0.0,0.0,0.0,0.0,0.0,0.0,0.0,0.0,0.0
2022-02-22,9,6908,False,0.0,0.0,0.0,0.0,0.0,0.0,0.0,0.0,0.0
2019-03-16,18,2424,False,0.0,0.0,0.0,0.0,0.0,0.0,0.0,0.0,0.0
2022-02-21,9,5658,False,0.0,0.0,0.0,0.0,0.0,0.0,0.0,0.0,0.0
2020-08-26,7,1523,False,0.0,0.0,0.0,0.0,0.0,0.0,0.0,0.0,0.0
2019-06-04,23,17064,False,0.0,0.0,0.0,0.0,0.0,0.0,0.0,0.0,0.0
2018-01-18,10,13663,False,0.0,0.0,0.0,0.0,0.0,0.0,0.0,0.0,0.0
2012-01-03,12,13271,False,0.0,0.0,0.0,0.0,0.0,0.0,0.0,0.0,0.0
2018-01-24,15,388,False,0.0,0.0,0.0,0.0,0.0,0.0,0.0,0.0,0.0
2022-02-19,9,8431,False,0.0,0.0,0.0,0.0,0.0,0.0,0.0,0.0,0.0
2022-02-19,11,14762,False,0.0,0.0,0.0,0.0,0.0,0.0,0.0,0.0,0.0
2020-02-09,15,434,False,0.0,0.0,0.0,0.0,0.0,0.0,0.0,0.0,0.0
2021-02-09,17,6736,False,0.0,0.0,0.0,0.0,0.0,0.0,0.0,0.0,0.0
2022-02-20,11,3253,False,0.0,0.0,0.0,0.0,0.0,0.0,0.0,0.0,0.0
2022-02-21,9,5196,False,0.0,0.0,0.0,0.0,0.0,0.0,0.0,0.0,0.0
2022-02-23,16,15921,False,0.0,0.0,0.0,0.0,0.0,0.0,0.0,0.0,0.0
2022-02-20,12,16380,False,0.0,0.0,0.0,0.0,0.0,0.0,0.0,0.0,0.0
2022-02-20,21,16247,False,0.0,0.0,0.0,0.0,0.0,0.0,0.0,0.0,0.0
2018-01-18,11,1112,False,0.0,0.0,0.0,0.0,0.0,0.0,0.0,0.0,0.0
2008-03-10,18,599,False,0.0,0.0,0.0,0.0,0.0,0.0,0.0,0.0,0.0
2012-01-06,9,13016,False,0.0,0.0,0.0,0.0,0.0,0.0,0.0,0.0,0.0
2022-02-18,16,6192,False,0.0,0.0,0.0,0.0,0.0,0.0,0.0,0.0,0.0
2010-02-27,10,8410,False,0.0,0.0,0.0,0.0,0.0,0.0,0.0,0.0,0.0
2022-02-19,11,14590,False,0.0,0.0,0.0,0.0,0.0,0.0,0.0,0.0,0.0
2022-03-07,15,1979,False,0.0,0.0,0.0,0.0,0.0,0.0,0.0,0.0,0.0
2012-01-05,9,1747,False,0.0,0.0,0.0,0.0,0.0,0.0,0.0,0.0,0.0
2020-02-11,17,14867,False,0.0,0.0,0.0,0.0,0.0,0.0,0.0,0.0,0.0
2022-02-18,15,276,False,0.0,0.0,0.0,0.0,0.0,0.0,0.0,0.0,0.0
2023-03-25,12,3545,False,0.0,0.0,0.0,0.0,0.0,0.0,0.0,0.0,0.0
2023-07-05,10,3613,False,0.0,0.0,0.0,0.0,0.0,0.0,0.0,0.0,0.0
2023-07-05,10,14205,False,0.0,0.0,0.0,0.0,0.0,0.0,0.0,0.0,0.0
2018-01-31,10,8537,False,0.0,0.0,0.0,0.0,0.0,0.0,0.0,0.0,0.0
2018-01-18,13,11366,False,0.0,0.0,0.0,0.0,0.0,0.0,0.0,0.0,0.0
2022-02-18,21,13742,False,0.0,0.0,0.0,0.0,0.0,0.0,0.0,0.0,0.0
2011-11-05,11,3886,False,0.0,0.0,0.0,0.0,0.0,0.0,0.0,0.0,0.0
2020-02-09,16,17100,False,0.0,0.0,0.0,0.0,0.0,0.0,0.0,0.0,0.0
2022-07-31,17,2301,False,0.0,0.0,0.0,0.0,0.0,0.0,0.0,0.0,0.0
2018-08-09,21,15227,False,0.0,0.0,0.0,0.0,0.0,0.0,0.0,0.0,0.0
2022-02-21,19,11520,False,0.0,0.0,0.0,0.0,0.0,0.0,0.0,0.0,0.0
2018-01-18,11,13636,False,0.0,0.0,0.0,0.0,0.0,0.0,0.0,0.0,0.0
2019-03-13,18,11839,False,0.0,0.0,0.0,0.0,0.0,0.0,0.0,0.0,0.0
2021-03-11,11,9176,False,0.0,0.0,0.0,0.0,0.0,0.0,0.0,0.0,0.0
2021-03-11,16,7307,False,0.0,0.0,0.0,0.0,0.0,0.0,0.0,0.0,0.0
2017-09-13,12,14088,False,0.0,0.0,0.0,0.0,0.0,0.0,0.0,0.0,0.0
2022-02-18,14,5557,False,0.0,0.0,0.0,0.0,0.0,0.0,0.0,0.0,0.0
2023-07-05,9,444,False,0.0,0.0,0.0,0.0,0.0,0.0,0.0,0.0,0.0
2023-07-05,9,403,False,0.0,0.0,0.0,0.0,0.0,0.0,0.0,0.0,0.0
2019-11-02,14,1888,False,0.0,0.0,0.0,0.0,0.0,0.0,0.0,0.0,0.0
2022-02-19,16,8912,False,0.0,0.0,0.0,0.0,0.0,0.0,0.0,0.0,0.0
2023-03-13,11,16645,False,0.0,0.0,0.0,0.0,0.0,0.0,0.0,0.0,0.0
2017-05-27,10,2825,False,0.0,0.0,0.0,0.0,0.0,0.0,0.0,0.0,0.0
2020-02-09,18,16849,False,0.0,0.0,0.0,0.0,0.0,0.0,0.0,0.0,0.0
2022-02-21,10,12967,False,0.0,0.0,0.0,0.0,0.0,0.0,0.0,0.0,0.0
2018-09-23,9,16869,False,0.0,0.0,0.0,0.0,0.0,0.0,0.0,0.0,0.0
2012-06-08,21,122,False,0.0,0.0,0.0,0.0,0.0,0.0,0.0,0.0,0.0
2007-06-03,23,16322,False,0.0,0.0,0.0,0.0,0.0,0.0,0.0,0.0,0.0
2021-03-11,11,4877,False,0.0,0.0,0.0,0.0,0.0,0.0,0.0,0.0,0.0
2020-02-23,10,2341,False,0.0,0.0,0.0,0.0,0.0,0.0,0.0,0.0,0.0
2022-02-18,12,5929,False,0.0,0.0,0.0,0.0,0.0,0.0,0.0,0.0,0.0
2022-02-18,14,2627,False,0.0,0.0,0.0,0.0,0.0,0.0,0.0,0.0,0.0
2022-02-06,10,11154,False,0.0,0.0,0.0,0.0,0.0,0.0,0.0,0.0,0.0
2022-02-19,15,3153,False,0.0,0.0,0.0,0.0,0.0,0.0,0.0,0.0,0.0
2022-02-19,16,8920,False,0.0,0.0,0.0,0.0,0.0,0.0,0.0,0.0,0.0
2021-05-16,14,15073,False,0.0,0.0,0.0,0.0,0.0,0.0,0.0,0.0,0.0
2022-02-21,15,12630,False,0.0,0.0,0.0,0.0,0.0,0.0,0.0,0.0,0.0
2023-03-13,17,9428,False,0.0,0.0,0.0,0.0,0.0,0.0,0.0,0.0,0.0
2020-02-24,15,8229,False,0.0,0.0,0.0,0.0,0.0,0.0,0.0,0.0,0.0
2020-03-03,12,7122,False,0.0,0.0,0.0,0.0,0.0,0.0,0.0,0.0,0.0
2020-03-03,12,2691,False,0.0,0.0,0.0,0.0,0.0,0.0,0.0,0.0,0.0
2020-10-21,18,3446,False,0.0,0.0,0.0,0.0,0.0,0.0,0.0,0.0,0.0
2020-12-30,10,8673,False,0.0,0.0,0.0,0.0,0.0,0.0,0.0,0.0,0.0
2022-02-18,15,12651,False,0.0,0.0,0.0,0.0,0.0,0.0,0.0,0.0,0.0
2022-02-21,7,15414,False,0.0,0.0,0.0,0.0,0.0,0.0,0.0,0.0,0.0
2022-02-21,11,12894,False,0.0,0.0,0.0,0.0,0.0,0.0,0.0,0.0,0.0
2019-08-10,18,8769,False,0.0,0.0,0.0,0.0,0.0,0.0,0.0,0.0,0.0
2019-10-26,11,1084,False,0.0,0.0,0.0,0.0,0.0,0.0,0.0,0.0,0.0
2022-02-18,15,16973,False,0.0,0.0,0.0,0.0,0.0,0.0,0.0,0.0,0.0
2021-04-28,9,5775,False,0.0,0.0,0.0,0.0,0.0,0.0,0.0,0.0,0.0
2022-02-18,17,15289,False,0.0,0.0,0.0,0.0,0.0,0.0,0.0,0.0,0.0
2007-01-20,17,14063,False,0.0,0.0,0.0,0.0,0.0,0.0,0.0,0.0,0.0
2010-09-06,18,157,False,0.0,0.0,0.0,0.0,0.0,0.0,0.0,0.0,0.0
2012-01-05,20,14213,False,0.0,0.0,0.0,0.0,0.0,0.0,0.0,0.0,0.0
2013-01-29,21,11606,False,0.0,0.0,0.0,0.0,0.0,0.0,0.0,0.0,0.0
2018-01-18,9,10254,False,0.0,0.0,0.0,0.0,0.0,0.0,0.0,0.0,0.0
2022-02-19,8,7609,False,0.0,0.0,0.0,0.0,0.0,0.0,0.0,0.0,0.0
2022-05-01,16,6071,False,0.0,0.0,0.0,0.0,0.0,0.0,0.0,0.0,0.0
2017-02-23,22,2465,False,0.0,0.0,0.0,0.0,0.0,0.0,0.0,0.0,0.0
2018-08-09,21,2885,False,0.0,0.0,0.0,0.0,0.0,0.0,0.0,0.0,0.0
2021-05-21,20,2818,False,0.0,0.0,0.0,0.0,0.0,0.0,0.0,0.0,0.0
2022-02-06,11,3926,False,0.0,0.0,0.0,0.0,0.0,0.0,0.0,0.0,0.0
2023-07-06,17,7561,False,0.0,0.0,0.0,0.0,0.0,0.0,0.0,0.0,0.0
2017-11-10,17,14362,False,0.0,0.0,0.0,0.0,0.0,0.0,0.0,0.0,0.0
2023-07-05,9,2383,False,0.0,0.0,0.0,0.0,0.0,0.0,0.0,0.0,0.0
2023-07-05,9,2384,False,0.0,0.0,0.0,0.0,0.0,0.0,0.0,0.0,0.0
2023-07-07,14,3941,False,0.0,0.0,0.0,0.0,0.0,0.0,0.0,0.0,0.0
2018-09-22,20,4774,False,0.0,0.0,0.0,0.0,0.0,0.0,0.0,0.0,0.0
2018-07-27,9,8901,False,0.0,0.0,0.0,0.0,0.0,0.0,0.0,0.0,0.0
2018-08-27,1,11357,False,0.0,0.0,0.0,0.0,0.0,0.0,0.0,0.0,0.0
2022-02-18,17,13650,False,0.0,0.0,0.0,0.0,0.0,0.0,0.0,0.0,0.0
2022-02-18,18,2693,False,0.0,0.0,0.0,0.0,0.0,0.0,0.0,0.0,0.0
2020-03-29,17,4402,False,0.0,0.0,0.0,0.0,0.0,0.0,0.0,0.0,0.0
2021-03-11,10,10614,False,0.0,0.0,0.0,0.0,0.0,0.0,0.0,0.0,0.0
2022-02-18,15,11618,False,0.0,0.0,0.0,0.0,0.0,0.0,0.0,0.0,0.0
2022-02-18,16,13167,False,0.0,0.0,0.0,0.0,0.0,0.0,0.0,0.0,0.0
2022-02-18,21,420,False,0.0,0.0,0.0,0.0,0.0,0.0,0.0,0.0,0.0
2023-09-08,0,4924,False,0.0,0.0,0.0,0.0,0.0,0.0,0.0,0.0,0.0
2018-12-15,17,4071,False,0.0,0.0,0.0,0.0,0.0,0.0,0.0,0.0,0.0
2022-02-22,16,14431,False,0.0,0.0,0.0,0.0,0.0,0.0,0.0,0.0,0.0
2018-09-30,15,6772,False,0.0,0.0,0.0,0.0,0.0,0.0,0.0,0.0,0.0
2017-02-23,18,5782,False,0.0,0.0,0.0,0.0,0.0,0.0,0.0,0.0,0.0
2017-08-03,16,5992,False,0.0,0.0,0.0,0.0,0.0,0.0,0.0,0.0,0.0
2018-01-24,16,4926,False,0.0,0.0,0.0,0.0,0.0,0.0,0.0,0.0,0.0
2019-03-07,12,17148,False,0.0,0.0,0.0,0.0,0.0,0.0,0.0,0.0,0.0
2018-01-18,11,881,False,0.0,0.0,0.0,0.0,0.0,0.0,0.0,0.0,0.0
2019-02-07,15,14426,False,0.0,0.0,0.0,0.0,0.0,0.0,0.0,0.0,0.0
2018-01-18,11,10644,False,0.0,0.0,0.0,0.0,0.0,0.0,0.0,0.0,0.0
2019-03-16,18,15404,False,0.0,0.0,0.0,0.0,0.0,0.0,0.0,0.0,0.0
2020-02-09,18,2651,False,0.0,0.0,0.0,0.0,0.0,0.0,0.0,0.0,0.0
2022-02-18,16,496,False,0.0,0.0,0.0,0.0,0.0,0.0,0.0,0.0,0.0
2021-11-24,9,7752,False,0.0,0.0,0.0,0.0,0.0,0.0,0.0,0.0,0.0
2022-02-21,17,9777,False,0.0,0.0,0.0,0.0,0.0,0.0,0.0,0.0,0.0
2018-01-03,13,5898,False,0.0,0.0,0.0,0.0,0.0,0.0,0.0,0.0,0.0
2022-02-19,13,2278,False,0.0,0.0,0.0,0.0,0.0,0.0,0.0,0.0,0.0
2019-04-10,15,13732,False,0.0,0.0,0.0,0.0,0.0,0.0,0.0,0.0,0.0
2019-10-10,14,15238,False,0.0,0.0,0.0,0.0,0.0,0.0,0.0,0.0,0.0
2007-01-13,15,7303,False,0.0,0.0,0.0,0.0,0.0,0.0,0.0,0.0,0.0
2007-01-14,13,14022,False,0.0,0.0,0.0,0.0,0.0,0.0,0.0,0.0,0.0
2022-09-16,16,12122,False,0.0,0.0,0.0,0.0,0.0,0.0,0.0,0.0,0.0
2012-09-24,18,7013,False,0.0,0.0,0.0,0.0,0.0,0.0,0.0,0.0,0.0
2013-04-18,19,17126,False,0.0,0.0,0.0,0.0,0.0,0.0,0.0,0.0,0.0
2022-02-21,15,438,False,0.0,0.0,0.0,0.0,0.0,0.0,0.0,0.0,0.0
2019-01-12,10,15049,False,0.0,0.0,0.0,0.0,0.0,0.0,0.0,0.0,0.0
2020-02-09,14,15439,False,0.0,0.0,0.0,0.0,0.0,0.0,0.0,0.0,0.0
2020-03-29,15,1572,False,0.0,0.0,0.0,0.0,0.0,0.0,0.0,0.0,0.0
2022-01-31,10,730,False,0.0,0.0,0.0,0.0,0.0,0.0,0.0,0.0,0.0
2022-02-07,12,272,False,0.0,0.0,0.0,0.0,0.0,0.0,0.0,0.0,0.0
2022-02-19,11,1912,False,0.0,0.0,0.0,0.0,0.0,0.0,0.0,0.0,0.0
2023-09-27,14,14922,False,0.0,0.0,0.0,0.0,0.0,0.0,0.0,0.0,0.0
2012-01-03,12,7635,False,0.0,0.0,0.0,0.0,0.0,0.0,0.0,0.0,0.0
2013-05-10,11,14323,False,0.0,0.0,0.0,0.0,0.0,0.0,0.0,0.0,0.0
2022-02-19,14,8529,False,0.0,0.0,0.0,0.0,0.0,0.0,0.0,0.0,0.0
2022-02-21,14,3396,False,0.0,0.0,0.0,0.0,0.0,0.0,0.0,0.0,0.0
2023-07-05,22,14834,False,0.0,0.0,0.0,0.0,0.0,0.0,0.0,0.0,0.0
2023-07-05,22,15586,False,0.0,0.0,0.0,0.0,0.0,0.0,0.0,0.0,0.0
2007-02-24,16,13434,False,0.0,0.0,0.0,0.0,0.0,0.0,0.0,0.0,0.0
2012-07-14,12,10650,False,0.0,0.0,0.0,0.0,0.0,0.0,0.0,0.0,0.0
2008-03-02,5,16510,False,0.0,0.0,0.0,0.0,0.0,0.0,0.0,0.0,0.0
2019-03-11,11,807,False,0.0,0.0,0.0,0.0,0.0,0.0,0.0,0.0,0.0
2021-05-21,12,8687,False,0.0,0.0,0.0,0.0,0.0,0.0,0.0,0.0,0.0
2022-02-18,16,10125,False,0.0,0.0,0.0,0.0,0.0,0.0,0.0,0.0,0.0
2022-02-21,16,13908,False,0.0,0.0,0.0,0.0,0.0,0.0,0.0,0.0,0.0
2023-03-26,12,9294,False,0.0,0.0,0.0,0.0,0.0,0.0,0.0,0.0,0.0
2020-02-09,14,15114,False,0.0,0.0,0.0,0.0,0.0,0.0,0.0,0.0,0.0
2020-02-09,16,3439,False,0.0,0.0,0.0,0.0,0.0,0.0,0.0,0.0,0.0
2021-03-11,10,8248,False,0.0,0.0,0.0,0.0,0.0,0.0,0.0,0.0,0.0
2022-01-31,16,14603,False,0.0,0.0,0.0,0.0,0.0,0.0,0.0,0.0,0.0
2017-02-23,15,4424,False,0.0,0.0,0.0,0.0,0.0,0.0,0.0,0.0,0.0
2019-03-09,16,14364,False,0.0,0.0,0.0,0.0,0.0,0.0,0.0,0.0,0.0
2020-02-09,20,7645,False,0.0,0.0,0.0,0.0,0.0,0.0,0.0,0.0,0.0
2020-02-23,13,16735,False,0.0,0.0,0.0,0.0,0.0,0.0,0.0,0.0,0.0
2019-03-09,15,11162,False,0.0,0.0,0.0,0.0,0.0,0.0,0.0,0.0,0.0
2019-03-09,15,11211,False,0.0,0.0,0.0,0.0,0.0,0.0,0.0,0.0,0.0
2018-01-03,14,17047,False,0.0,0.0,0.0,0.0,0.0,0.0,0.0,0.0,0.0
2019-02-07,15,13269,False,0.0,0.0,0.0,0.0,0.0,0.0,0.0,0.0,0.0
2023-03-13,15,6536,False,0.0,0.0,0.0,0.0,0.0,0.0,0.0,0.0,0.0
2020-12-27,12,11577,False,0.0,0.0,0.0,0.0,0.0,0.0,0.0,0.0,0.0
2022-01-31,13,15187,False,0.0,0.0,0.0,0.0,0.0,0.0,0.0,0.0,0.0
2021-05-04,11,16806,False,0.0,0.0,0.0,0.0,0.0,0.0,0.0,0.0,0.0
2022-01-31,10,4422,False,0.0,0.0,0.0,0.0,0.0,0.0,0.0,0.0,0.0
2022-02-19,1,16073,False,0.0,0.0,0.0,0.0,0.0,0.0,0.0,0.0,0.0
2012-01-05,11,4487,False,0.0,0.0,0.0,0.0,0.0,0.0,0.0,0.0,0.0
2022-02-20,15,13379,False,0.0,0.0,0.0,0.0,0.0,0.0,0.0,0.0,0.0
2023-03-13,15,8371,False,0.0,0.0,0.0,0.0,0.0,0.0,0.0,0.0,0.0
2020-02-10,14,5023,False,0.0,0.0,0.0,0.0,0.0,0.0,0.0,0.0,0.0
2022-06-03,20,17149,False,0.0,0.0,0.0,0.0,0.0,0.0,0.0,0.0,0.0
2017-10-31,10,10194,False,0.0,0.0,0.0,0.0,0.0,0.0,0.0,0.0,0.0
2018-01-18,10,2838,False,0.0,0.0,0.0,0.0,0.0,0.0,0.0,0.0,0.0
2018-01-24,15,9658,False,0.0,0.0,0.0,0.0,0.0,0.0,0.0,0.0,0.0
2022-06-29,14,5519,False,0.0,0.0,0.0,0.0,0.0,0.0,0.0,0.0,0.0
2021-06-17,13,13701,False,0.0,0.0,0.0,0.0,0.0,0.0,0.0,0.0,0.0
2022-01-31,16,13563,False,0.0,0.0,0.0,0.0,0.0,0.0,0.0,0.0,0.0
2023-01-12,12,262,False,0.0,0.0,0.0,0.0,0.0,0.0,0.0,0.0,0.0
2023-07-05,10,1364,False,0.0,0.0,0.0,0.0,0.0,0.0,0.0,0.0,0.0
2023-07-05,10,1407,False,0.0,0.0,0.0,0.0,0.0,0.0,0.0,0.0,0.0
2011-12-06,13,16984,False,0.0,0.0,0.0,0.0,0.0,0.0,0.0,0.0,0.0
2017-02-23,15,14077,False,0.0,0.0,0.0,0.0,0.0,0.0,0.0,0.0,0.0
2012-01-05,15,14847,False,0.0,0.0,0.0,0.0,0.0,0.0,0.0,0.0,0.0
2018-12-08,9,16661,False,0.0,0.0,0.0,0.0,0.0,0.0,0.0,0.0,0.0
2018-01-18,9,13890,False,0.0,0.0,0.0,0.0,0.0,0.0,0.0,0.0,0.0
2018-01-18,10,11905,False,0.0,0.0,0.0,0.0,0.0,0.0,0.0,0.0,0.0
2018-01-23,16,15245,False,0.0,0.0,0.0,0.0,0.0,0.0,0.0,0.0,0.0
2018-02-13,15,3715,False,0.0,0.0,0.0,0.0,0.0,0.0,0.0,0.0,0.0
2018-03-01,8,11280,False,0.0,0.0,0.0,0.0,0.0,0.0,0.0,0.0,0.0
2022-02-21,14,3223,False,0.0,0.0,0.0,0.0,0.0,0.0,0.0,0.0,0.0
2017-02-24,16,15936,False,0.0,0.0,0.0,0.0,0.0,0.0,0.0,0.0,0.0
2017-03-18,12,4773,False,0.0,0.0,0.0,0.0,0.0,0.0,0.0,0.0,0.0
2019-01-08,16,1706,False,0.0,0.0,0.0,0.0,0.0,0.0,0.0,0.0,0.0
2017-01-29,15,11982,False,0.0,0.0,0.0,0.0,0.0,0.0,0.0,0.0,0.0
2017-02-24,15,14534,False,0.0,0.0,0.0,0.0,0.0,0.0,0.0,0.0,0.0
2018-01-18,20,11335,False,0.0,0.0,0.0,0.0,0.0,0.0,0.0,0.0,0.0
2017-02-23,21,5231,False,0.0,0.0,0.0,0.0,0.0,0.0,0.0,0.0,0.0
2023-05-21,22,8804,False,0.0,0.0,0.0,0.0,0.0,0.0,0.0,0.0,0.0
2021-03-11,11,2447,False,0.0,0.0,0.0,0.0,0.0,0.0,0.0,0.0,0.0
2018-01-03,11,11862,False,0.0,0.0,0.0,0.0,0.0,0.0,0.0,0.0,0.0
2022-02-19,10,3431,False,0.0,0.0,0.0,0.0,0.0,0.0,0.0,0.0,0.0
2018-01-18,9,13335,False,0.0,0.0,0.0,0.0,0.0,0.0,0.0,0.0,0.0
2022-02-16,22,3814,False,0.0,0.0,0.0,0.0,0.0,0.0,0.0,0.0,0.0
2022-05-05,13,14386,False,0.0,0.0,0.0,0.0,0.0,0.0,0.0,0.0,0.0
2018-01-18,8,6280,False,0.0,0.0,0.0,0.0,0.0,0.0,0.0,0.0,0.0
2022-02-22,12,17237,False,0.0,0.0,0.0,0.0,0.0,0.0,0.0,0.0,0.0
2018-01-18,12,14306,False,0.0,0.0,0.0,0.0,0.0,0.0,0.0,0.0,0.0
2018-07-28,14,6310,False,0.0,0.0,0.0,0.0,0.0,0.0,0.0,0.0,0.0
2018-08-09,21,2633,False,0.0,0.0,0.0,0.0,0.0,0.0,0.0,0.0,0.0
2020-02-09,20,3219,False,0.0,0.0,0.0,0.0,0.0,0.0,0.0,0.0,0.0
2020-02-23,16,15839,False,0.0,0.0,0.0,0.0,0.0,0.0,0.0,0.0,0.0
2021-03-11,11,16567,False,0.0,0.0,0.0,0.0,0.0,0.0,0.0,0.0,0.0
2023-07-05,8,14659,False,0.0,0.0,0.0,0.0,0.0,0.0,0.0,0.0,0.0
2023-07-05,8,15294,False,0.0,0.0,0.0,0.0,0.0,0.0,0.0,0.0,0.0
2011-03-31,11,2163,False,0.0,0.0,0.0,0.0,0.0,0.0,0.0,0.0,0.0
2022-02-19,13,17178,False,0.0,0.0,0.0,0.0,0.0,0.0,0.0,0.0,0.0
2019-10-26,14,2630,False,0.0,0.0,0.0,0.0,0.0,0.0,0.0,0.0,0.0
2022-09-16,15,12473,False,0.0,0.0,0.0,0.0,0.0,0.0,0.0,0.0,0.0
2020-02-09,16,16977,False,0.0,0.0,0.0,0.0,0.0,0.0,0.0,0.0,0.0
2020-02-09,17,11790,False,0.0,0.0,0.0,0.0,0.0,0.0,0.0,0.0,0.0
2019-02-09,17,11194,False,0.0,0.0,0.0,0.0,0.0,0.0,0.0,0.0,0.0
2020-02-09,17,16453,False,0.0,0.0,0.0,0.0,0.0,0.0,0.0,0.0,0.0
2019-03-16,17,16427,False,0.0,0.0,0.0,0.0,0.0,0.0,0.0,0.0,0.0
2020-02-25,14,12305,False,0.0,0.0,0.0,0.0,0.0,0.0,0.0,0.0,0.0
2020-02-25,14,12205,False,0.0,0.0,0.0,0.0,0.0,0.0,0.0,0.0,0.0
2022-02-19,11,9148,False,0.0,0.0,0.0,0.0,0.0,0.0,0.0,0.0,0.0
2008-03-01,8,16878,False,0.0,0.0,0.0,0.0,0.0,0.0,0.0,0.0,0.0
2012-01-05,14,3842,False,0.0,0.0,0.0,0.0,0.0,0.0,0.0,0.0,0.0
2021-03-13,19,6890,False,0.0,0.0,0.0,0.0,0.0,0.0,0.0,0.0,0.0
2022-02-25,16,14630,False,0.0,0.0,0.0,0.0,0.0,0.0,0.0,0.0,0.0
2007-01-20,17,15645,False,0.0,0.0,0.0,0.0,0.0,0.0,0.0,0.0,0.0
2012-04-03,16,5820,False,0.0,0.0,0.0,0.0,0.0,0.0,0.0,0.0,0.0
2020-02-09,14,15716,False,0.0,0.0,0.0,0.0,0.0,0.0,0.0,0.0,0.0
2022-02-24,17,12858,False,0.0,0.0,0.0,0.0,0.0,0.0,0.0,0.0,0.0
2022-09-17,14,44,False,0.0,0.0,0.0,0.0,0.0,0.0,0.0,0.0,0.0
2023-03-13,12,11493,False,0.0,0.0,0.0,0.0,0.0,0.0,0.0,0.0,0.0
2021-03-11,9,8276,False,0.0,0.0,0.0,0.0,0.0,0.0,0.0,0.0,0.0
2021-03-11,11,2216,False,0.0,0.0,0.0,0.0,0.0,0.0,0.0,0.0,0.0
2021-12-01,6,16592,False,0.0,0.0,0.0,0.0,0.0,0.0,0.0,0.0,0.0
2019-02-21,11,14299,False,0.0,0.0,0.0,0.0,0.0,0.0,0.0,0.0,0.0
2022-02-18,14,12503,False,0.0,0.0,0.0,0.0,0.0,0.0,0.0,0.0,0.0
2022-06-04,20,1019,False,0.0,0.0,0.0,0.0,0.0,0.0,0.0,0.0,0.0
2007-01-20,12,1952,False,0.0,0.0,0.0,0.0,0.0,0.0,0.0,0.0,0.0
2018-01-18,10,15874,False,0.0,0.0,0.0,0.0,0.0,0.0,0.0,0.0,0.0
2018-01-19,12,6668,False,0.0,0.0,0.0,0.0,0.0,0.0,0.0,0.0,0.0
2021-03-13,16,13804,False,0.0,0.0,0.0,0.0,0.0,0.0,0.0,0.0,0.0
2018-01-18,14,8538,False,0.0,0.0,0.0,0.0,0.0,0.0,0.0,0.0,0.0
2018-03-28,16,6539,False,0.0,0.0,0.0,0.0,0.0,0.0,0.0,0.0,0.0
2022-02-06,13,8402,False,0.0,0.0,0.0,0.0,0.0,0.0,0.0,0.0,0.0
2022-02-19,14,16342,False,0.0,0.0,0.0,0.0,0.0,0.0,0.0,0.0,0.0
2018-12-08,12,4517,False,0.0,0.0,0.0,0.0,0.0,0.0,0.0,0.0,0.0
2022-02-18,17,12525,False,0.0,0.0,0.0,0.0,0.0,0.0,0.0,0.0,0.0
2017-06-07,10,13621,False,0.0,0.0,0.0,0.0,0.0,0.0,0.0,0.0,0.0
2018-01-03,12,16781,False,0.0,0.0,0.0,0.0,0.0,0.0,0.0,0.0,0.0
2018-01-18,10,5187,False,0.0,0.0,0.0,0.0,0.0,0.0,0.0,0.0,0.0
2018-02-23,13,12103,False,0.0,0.0,0.0,0.0,0.0,0.0,0.0,0.0,0.0
2020-02-09,11,7765,False,0.0,0.0,0.0,0.0,0.0,0.0,0.0,0.0,0.0
2022-02-18,15,4809,False,0.0,0.0,0.0,0.0,0.0,0.0,0.0,0.0,0.0
2022-02-18,16,7277,False,0.0,0.0,0.0,0.0,0.0,0.0,0.0,0.0,0.0
2020-02-18,16,10803,False,0.0,0.0,0.0,0.0,0.0,0.0,0.0,0.0,0.0
2022-02-18,17,15531,False,0.0,0.0,0.0,0.0,0.0,0.0,0.0,0.0,0.0
2021-02-07,9,15688,False,0.0,0.0,0.0,0.0,0.0,0.0,0.0,0.0,0.0
2019-06-08,18,1360,False,0.0,0.0,0.0,0.0,0.0,0.0,0.0,0.0,0.0
2007-01-18,17,15333,False,0.0,0.0,0.0,0.0,0.0,0.0,0.0,0.0,0.0
2018-01-18,10,14746,False,0.0,0.0,0.0,0.0,0.0,0.0,0.0,0.0,0.0
2019-03-09,17,3819,False,0.0,0.0,0.0,0.0,0.0,0.0,0.0,0.0,0.0
2018-08-08,10,2107,False,0.0,0.0,0.0,0.0,0.0,0.0,0.0,0.0,0.0
2022-02-18,16,17173,False,0.0,0.0,0.0,0.0,0.0,0.0,0.0,0.0,0.0
2023-07-05,9,1959,False,0.0,0.0,0.0,0.0,0.0,0.0,0.0,0.0,0.0
2023-07-05,11,3655,False,0.0,0.0,0.0,0.0,0.0,0.0,0.0,0.0,0.0
2023-07-05,9,8141,False,0.0,0.0,0.0,0.0,0.0,0.0,0.0,0.0,0.0
2023-07-05,11,460,False,0.0,0.0,0.0,0.0,0.0,0.0,0.0,0.0,0.0
2022-02-28,17,9408,False,0.0,0.0,0.0,0.0,0.0,0.0,0.0,0.0,0.0
2020-12-27,13,1474,False,0.0,0.0,0.0,0.0,0.0,0.0,0.0,0.0,0.0
2019-06-08,17,5942,False,0.0,0.0,0.0,0.0,0.0,0.0,0.0,0.0,0.0
2020-02-09,17,7555,False,0.0,0.0,0.0,0.0,0.0,0.0,0.0,0.0,0.0
2022-02-21,13,16250,False,0.0,0.0,0.0,0.0,0.0,0.0,0.0,0.0,0.0
2019-02-07,16,6506,False,0.0,0.0,0.0,0.0,0.0,0.0,0.0,0.0,0.0
2019-06-08,8,8781,False,0.0,0.0,0.0,0.0,0.0,0.0,0.0,0.0,0.0
2020-02-22,13,9878,False,0.0,0.0,0.0,0.0,0.0,0.0,0.0,0.0,0.0
2021-03-28,18,8270,False,0.0,0.0,0.0,0.0,0.0,0.0,0.0,0.0,0.0
2020-02-09,19,2700,False,0.0,0.0,0.0,0.0,0.0,0.0,0.0,0.0,0.0
2022-02-20,15,7998,False,0.0,0.0,0.0,0.0,0.0,0.0,0.0,0.0,0.0
2021-02-07,12,5441,False,0.0,0.0,0.0,0.0,0.0,0.0,0.0,0.0,0.0
2021-03-11,11,10039,False,0.0,0.0,0.0,0.0,0.0,0.0,0.0,0.0,0.0
2022-02-22,17,1293,False,0.0,0.0,0.0,0.0,0.0,0.0,0.0,0.0,0.0
2023-07-16,13,3501,False,0.0,0.0,0.0,0.0,0.0,0.0,0.0,0.0,0.0
2022-02-22,17,8389,False,0.0,0.0,0.0,0.0,0.0,0.0,0.0,0.0,0.0
2017-06-23,17,13938,False,0.0,0.0,0.0,0.0,0.0,0.0,0.0,0.0,0.0
2021-05-22,14,12522,False,0.0,0.0,0.0,0.0,0.0,0.0,0.0,0.0,0.0
2022-02-19,9,13498,False,0.0,0.0,0.0,0.0,0.0,0.0,0.0,0.0,0.0
2022-02-20,11,10782,False,0.0,0.0,0.0,0.0,0.0,0.0,0.0,0.0,0.0
2022-04-07,20,1890,False,0.0,0.0,0.0,0.0,0.0,0.0,0.0,0.0,0.0
2018-08-30,15,16781,False,0.0,0.0,0.0,0.0,0.0,0.0,0.0,0.0,0.0
2019-03-07,18,2405,False,0.0,0.0,0.0,0.0,0.0,0.0,0.0,0.0,0.0
2020-02-09,19,15148,False,0.0,0.0,0.0,0.0,0.0,0.0,0.0,0.0,0.0
2022-01-30,16,13806,False,0.0,0.0,0.0,0.0,0.0,0.0,0.0,0.0,0.0
2021-03-11,11,8033,False,0.0,0.0,0.0,0.0,0.0,0.0,0.0,0.0,0.0
2017-10-07,9,14474,False,0.0,0.0,0.0,0.0,0.0,0.0,0.0,0.0,0.0
2018-01-18,8,2449,False,0.0,0.0,0.0,0.0,0.0,0.0,0.0,0.0,0.0
2019-08-10,10,14957,False,0.0,0.0,0.0,0.0,0.0,0.0,0.0,0.0,0.0
2020-02-23,10,13142,False,0.0,0.0,0.0,0.0,0.0,0.0,0.0,0.0,0.0
2020-03-12,15,7123,False,0.0,0.0,0.0,0.0,0.0,0.0,0.0,0.0,0.0
2020-05-11,13,2376,False,0.0,0.0,0.0,0.0,0.0,0.0,0.0,0.0,0.0
2021-09-01,9,3815,False,0.0,0.0,0.0,0.0,0.0,0.0,0.0,0.0,0.0
2020-02-23,13,15366,False,0.0,0.0,0.0,0.0,0.0,0.0,0.0,0.0,0.0
2023-07-05,18,12337,False,0.0,0.0,0.0,0.0,0.0,0.0,0.0,0.0,0.0
2023-07-05,18,12115,False,0.0,0.0,0.0,0.0,0.0,0.0,0.0,0.0,0.0
2018-03-17,12,6922,False,0.0,0.0,0.0,0.0,0.0,0.0,0.0,0.0,0.0
2018-05-15,17,5441,False,0.0,0.0,0.0,0.0,0.0,0.0,0.0,0.0,0.0
2021-10-19,13,15828,False,0.0,0.0,0.0,0.0,0.0,0.0,0.0,0.0,0.0
2022-04-04,12,14476,False,0.0,0.0,0.0,0.0,0.0,0.0,0.0,0.0,0.0
2022-05-04,11,15206,False,0.0,0.0,0.0,0.0,0.0,0.0,0.0,0.0,0.0
2022-02-22,16,3023,False,0.0,0.0,0.0,0.0,0.0,0.0,0.0,0.0,0.0
2022-02-21,14,8532,False,0.0,0.0,0.0,0.0,0.0,0.0,0.0,0.0,0.0
2020-02-09,15,212,False,0.0,0.0,0.0,0.0,0.0,0.0,0.0,0.0,0.0
2017-08-03,18,2280,False,0.0,0.0,0.0,0.0,0.0,0.0,0.0,0.0,0.0
2020-08-16,12,8427,False,0.0,0.0,0.0,0.0,0.0,0.0,0.0,0.0,0.0
2012-06-18,13,7526,False,0.0,0.0,0.0,0.0,0.0,0.0,0.0,0.0,0.0
2021-02-07,13,13097,False,0.0,0.0,0.0,0.0,0.0,0.0,0.0,0.0,0.0
2022-02-10,18,10121,False,0.0,0.0,0.0,0.0,0.0,0.0,0.0,0.0,0.0
2023-07-05,9,12409,False,0.0,0.0,0.0,0.0,0.0,0.0,0.0,0.0,0.0
2023-07-05,9,2816,False,0.0,0.0,0.0,0.0,0.0,0.0,0.0,0.0,0.0
2019-02-07,16,11254,False,0.0,0.0,0.0,0.0,0.0,0.0,0.0,0.0,0.0
2017-02-25,11,14902,False,0.0,0.0,0.0,0.0,0.0,0.0,0.0,0.0,0.0
2021-03-27,18,141,False,0.0,0.0,0.0,0.0,0.0,0.0,0.0,0.0,0.0
2018-01-03,12,1041,False,0.0,0.0,0.0,0.0,0.0,0.0,0.0,0.0,0.0
2018-01-24,15,4169,False,0.0,0.0,0.0,0.0,0.0,0.0,0.0,0.0,0.0
2008-03-10,13,479,False,0.0,0.0,0.0,0.0,0.0,0.0,0.0,0.0,0.0
2017-02-23,15,9939,False,0.0,0.0,0.0,0.0,0.0,0.0,0.0,0.0,0.0
2021-10-10,15,12935,False,0.0,0.0,0.0,0.0,0.0,0.0,0.0,0.0,0.0
2020-02-09,13,5898,False,0.0,0.0,0.0,0.0,0.0,0.0,0.0,0.0,0.0
2020-02-09,14,4283,False,0.0,0.0,0.0,0.0,0.0,0.0,0.0,0.0,0.0
2018-01-18,11,15278,False,0.0,0.0,0.0,0.0,0.0,0.0,0.0,0.0,0.0
2018-04-06,16,1943,False,0.0,0.0,0.0,0.0,0.0,0.0,0.0,0.0,0.0
2018-08-09,21,16889,False,0.0,0.0,0.0,0.0,0.0,0.0,0.0,0.0,0.0
2019-08-10,13,13652,False,0.0,0.0,0.0,0.0,0.0,0.0,0.0,0.0,0.0
2022-02-06,10,16713,False,0.0,0.0,0.0,0.0,0.0,0.0,0.0,0.0,0.0
2008-03-01,16,3594,False,0.0,0.0,0.0,0.0,0.0,0.0,0.0,0.0,0.0
2019-03-09,15,3005,False,0.0,0.0,0.0,0.0,0.0,0.0,0.0,0.0,0.0
2022-02-21,1,10943,False,0.0,0.0,0.0,0.0,0.0,0.0,0.0,0.0,0.0
2023-03-13,14,10065,False,0.0,0.0,0.0,0.0,0.0,0.0,0.0,0.0,0.0
2018-07-28,10,14085,False,0.0,0.0,0.0,0.0,0.0,0.0,0.0,0.0,0.0
2019-03-07,20,16208,False,0.0,0.0,0.0,0.0,0.0,0.0,0.0,0.0,0.0
2020-05-10,22,5039,False,0.0,0.0,0.0,0.0,0.0,0.0,0.0,0.0,0.0
2018-01-18,18,5563,False,0.0,0.0,0.0,0.0,0.0,0.0,0.0,0.0,0.0
2023-03-13,13,12245,False,0.0,0.0,0.0,0.0,0.0,0.0,0.0,0.0,0.0
2018-01-03,15,16900,False,0.0,0.0,0.0,0.0,0.0,0.0,0.0,0.0,0.0
2019-02-09,7,5535,False,0.0,0.0,0.0,0.0,0.0,0.0,0.0,0.0,0.0
2022-02-21,16,2443,False,0.0,0.0,0.0,0.0,0.0,0.0,0.0,0.0,0.0
2018-03-18,10,17201,False,0.0,0.0,0.0,0.0,0.0,0.0,0.0,0.0,0.0
2020-12-27,9,17093,False,0.0,0.0,0.0,0.0,0.0,0.0,0.0,0.0,0.0
2023-03-13,16,12958,False,0.0,0.0,0.0,0.0,0.0,0.0,0.0,0.0,0.0
2021-03-11,14,5762,False,0.0,0.0,0.0,0.0,0.0,0.0,0.0,0.0,0.0
2018-05-01,10,9373,False,0.0,0.0,0.0,0.0,0.0,0.0,0.0,0.0,0.0
2021-03-15,13,12263,False,0.0,0.0,0.0,0.0,0.0,0.0,0.0,0.0,0.0
2017-04-15,15,5630,False,0.0,0.0,0.0,0.0,0.0,0.0,0.0,0.0,0.0
2021-03-11,15,2910,False,0.0,0.0,0.0,0.0,0.0,0.0,0.0,0.0,0.0
2022-02-20,17,16078,False,0.0,0.0,0.0,0.0,0.0,0.0,0.0,0.0,0.0
2023-04-11,10,15944,False,0.0,0.0,0.0,0.0,0.0,0.0,0.0,0.0,0.0
2019-08-26,15,16795,False,0.0,0.0,0.0,0.0,0.0,0.0,0.0,0.0,0.0
2021-07-18,14,1969,False,0.0,0.0,0.0,0.0,0.0,0.0,0.0,0.0,0.0
2023-07-06,15,882,False,0.0,0.0,0.0,0.0,0.0,0.0,0.0,0.0,0.0
2019-03-16,14,8040,False,0.0,0.0,0.0,0.0,0.0,0.0,0.0,0.0,0.0
2020-06-18,12,6138,False,0.0,0.0,0.0,0.0,0.0,0.0,0.0,0.0,0.0
2021-01-21,10,15651,False,0.0,0.0,0.0,0.0,0.0,0.0,0.0,0.0,0.0
2022-02-21,11,6286,False,0.0,0.0,0.0,0.0,0.0,0.0,0.0,0.0,0.0
2023-09-18,18,13556,False,0.0,0.0,0.0,0.0,0.0,0.0,0.0,0.0,0.0
2019-12-10,23,992,False,0.0,0.0,0.0,0.0,0.0,0.0,0.0,0.0,0.0
2020-02-09,16,10036,False,0.0,0.0,0.0,0.0,0.0,0.0,0.0,0.0,0.0
2020-02-10,14,9507,False,0.0,0.0,0.0,0.0,0.0,0.0,0.0,0.0,0.0
2023-03-13,16,2837,False,0.0,0.0,0.0,0.0,0.0,0.0,0.0,0.0,0.0
2018-01-18,10,9661,False,0.0,0.0,0.0,0.0,0.0,0.0,0.0,0.0,0.0
2023-03-13,15,15155,False,0.0,0.0,0.0,0.0,0.0,0.0,0.0,0.0,0.0
2020-02-09,15,13496,False,0.0,0.0,0.0,0.0,0.0,0.0,0.0,0.0,0.0
2021-05-22,17,15933,False,0.0,0.0,0.0,0.0,0.0,0.0,0.0,0.0,0.0
2023-07-05,12,13163,False,0.0,0.0,0.0,0.0,0.0,0.0,0.0,0.0,0.0
2023-07-05,12,9335,False,0.0,0.0,0.0,0.0,0.0,0.0,0.0,0.0,0.0
2007-01-18,18,17062,False,0.0,0.0,0.0,0.0,0.0,0.0,0.0,0.0,0.0
2022-02-18,15,11118,False,0.0,0.0,0.0,0.0,0.0,0.0,0.0,0.0,0.0
2022-02-19,16,11115,False,0.0,0.0,0.0,0.0,0.0,0.0,0.0,0.0,0.0
2018-01-18,11,12977,False,0.0,0.0,0.0,0.0,0.0,0.0,0.0,0.0,0.0
2021-02-07,14,14371,False,0.0,0.0,0.0,0.0,0.0,0.0,0.0,0.0,0.0
2009-11-19,10,13091,False,0.0,0.0,0.0,0.0,0.0,0.0,0.0,0.0,0.0
2017-02-23,16,9759,False,0.0,0.0,0.0,0.0,0.0,0.0,0.0,0.0,0.0
2023-09-12,12,15216,False,0.0,0.0,0.0,0.0,0.0,0.0,0.0,0.0,0.0
2010-07-15,11,15505,False,0.0,0.0,0.0,0.0,0.0,0.0,0.0,0.0,0.0
2021-07-29,12,5952,False,0.0,0.0,0.0,0.0,0.0,0.0,0.0,0.0,0.0
2022-10-07,14,114,False,0.0,0.0,0.0,0.0,0.0,0.0,0.0,0.0,0.0
2020-02-23,12,1538,False,0.0,0.0,0.0,0.0,0.0,0.0,0.0,0.0,0.0
2018-01-18,10,12122,False,0.0,0.0,0.0,0.0,0.0,0.0,0.0,0.0,0.0
2019-06-06,2,1779,False,0.0,0.0,0.0,0.0,0.0,0.0,0.0,0.0,0.0
2019-06-06,11,9298,False,0.0,0.0,0.0,0.0,0.0,0.0,0.0,0.0,0.0
2022-02-19,10,704,False,0.0,0.0,0.0,0.0,0.0,0.0,0.0,0.0,0.0
2018-01-03,10,5360,False,0.0,0.0,0.0,0.0,0.0,0.0,0.0,0.0,0.0
2018-07-28,14,15423,False,0.0,0.0,0.0,0.0,0.0,0.0,0.0,0.0,0.0
2020-04-23,11,13844,False,0.0,0.0,0.0,0.0,0.0,0.0,0.0,0.0,0.0
2022-06-12,14,5381,False,0.0,0.0,0.0,0.0,0.0,0.0,0.0,0.0,0.0
2006-08-11,11,3315,False,0.0,0.0,0.0,0.0,0.0,0.0,0.0,0.0,0.0
2018-01-18,10,2070,False,0.0,0.0,0.0,0.0,0.0,0.0,0.0,0.0,0.0
2019-06-06,6,4672,False,0.0,0.0,0.0,0.0,0.0,0.0,0.0,0.0,0.0
2022-02-18,15,14344,False,0.0,0.0,0.0,0.0,0.0,0.0,0.0,0.0,0.0
2022-02-19,13,6371,False,0.0,0.0,0.0,0.0,0.0,0.0,0.0,0.0,0.0
2022-02-20,13,4305,False,0.0,0.0,0.0,0.0,0.0,0.0,0.0,0.0,0.0
2019-03-16,18,10518,False,0.0,0.0,0.0,0.0,0.0,0.0,0.0,0.0,0.0
2020-02-09,20,14184,False,0.0,0.0,0.0,0.0,0.0,0.0,0.0,0.0,0.0
2022-02-18,15,13476,False,0.0,0.0,0.0,0.0,0.0,0.0,0.0,0.0,0.0
2022-02-18,18,14949,False,0.0,0.0,0.0,0.0,0.0,0.0,0.0,0.0,0.0
2022-02-21,10,7280,False,0.0,0.0,0.0,0.0,0.0,0.0,0.0,0.0,0.0
2022-02-21,14,6742,False,0.0,0.0,0.0,0.0,0.0,0.0,0.0,0.0,0.0
2017-10-05,10,3111,False,0.0,0.0,0.0,0.0,0.0,0.0,0.0,0.0,0.0
2019-02-09,11,10655,False,0.0,0.0,0.0,0.0,0.0,0.0,0.0,0.0,0.0
2022-02-19,12,10943,False,0.0,0.0,0.0,0.0,0.0,0.0,0.0,0.0,0.0
2022-02-18,21,3165,False,0.0,0.0,0.0,0.0,0.0,0.0,0.0,0.0,0.0
2023-11-02,16,16901,False,0.0,0.0,0.0,0.0,0.0,0.0,0.0,0.0,0.0
2018-09-25,14,12918,False,0.0,0.0,0.0,0.0,0.0,0.0,0.0,0.0,0.0
2008-11-21,12,14931,False,0.0,0.0,0.0,0.0,0.0,0.0,0.0,0.0,0.0
2017-09-13,16,14523,False,0.0,0.0,0.0,0.0,0.0,0.0,0.0,0.0,0.0
2018-02-08,12,5018,False,0.0,0.0,0.0,0.0,0.0,0.0,0.0,0.0,0.0
2020-02-09,17,9024,False,0.0,0.0,0.0,0.0,0.0,0.0,0.0,0.0,0.0
2020-02-10,12,963,False,0.0,0.0,0.0,0.0,0.0,0.0,0.0,0.0,0.0
2020-02-23,11,3700,False,0.0,0.0,0.0,0.0,0.0,0.0,0.0,0.0,0.0
2018-05-01,13,7672,False,0.0,0.0,0.0,0.0,0.0,0.0,0.0,0.0,0.0
2022-01-31,15,16227,False,0.0,0.0,0.0,0.0,0.0,0.0,0.0,0.0,0.0
2022-02-19,20,13658,False,0.0,0.0,0.0,0.0,0.0,0.0,0.0,0.0,0.0
2022-02-18,16,10120,False,0.0,0.0,0.0,0.0,0.0,0.0,0.0,0.0,0.0
2022-02-21,15,2929,False,0.0,0.0,0.0,0.0,0.0,0.0,0.0,0.0,0.0
2017-06-07,15,5748,False,0.0,0.0,0.0,0.0,0.0,0.0,0.0,0.0,0.0
2020-02-09,11,7062,False,0.0,0.0,0.0,0.0,0.0,0.0,0.0,0.0,0.0
2021-01-21,4,14628,False,0.0,0.0,0.0,0.0,0.0,0.0,0.0,0.0,0.0
2022-02-19,14,13858,False,0.0,0.0,0.0,0.0,0.0,0.0,0.0,0.0,0.0
2023-11-02,15,13263,False,0.0,0.0,0.0,0.0,0.0,0.0,0.0,0.0,0.0
2023-11-02,15,2368,False,0.0,0.0,0.0,0.0,0.0,0.0,0.0,0.0,0.0
2018-09-10,17,11915,False,0.0,0.0,0.0,0.0,0.0,0.0,0.0,0.0,0.0
2018-03-02,12,10220,False,0.0,0.0,0.0,0.0,0.0,0.0,0.0,0.0,0.0
2020-02-09,17,5288,False,0.0,0.0,0.0,0.0,0.0,0.0,0.0,0.0,0.0
2021-03-11,9,9293,False,0.0,0.0,0.0,0.0,0.0,0.0,0.0,0.0,0.0
2022-01-31,9,12397,False,0.0,0.0,0.0,0.0,0.0,0.0,0.0,0.0,0.0
2022-02-19,12,12448,False,0.0,0.0,0.0,0.0,0.0,0.0,0.0,0.0,0.0
2022-02-20,12,9296,False,0.0,0.0,0.0,0.0,0.0,0.0,0.0,0.0,0.0
2018-03-01,10,17130,False,0.0,0.0,0.0,0.0,0.0,0.0,0.0,0.0,0.0
2010-02-28,18,17052,False,0.0,0.0,0.0,0.0,0.0,0.0,0.0,0.0,0.0
2021-10-19,16,14712,False,0.0,0.0,0.0,0.0,0.0,0.0,0.0,0.0,0.0
2022-02-19,16,15090,False,0.0,0.0,0.0,0.0,0.0,0.0,0.0,0.0,0.0
2022-02-21,10,1045,False,0.0,0.0,0.0,0.0,0.0,0.0,0.0,0.0,0.0
2017-10-29,1,6254,False,0.0,0.0,0.0,0.0,0.0,0.0,0.0,0.0,0.0
2019-06-06,14,13112,False,0.0,0.0,0.0,0.0,0.0,0.0,0.0,0.0,0.0
2022-04-09,11,12500,False,0.0,0.0,0.0,0.0,0.0,0.0,0.0,0.0,0.0
2008-03-08,17,15118,False,0.0,0.0,0.0,0.0,0.0,0.0,0.0,0.0,0.0
2020-02-09,16,13206,False,0.0,0.0,0.0,0.0,0.0,0.0,0.0,0.0,0.0
2018-12-25,13,4266,False,0.0,0.0,0.0,0.0,0.0,0.0,0.0,0.0,0.0
2017-05-01,15,2874,False,0.0,0.0,0.0,0.0,0.0,0.0,0.0,0.0,0.0
2017-06-23,17,3724,False,0.0,0.0,0.0,0.0,0.0,0.0,0.0,0.0,0.0
2020-02-09,19,13071,False,0.0,0.0,0.0,0.0,0.0,0.0,0.0,0.0,0.0
2019-06-07,16,1647,False,0.0,0.0,0.0,0.0,0.0,0.0,0.0,0.0,0.0
2022-02-20,11,2037,False,0.0,0.0,0.0,0.0,0.0,0.0,0.0,0.0,0.0
2022-02-20,11,5930,False,0.0,0.0,0.0,0.0,0.0,0.0,0.0,0.0,0.0
2023-03-13,13,15470,False,0.0,0.0,0.0,0.0,0.0,0.0,0.0,0.0,0.0
2017-07-14,9,15715,False,0.0,0.0,0.0,0.0,0.0,0.0,0.0,0.0,0.0
2018-01-14,15,14689,False,0.0,0.0,0.0,0.0,0.0,0.0,0.0,0.0,0.0
2018-05-02,17,1163,False,0.0,0.0,0.0,0.0,0.0,0.0,0.0,0.0,0.0
2022-02-18,16,12227,False,0.0,0.0,0.0,0.0,0.0,0.0,0.0,0.0,0.0
2023-03-26,11,10002,False,0.0,0.0,0.0,0.0,0.0,0.0,0.0,0.0,0.0
2018-01-18,11,6103,False,0.0,0.0,0.0,0.0,0.0,0.0,0.0,0.0,0.0
2018-03-17,11,1356,False,0.0,0.0,0.0,0.0,0.0,0.0,0.0,0.0,0.0
2018-12-08,16,3966,False,0.0,0.0,0.0,0.0,0.0,0.0,0.0,0.0,0.0
2022-01-17,10,11756,False,0.0,0.0,0.0,0.0,0.0,0.0,0.0,0.0,0.0
2019-02-09,13,2171,False,0.0,0.0,0.0,0.0,0.0,0.0,0.0,0.0,0.0
2021-03-11,15,7027,False,0.0,0.0,0.0,0.0,0.0,0.0,0.0,0.0,0.0
2023-07-05,9,6248,False,0.0,0.0,0.0,0.0,0.0,0.0,0.0,0.0,0.0
2023-07-05,9,5868,False,0.0,0.0,0.0,0.0,0.0,0.0,0.0,0.0,0.0
2018-05-01,4,13389,False,0.0,0.0,0.0,0.0,0.0,0.0,0.0,0.0,0.0
2021-08-29,10,10193,False,0.0,0.0,0.0,0.0,0.0,0.0,0.0,0.0,0.0
2017-02-23,16,13453,False,0.0,0.0,0.0,0.0,0.0,0.0,0.0,0.0,0.0
2018-01-30,16,372,False,0.0,0.0,0.0,0.0,0.0,0.0,0.0,0.0,0.0
2019-03-11,16,17091,False,0.0,0.0,0.0,0.0,0.0,0.0,0.0,0.0,0.0
2020-02-09,15,14052,False,0.0,0.0,0.0,0.0,0.0,0.0,0.0,0.0,0.0
2019-01-08,15,3560,False,0.0,0.0,0.0,0.0,0.0,0.0,0.0,0.0,0.0
2019-06-08,11,10119,False,0.0,0.0,0.0,0.0,0.0,0.0,0.0,0.0,0.0
2020-02-09,15,13656,False,0.0,0.0,0.0,0.0,0.0,0.0,0.0,0.0,0.0
2022-02-19,11,21,False,0.0,0.0,0.0,0.0,0.0,0.0,0.0,0.0,0.0
2018-01-24,11,8383,False,0.0,0.0,0.0,0.0,0.0,0.0,0.0,0.0,0.0
2021-09-12,18,11255,False,0.0,0.0,0.0,0.0,0.0,0.0,0.0,0.0,0.0
2020-02-09,11,9859,False,0.0,0.0,0.0,0.0,0.0,0.0,0.0,0.0,0.0
2020-03-23,10,3940,False,0.0,0.0,0.0,0.0,0.0,0.0,0.0,0.0,0.0
2021-10-20,14,16246,False,0.0,0.0,0.0,0.0,0.0,0.0,0.0,0.0,0.0
2021-12-03,14,475,False,0.0,0.0,0.0,0.0,0.0,0.0,0.0,0.0,0.0
2022-01-31,10,2606,False,0.0,0.0,0.0,0.0,0.0,0.0,0.0,0.0,0.0
2011-12-29,23,6517,False,0.0,0.0,0.0,0.0,0.0,0.0,0.0,0.0,0.0
2020-02-16,12,14464,False,0.0,0.0,0.0,0.0,0.0,0.0,0.0,0.0,0.0
2019-02-09,13,254,False,0.0,0.0,0.0,0.0,0.0,0.0,0.0,0.0,0.0
2022-01-31,11,12439,False,0.0,0.0,0.0,0.0,0.0,0.0,0.0,0.0,0.0
2022-02-18,21,14552,False,0.0,0.0,0.0,0.0,0.0,0.0,0.0,0.0,0.0
2023-03-13,11,11999,False,0.0,0.0,0.0,0.0,0.0,0.0,0.0,0.0,0.0
2012-11-25,13,2039,False,0.0,0.0,0.0,0.0,0.0,0.0,0.0,0.0,0.0
2018-03-17,14,1175,False,0.0,0.0,0.0,0.0,0.0,0.0,0.0,0.0,0.0
2022-02-18,15,7854,False,0.0,0.0,0.0,0.0,0.0,0.0,0.0,0.0,0.0
2022-02-18,17,4131,False,0.0,0.0,0.0,0.0,0.0,0.0,0.0,0.0,0.0
2022-02-20,13,1900,False,0.0,0.0,0.0,0.0,0.0,0.0,0.0,0.0,0.0
2022-02-20,17,17199,False,0.0,0.0,0.0,0.0,0.0,0.0,0.0,0.0,0.0
2022-02-21,0,12573,False,0.0,0.0,0.0,0.0,0.0,0.0,0.0,0.0,0.0
2021-03-11,14,8130,False,0.0,0.0,0.0,0.0,0.0,0.0,0.0,0.0,0.0
2023-03-23,22,11620,False,0.0,0.0,0.0,0.0,0.0,0.0,0.0,0.0,0.0
2019-06-06,1,7401,False,0.0,0.0,0.0,0.0,0.0,0.0,0.0,0.0,0.0
2019-06-06,9,4941,False,0.0,0.0,0.0,0.0,0.0,0.0,0.0,0.0,0.0
2022-12-20,10,13185,False,0.0,0.0,0.0,0.0,0.0,0.0,0.0,0.0,0.0
2020-02-09,15,3944,False,0.0,0.0,0.0,0.0,0.0,0.0,0.0,0.0,0.0
2018-01-03,12,13758,False,0.0,0.0,0.0,0.0,0.0,0.0,0.0,0.0,0.0
2011-09-12,18,9922,False,0.0,0.0,0.0,0.0,0.0,0.0,0.0,0.0,0.0
2020-02-10,13,16453,False,0.0,0.0,0.0,0.0,0.0,0.0,0.0,0.0,0.0
2019-08-10,15,14783,False,0.0,0.0,0.0,0.0,0.0,0.0,0.0,0.0,0.0
2020-02-09,16,927,False,0.0,0.0,0.0,0.0,0.0,0.0,0.0,0.0,0.0
2022-02-20,21,16399,False,0.0,0.0,0.0,0.0,0.0,0.0,0.0,0.0,0.0
2023-07-06,11,5678,False,0.0,0.0,0.0,0.0,0.0,0.0,0.0,0.0,0.0
2022-02-18,17,13151,False,0.0,0.0,0.0,0.0,0.0,0.0,0.0,0.0,0.0
2022-02-18,15,15089,False,0.0,0.0,0.0,0.0,0.0,0.0,0.0,0.0,0.0
2023-03-13,14,10585,False,0.0,0.0,0.0,0.0,0.0,0.0,0.0,0.0,0.0
2020-02-16,8,11966,False,0.0,0.0,0.0,0.0,0.0,0.0,0.0,0.0,0.0
2022-02-18,14,5545,False,0.0,0.0,0.0,0.0,0.0,0.0,0.0,0.0,0.0
2011-02-27,11,3642,False,0.0,0.0,0.0,0.0,0.0,0.0,0.0,0.0,0.0
2020-02-09,18,11533,False,0.0,0.0,0.0,0.0,0.0,0.0,0.0,0.0,0.0
2022-02-18,15,7981,False,0.0,0.0,0.0,0.0,0.0,0.0,0.0,0.0,0.0
2022-02-18,16,9185,False,0.0,0.0,0.0,0.0,0.0,0.0,0.0,0.0,0.0
2022-03-25,9,6374,False,0.0,0.0,0.0,0.0,0.0,0.0,0.0,0.0,0.0
2022-02-20,15,9505,False,0.0,0.0,0.0,0.0,0.0,0.0,0.0,0.0,0.0
2023-04-10,12,15150,False,0.0,0.0,0.0,0.0,0.0,0.0,0.0,0.0,0.0
2023-04-10,12,12442,False,0.0,0.0,0.0,0.0,0.0,0.0,0.0,0.0,0.0
2022-02-24,16,2360,False,0.0,0.0,0.0,0.0,0.0,0.0,0.0,0.0,0.0
2022-09-03,19,12227,False,0.0,0.0,0.0,0.0,0.0,0.0,0.0,0.0,0.0
2019-03-17,18,901,False,0.0,0.0,0.0,0.0,0.0,0.0,0.0,0.0,0.0
2021-03-11,12,3873,False,0.0,0.0,0.0,0.0,0.0,0.0,0.0,0.0,0.0
2021-12-26,14,10510,False,0.0,0.0,0.0,0.0,0.0,0.0,0.0,0.0,0.0
2018-01-29,14,16887,False,0.0,0.0,0.0,0.0,0.0,0.0,0.0,0.0,0.0
2022-02-18,17,15056,False,0.0,0.0,0.0,0.0,0.0,0.0,0.0,0.0,0.0
2017-02-23,17,14152,False,0.0,0.0,0.0,0.0,0.0,0.0,0.0,0.0,0.0
2020-02-09,16,6915,False,0.0,0.0,0.0,0.0,0.0,0.0,0.0,0.0,0.0
2020-07-06,8,11240,False,0.0,0.0,0.0,0.0,0.0,0.0,0.0,0.0,0.0
2021-01-21,15,6883,False,0.0,0.0,0.0,0.0,0.0,0.0,0.0,0.0,0.0
2021-03-13,13,3151,False,0.0,0.0,0.0,0.0,0.0,0.0,0.0,0.0,0.0
2022-02-20,12,13923,False,0.0,0.0,0.0,0.0,0.0,0.0,0.0,0.0,0.0
2021-02-07,11,9514,False,0.0,0.0,0.0,0.0,0.0,0.0,0.0,0.0,0.0
2022-02-20,21,6769,False,0.0,0.0,0.0,0.0,0.0,0.0,0.0,0.0,0.0
2022-02-20,11,871,False,0.0,0.0,0.0,0.0,0.0,0.0,0.0,0.0,0.0
2019-01-08,7,976,False,0.0,0.0,0.0,0.0,0.0,0.0,0.0,0.0,0.0
2009-05-25,22,69,False,0.0,0.0,0.0,0.0,0.0,0.0,0.0,0.0,0.0
2023-01-04,9,14780,False,0.0,0.0,0.0,0.0,0.0,0.0,0.0,0.0,0.0
2013-05-24,11,4823,False,0.0,0.0,0.0,0.0,0.0,0.0,0.0,0.0,0.0
2020-02-09,17,14141,False,0.0,0.0,0.0,0.0,0.0,0.0,0.0,0.0,0.0
2018-09-24,15,6438,False,0.0,0.0,0.0,0.0,0.0,0.0,0.0,0.0,0.0
2006-12-07,12,2421,False,0.0,0.0,0.0,0.0,0.0,0.0,0.0,0.0,0.0
2020-03-29,14,13711,False,0.0,0.0,0.0,0.0,0.0,0.0,0.0,0.0,0.0
2021-05-22,9,11155,False,0.0,0.0,0.0,0.0,0.0,0.0,0.0,0.0,0.0
2023-07-16,13,467,False,0.0,0.0,0.0,0.0,0.0,0.0,0.0,0.0,0.0
2020-10-21,17,15710,False,0.0,0.0,0.0,0.0,0.0,0.0,0.0,0.0,0.0
2022-02-20,9,9134,False,0.0,0.0,0.0,0.0,0.0,0.0,0.0,0.0,0.0
2022-02-18,16,1194,False,0.0,0.0,0.0,0.0,0.0,0.0,0.0,0.0,0.0
2020-02-09,16,4231,False,0.0,0.0,0.0,0.0,0.0,0.0,0.0,0.0,0.0
2021-12-25,12,5513,False,0.0,0.0,0.0,0.0,0.0,0.0,0.0,0.0,0.0
2022-01-31,17,2007,False,0.0,0.0,0.0,0.0,0.0,0.0,0.0,0.0,0.0
2022-02-21,9,5657,False,0.0,0.0,0.0,0.0,0.0,0.0,0.0,0.0,0.0
2022-05-25,18,5772,False,0.0,0.0,0.0,0.0,0.0,0.0,0.0,0.0,0.0
2022-02-18,16,13329,False,0.0,0.0,0.0,0.0,0.0,0.0,0.0,0.0,0.0
2018-08-09,21,7302,False,0.0,0.0,0.0,0.0,0.0,0.0,0.0,0.0,0.0
2019-06-11,16,5669,False,0.0,0.0,0.0,0.0,0.0,0.0,0.0,0.0,0.0
2020-06-06,16,14929,False,0.0,0.0,0.0,0.0,0.0,0.0,0.0,0.0,0.0
2022-02-19,16,2762,False,0.0,0.0,0.0,0.0,0.0,0.0,0.0,0.0,0.0
2022-02-18,17,12235,False,0.0,0.0,0.0,0.0,0.0,0.0,0.0,0.0,0.0
2022-02-19,16,16581,False,0.0,0.0,0.0,0.0,0.0,0.0,0.0,0.0,0.0
2020-02-09,16,784,False,0.0,0.0,0.0,0.0,0.0,0.0,0.0,0.0,0.0
2018-01-22,9,12925,False,0.0,0.0,0.0,0.0,0.0,0.0,0.0,0.0,0.0
2019-03-08,2,13159,False,0.0,0.0,0.0,0.0,0.0,0.0,0.0,0.0,0.0
2019-08-10,13,14730,False,0.0,0.0,0.0,0.0,0.0,0.0,0.0,0.0,0.0
2022-02-18,18,3923,False,0.0,0.0,0.0,0.0,0.0,0.0,0.0,0.0,0.0
2022-02-20,18,4146,False,0.0,0.0,0.0,0.0,0.0,0.0,0.0,0.0,0.0
2020-02-09,17,2324,False,0.0,0.0,0.0,0.0,0.0,0.0,0.0,0.0,0.0
2023-03-13,12,6548,False,0.0,0.0,0.0,0.0,0.0,0.0,0.0,0.0,0.0
2021-04-05,19,14765,False,0.0,0.0,0.0,0.0,0.0,0.0,0.0,0.0,0.0
2018-01-03,12,9924,False,0.0,0.0,0.0,0.0,0.0,0.0,0.0,0.0,0.0
2018-01-18,10,6149,False,0.0,0.0,0.0,0.0,0.0,0.0,0.0,0.0,0.0
2019-06-08,16,15061,False,0.0,0.0,0.0,0.0,0.0,0.0,0.0,0.0,0.0
2022-02-18,16,1583,False,0.0,0.0,0.0,0.0,0.0,0.0,0.0,0.0,0.0
2022-02-21,11,12442,False,0.0,0.0,0.0,0.0,0.0,0.0,0.0,0.0,0.0
2019-08-19,16,14028,False,0.0,0.0,0.0,0.0,0.0,0.0,0.0,0.0,0.0
2022-03-02,18,817,False,0.0,0.0,0.0,0.0,0.0,0.0,0.0,0.0,0.0
2020-02-09,16,8806,False,0.0,0.0,0.0,0.0,0.0,0.0,0.0,0.0,0.0
2011-09-12,18,7903,False,0.0,0.0,0.0,0.0,0.0,0.0,0.0,0.0,0.0
2020-02-09,18,13113,False,0.0,0.0,0.0,0.0,0.0,0.0,0.0,0.0,0.0
2022-02-06,16,5817,False,0.0,0.0,0.0,0.0,0.0,0.0,0.0,0.0,0.0
2011-11-27,13,10294,False,0.0,0.0,0.0,0.0,0.0,0.0,0.0,0.0,0.0
2019-03-12,18,5176,False,0.0,0.0,0.0,0.0,0.0,0.0,0.0,0.0,0.0
2019-08-09,21,15260,False,0.0,0.0,0.0,0.0,0.0,0.0,0.0,0.0,0.0
2020-02-10,10,8128,False,0.0,0.0,0.0,0.0,0.0,0.0,0.0,0.0,0.0
2020-02-22,15,1037,False,0.0,0.0,0.0,0.0,0.0,0.0,0.0,0.0,0.0
2018-01-18,10,13615,False,0.0,0.0,0.0,0.0,0.0,0.0,0.0,0.0,0.0
2022-02-19,12,16802,False,0.0,0.0,0.0,0.0,0.0,0.0,0.0,0.0,0.0
2017-02-23,18,1933,False,0.0,0.0,0.0,0.0,0.0,0.0,0.0,0.0,0.0
2018-01-18,11,11731,False,0.0,0.0,0.0,0.0,0.0,0.0,0.0,0.0,0.0
2021-03-11,8,4053,False,0.0,0.0,0.0,0.0,0.0,0.0,0.0,0.0,0.0
2018-01-18,11,5450,False,0.0,0.0,0.0,0.0,0.0,0.0,0.0,0.0,0.0
2018-10-02,12,8181,False,0.0,0.0,0.0,0.0,0.0,0.0,0.0,0.0,0.0
2021-10-23,13,12213,False,0.0,0.0,0.0,0.0,0.0,0.0,0.0,0.0,0.0
2022-02-20,20,16774,False,0.0,0.0,0.0,0.0,0.0,0.0,0.0,0.0,0.0
2022-02-22,15,16374,False,0.0,0.0,0.0,0.0,0.0,0.0,0.0,0.0,0.0
2019-01-08,14,11080,False,0.0,0.0,0.0,0.0,0.0,0.0,0.0,0.0,0.0
2018-01-24,14,8687,False,0.0,0.0,0.0,0.0,0.0,0.0,0.0,0.0,0.0
2020-06-13,16,9677,False,0.0,0.0,0.0,0.0,0.0,0.0,0.0,0.0,0.0
2020-08-08,1,12686,False,0.0,0.0,0.0,0.0,0.0,0.0,0.0,0.0,0.0
2020-02-22,21,16268,False,0.0,0.0,0.0,0.0,0.0,0.0,0.0,0.0,0.0
2022-02-18,16,10847,False,0.0,0.0,0.0,0.0,0.0,0.0,0.0,0.0,0.0
2021-01-21,11,14903,False,0.0,0.0,0.0,0.0,0.0,0.0,0.0,0.0,0.0
2021-01-21,15,9434,False,0.0,0.0,0.0,0.0,0.0,0.0,0.0,0.0,0.0
2011-12-08,20,15897,False,0.0,0.0,0.0,0.0,0.0,0.0,0.0,0.0,0.0
2023-05-22,21,1196,False,0.0,0.0,0.0,0.0,0.0,0.0,0.0,0.0,0.0
2019-03-25,12,3027,False,0.0,0.0,0.0,0.0,0.0,0.0,0.0,0.0,0.0
2020-03-28,15,1769,False,0.0,0.0,0.0,0.0,0.0,0.0,0.0,0.0,0.0
2012-01-05,18,9280,False,0.0,0.0,0.0,0.0,0.0,0.0,0.0,0.0,0.0
2022-02-20,8,3466,False,0.0,0.0,0.0,0.0,0.0,0.0,0.0,0.0,0.0
2020-02-11,12,1510,False,0.0,0.0,0.0,0.0,0.0,0.0,0.0,0.0,0.0
2021-07-07,13,1488,False,0.0,0.0,0.0,0.0,0.0,0.0,0.0,0.0,0.0
2022-02-18,19,14978,False,0.0,0.0,0.0,0.0,0.0,0.0,0.0,0.0,0.0
2022-02-18,15,500,False,0.0,0.0,0.0,0.0,0.0,0.0,0.0,0.0,0.0
2017-05-09,20,2218,False,0.0,0.0,0.0,0.0,0.0,0.0,0.0,0.0,0.0
2018-05-01,16,8042,False,0.0,0.0,0.0,0.0,0.0,0.0,0.0,0.0,0.0
2018-01-18,9,12742,False,0.0,0.0,0.0,0.0,0.0,0.0,0.0,0.0,0.0
2022-02-19,9,15930,False,0.0,0.0,0.0,0.0,0.0,0.0,0.0,0.0,0.0
2022-03-31,23,12445,False,0.0,0.0,0.0,0.0,0.0,0.0,0.0,0.0,0.0
2020-02-11,17,3975,False,0.0,0.0,0.0,0.0,0.0,0.0,0.0,0.0,0.0
2020-02-11,13,2037,False,0.0,0.0,0.0,0.0,0.0,0.0,0.0,0.0,0.0
2021-03-11,9,2496,False,0.0,0.0,0.0,0.0,0.0,0.0,0.0,0.0,0.0
2023-11-02,17,17048,False,0.0,0.0,0.0,0.0,0.0,0.0,0.0,0.0,0.0
2007-01-18,17,16447,False,0.0,0.0,0.0,0.0,0.0,0.0,0.0,0.0,0.0
2020-02-24,14,1384,False,0.0,0.0,0.0,0.0,0.0,0.0,0.0,0.0,0.0
2020-02-22,13,16154,False,0.0,0.0,0.0,0.0,0.0,0.0,0.0,0.0,0.0
2022-02-18,15,14247,False,0.0,0.0,0.0,0.0,0.0,0.0,0.0,0.0,0.0
2013-01-29,23,5743,False,0.0,0.0,0.0,0.0,0.0,0.0,0.0,0.0,0.0
2007-01-21,19,11324,False,0.0,0.0,0.0,0.0,0.0,0.0,0.0,0.0,0.0
2022-02-21,11,547,False,0.0,0.0,0.0,0.0,0.0,0.0,0.0,0.0,0.0
2012-11-25,14,10945,False,0.0,0.0,0.0,0.0,0.0,0.0,0.0,0.0,0.0
2020-02-10,8,51,False,0.0,0.0,0.0,0.0,0.0,0.0,0.0,0.0,0.0
2020-07-01,10,16543,False,0.0,0.0,0.0,0.0,0.0,0.0,0.0,0.0,0.0
2018-03-17,21,642,False,0.0,0.0,0.0,0.0,0.0,0.0,0.0,0.0,0.0
2019-03-11,16,14667,False,0.0,0.0,0.0,0.0,0.0,0.0,0.0,0.0,0.0
2023-03-13,12,4712,False,0.0,0.0,0.0,0.0,0.0,0.0,0.0,0.0,0.0
2018-01-18,10,13293,False,0.0,0.0,0.0,0.0,0.0,0.0,0.0,0.0,0.0
2020-02-09,16,262,False,0.0,0.0,0.0,0.0,0.0,0.0,0.0,0.0,0.0
2021-07-12,12,8747,False,0.0,0.0,0.0,0.0,0.0,0.0,0.0,0.0,0.0
2019-03-09,15,12241,False,0.0,0.0,0.0,0.0,0.0,0.0,0.0,0.0,0.0
2017-09-13,13,12996,False,0.0,0.0,0.0,0.0,0.0,0.0,0.0,0.0,0.0
2023-03-13,13,13560,False,0.0,0.0,0.0,0.0,0.0,0.0,0.0,0.0,0.0
2021-03-28,14,16923,False,0.0,0.0,0.0,0.0,0.0,0.0,0.0,0.0,0.0
2013-04-18,18,15545,False,0.0,0.0,0.0,0.0,0.0,0.0,0.0,0.0,0.0
2018-01-18,10,4627,False,0.0,0.0,0.0,0.0,0.0,0.0,0.0,0.0,0.0
2020-02-09,17,9675,False,0.0,0.0,0.0,0.0,0.0,0.0,0.0,0.0,0.0
2020-02-09,17,10843,False,0.0,0.0,0.0,0.0,0.0,0.0,0.0,0.0,0.0
2022-02-18,16,2210,False,0.0,0.0,0.0,0.0,0.0,0.0,0.0,0.0,0.0
2022-02-18,16,807,False,0.0,0.0,0.0,0.0,0.0,0.0,0.0,0.0,0.0
2022-02-20,21,11976,False,0.0,0.0,0.0,0.0,0.0,0.0,0.0,0.0,0.0
2022-02-19,11,10130,False,0.0,0.0,0.0,0.0,0.0,0.0,0.0,0.0,0.0
2022-02-20,11,1267,False,0.0,0.0,0.0,0.0,0.0,0.0,0.0,0.0,0.0
2022-02-20,21,13837,False,0.0,0.0,0.0,0.0,0.0,0.0,0.0,0.0,0.0
2019-12-19,10,10282,False,0.0,0.0,0.0,0.0,0.0,0.0,0.0,0.0,0.0
2022-02-21,12,3786,False,0.0,0.0,0.0,0.0,0.0,0.0,0.0,0.0,0.0
2008-07-21,18,13756,False,0.0,0.0,0.0,0.0,0.0,0.0,0.0,0.0,0.0
2023-07-05,9,12097,False,0.0,0.0,0.0,0.0,0.0,0.0,0.0,0.0,0.0
2023-07-05,9,1841,False,0.0,0.0,0.0,0.0,0.0,0.0,0.0,0.0,0.0
2017-09-13,10,1456,False,0.0,0.0,0.0,0.0,0.0,0.0,0.0,0.0,0.0
2019-06-07,17,16646,False,0.0,0.0,0.0,0.0,0.0,0.0,0.0,0.0,0.0
2020-02-10,8,5296,False,0.0,0.0,0.0,0.0,0.0,0.0,0.0,0.0,0.0
2023-03-13,9,16048,False,0.0,0.0,0.0,0.0,0.0,0.0,0.0,0.0,0.0
2023-07-05,9,14408,False,0.0,0.0,0.0,0.0,0.0,0.0,0.0,0.0,0.0
2023-07-05,9,13421,False,0.0,0.0,0.0,0.0,0.0,0.0,0.0,0.0,0.0
2018-08-02,15,1471,False,0.0,0.0,0.0,0.0,0.0,0.0,0.0,0.0,0.0
2022-01-31,11,14979,False,0.0,0.0,0.0,0.0,0.0,0.0,0.0,0.0,0.0
2022-02-18,16,12815,False,0.0,0.0,0.0,0.0,0.0,0.0,0.0,0.0,0.0
2023-03-13,12,13206,False,0.0,0.0,0.0,0.0,0.0,0.0,0.0,0.0,0.0
2011-02-04,16,13238,False,0.0,0.0,0.0,0.0,0.0,0.0,0.0,0.0,0.0
2020-03-10,15,5651,False,0.0,0.0,0.0,0.0,0.0,0.0,0.0,0.0,0.0
2021-03-11,10,761,False,0.0,0.0,0.0,0.0,0.0,0.0,0.0,0.0,0.0
2021-03-11,16,839,False,0.0,0.0,0.0,0.0,0.0,0.0,0.0,0.0,0.0
2023-03-13,15,16299,False,0.0,0.0,0.0,0.0,0.0,0.0,0.0,0.0,0.0
2023-07-05,19,13220,False,0.0,0.0,0.0,0.0,0.0,0.0,0.0,0.0,0.0
2023-07-05,19,16856,False,0.0,0.0,0.0,0.0,0.0,0.0,0.0,0.0,0.0
2018-09-30,12,106,False,0.0,0.0,0.0,0.0,0.0,0.0,0.0,0.0,0.0
2017-02-23,18,4940,False,0.0,0.0,0.0,0.0,0.0,0.0,0.0,0.0,0.0
2020-03-29,20,1387,False,0.0,0.0,0.0,0.0,0.0,0.0,0.0,0.0,0.0
2011-12-29,20,11128,False,0.0,0.0,0.0,0.0,0.0,0.0,0.0,0.0,0.0
2019-03-10,9,16951,False,0.0,0.0,0.0,0.0,0.0,0.0,0.0,0.0,0.0
2021-03-11,9,1067,False,0.0,0.0,0.0,0.0,0.0,0.0,0.0,0.0,0.0
2021-03-13,13,14620,False,0.0,0.0,0.0,0.0,0.0,0.0,0.0,0.0,0.0
2022-02-20,8,15868,False,0.0,0.0,0.0,0.0,0.0,0.0,0.0,0.0,0.0
2022-02-19,8,12135,False,0.0,0.0,0.0,0.0,0.0,0.0,0.0,0.0,0.0
2022-01-31,9,445,False,0.0,0.0,0.0,0.0,0.0,0.0,0.0,0.0,0.0
2023-03-13,15,14124,False,0.0,0.0,0.0,0.0,0.0,0.0,0.0,0.0,0.0
2017-06-06,13,15710,False,0.0,0.0,0.0,0.0,0.0,0.0,0.0,0.0,0.0
2020-02-09,17,16814,False,0.0,0.0,0.0,0.0,0.0,0.0,0.0,0.0,0.0
2017-06-06,15,2571,False,0.0,0.0,0.0,0.0,0.0,0.0,0.0,0.0,0.0
2019-03-09,16,16735,False,0.0,0.0,0.0,0.0,0.0,0.0,0.0,0.0,0.0
2022-01-31,16,7051,False,0.0,0.0,0.0,0.0,0.0,0.0,0.0,0.0,0.0
2022-02-18,17,7184,False,0.0,0.0,0.0,0.0,0.0,0.0,0.0,0.0,0.0
2020-02-19,11,3168,False,0.0,0.0,0.0,0.0,0.0,0.0,0.0,0.0,0.0
2021-03-11,15,11723,False,0.0,0.0,0.0,0.0,0.0,0.0,0.0,0.0,0.0
2022-12-30,14,9719,False,0.0,0.0,0.0,0.0,0.0,0.0,0.0,0.0,0.0
2020-06-18,22,15967,False,0.0,0.0,0.0,0.0,0.0,0.0,0.0,0.0,0.0
2017-06-17,7,10770,False,0.0,0.0,0.0,0.0,0.0,0.0,0.0,0.0,0.0
2020-02-09,13,13605,False,0.0,0.0,0.0,0.0,0.0,0.0,0.0,0.0,0.0
2020-02-09,15,1892,False,0.0,0.0,0.0,0.0,0.0,0.0,0.0,0.0,0.0
2018-01-20,14,1855,False,0.0,0.0,0.0,0.0,0.0,0.0,0.0,0.0,0.0
2022-09-12,20,592,False,0.0,0.0,0.0,0.0,0.0,0.0,0.0,0.0,0.0
2018-01-18,10,10820,False,0.0,0.0,0.0,0.0,0.0,0.0,0.0,0.0,0.0
2020-06-27,21,15386,False,0.0,0.0,0.0,0.0,0.0,0.0,0.0,0.0,0.0
2020-08-09,20,15634,False,0.0,0.0,0.0,0.0,0.0,0.0,0.0,0.0,0.0
2017-02-23,16,13206,False,0.0,0.0,0.0,0.0,0.0,0.0,0.0,0.0,0.0
2019-09-28,20,15873,False,0.0,0.0,0.0,0.0,0.0,0.0,0.0,0.0,0.0
2020-02-10,16,15469,False,0.0,0.0,0.0,0.0,0.0,0.0,0.0,0.0,0.0
2021-10-04,12,16710,False,0.0,0.0,0.0,0.0,0.0,0.0,0.0,0.0,0.0
2020-02-09,17,1357,False,0.0,0.0,0.0,0.0,0.0,0.0,0.0,0.0,0.0
2022-02-17,16,1726,False,0.0,0.0,0.0,0.0,0.0,0.0,0.0,0.0,0.0
2019-03-09,16,875,False,0.0,0.0,0.0,0.0,0.0,0.0,0.0,0.0,0.0
2009-09-03,14,6252,False,0.0,0.0,0.0,0.0,0.0,0.0,0.0,0.0,0.0
2020-02-09,16,11154,False,0.0,0.0,0.0,0.0,0.0,0.0,0.0,0.0,0.0
2023-03-25,16,1022,False,0.0,0.0,0.0,0.0,0.0,0.0,0.0,0.0,0.0
2022-02-18,18,15517,False,0.0,0.0,0.0,0.0,0.0,0.0,0.0,0.0,0.0
2022-02-19,8,3382,False,0.0,0.0,0.0,0.0,0.0,0.0,0.0,0.0,0.0
2012-11-25,9,7898,False,0.0,0.0,0.0,0.0,0.0,0.0,0.0,0.0,0.0
2020-02-09,15,9984,False,0.0,0.0,0.0,0.0,0.0,0.0,0.0,0.0,0.0
2022-02-21,18,1106,False,0.0,0.0,0.0,0.0,0.0,0.0,0.0,0.0,0.0
2017-02-23,17,9068,False,0.0,0.0,0.0,0.0,0.0,0.0,0.0,0.0,0.0
2022-02-19,17,13167,False,0.0,0.0,0.0,0.0,0.0,0.0,0.0,0.0,0.0
2020-02-23,13,10625,False,0.0,0.0,0.0,0.0,0.0,0.0,0.0,0.0,0.0
2019-12-11,9,3126,False,0.0,0.0,0.0,0.0,0.0,0.0,0.0,0.0,0.0
2020-02-09,17,5571,False,0.0,0.0,0.0,0.0,0.0,0.0,0.0,0.0,0.0
2020-03-29,13,15255,False,0.0,0.0,0.0,0.0,0.0,0.0,0.0,0.0,0.0
2018-01-18,10,15453,False,0.0,0.0,0.0,0.0,0.0,0.0,0.0,0.0,0.0
2020-02-09,15,11983,False,0.0,0.0,0.0,0.0,0.0,0.0,0.0,0.0,0.0
2020-02-10,18,7525,False,0.0,0.0,0.0,0.0,0.0,0.0,0.0,0.0,0.0
2020-02-09,15,5431,False,0.0,0.0,0.0,0.0,0.0,0.0,0.0,0.0,0.0
2019-03-25,12,8993,False,0.0,0.0,0.0,0.0,0.0,0.0,0.0,0.0,0.0
2021-05-21,22,15506,False,0.0,0.0,0.0,0.0,0.0,0.0,0.0,0.0,0.0
2009-11-18,14,1916,False,0.0,0.0,0.0,0.0,0.0,0.0,0.0,0.0,0.0
2009-11-23,19,5931,False,0.0,0.0,0.0,0.0,0.0,0.0,0.0,0.0,0.0
2020-02-10,10,14875,False,0.0,0.0,0.0,0.0,0.0,0.0,0.0,0.0,0.0
2020-08-09,16,4443,False,0.0,0.0,0.0,0.0,0.0,0.0,0.0,0.0,0.0
2022-02-21,15,16856,False,0.0,0.0,0.0,0.0,0.0,0.0,0.0,0.0,0.0
2020-08-25,16,664,False,0.0,0.0,0.0,0.0,0.0,0.0,0.0,0.0,0.0
2022-01-31,10,12509,False,0.0,0.0,0.0,0.0,0.0,0.0,0.0,0.0,0.0
2020-03-03,12,9302,False,0.0,0.0,0.0,0.0,0.0,0.0,0.0,0.0,0.0
2020-03-31,20,6796,False,0.0,0.0,0.0,0.0,0.0,0.0,0.0,0.0,0.0
2022-02-20,15,13591,False,0.0,0.0,0.0,0.0,0.0,0.0,0.0,0.0,0.0
2006-03-27,18,8028,False,0.0,0.0,0.0,0.0,0.0,0.0,0.0,0.0,0.0
2022-11-17,11,2068,False,0.0,0.0,0.0,0.0,0.0,0.0,0.0,0.0,0.0
2020-02-09,15,1030,False,0.0,0.0,0.0,0.0,0.0,0.0,0.0,0.0,0.0
2020-02-16,14,6000,False,0.0,0.0,0.0,0.0,0.0,0.0,0.0,0.0,0.0
2018-01-18,8,13185,False,0.0,0.0,0.0,0.0,0.0,0.0,0.0,0.0,0.0
2019-06-07,17,13326,False,0.0,0.0,0.0,0.0,0.0,0.0,0.0,0.0,0.0
2022-02-14,8,5375,False,0.0,0.0,0.0,0.0,0.0,0.0,0.0,0.0,0.0
2022-02-18,15,6442,False,0.0,0.0,0.0,0.0,0.0,0.0,0.0,0.0,0.0
2022-02-20,10,11579,False,0.0,0.0,0.0,0.0,0.0,0.0,0.0,0.0,0.0
2022-02-20,10,16537,False,0.0,0.0,0.0,0.0,0.0,0.0,0.0,0.0,0.0
2022-04-07,21,34,False,0.0,0.0,0.0,0.0,0.0,0.0,0.0,0.0,0.0
2020-12-04,11,7894,False,0.0,0.0,0.0,0.0,0.0,0.0,0.0,0.0,0.0
2022-01-31,14,15427,False,0.0,0.0,0.0,0.0,0.0,0.0,0.0,0.0,0.0
2018-12-21,16,6257,False,0.0,0.0,0.0,0.0,0.0,0.0,0.0,0.0,0.0
2020-01-16,22,16387,False,0.0,0.0,0.0,0.0,0.0,0.0,0.0,0.0,0.0
2012-01-05,11,4196,False,0.0,0.0,0.0,0.0,0.0,0.0,0.0,0.0,0.0
2017-10-30,15,15688,False,0.0,0.0,0.0,0.0,0.0,0.0,0.0,0.0,0.0
2018-01-18,10,15442,False,0.0,0.0,0.0,0.0,0.0,0.0,0.0,0.0,0.0
2022-02-19,11,2047,False,0.0,0.0,0.0,0.0,0.0,0.0,0.0,0.0,0.0
2012-06-08,19,8877,False,0.0,0.0,0.0,0.0,0.0,0.0,0.0,0.0,0.0
2020-02-09,11,13598,False,0.0,0.0,0.0,0.0,0.0,0.0,0.0,0.0,0.0
2023-04-06,17,9615,False,0.0,0.0,0.0,0.0,0.0,0.0,0.0,0.0,0.0
2022-02-20,15,12429,False,0.0,0.0,0.0,0.0,0.0,0.0,0.0,0.0,0.0
2017-02-22,10,5105,False,0.0,0.0,0.0,0.0,0.0,0.0,0.0,0.0,0.0
2018-12-09,0,5278,False,0.0,0.0,0.0,0.0,0.0,0.0,0.0,0.0,0.0
2019-06-06,0,15654,False,0.0,0.0,0.0,0.0,0.0,0.0,0.0,0.0,0.0
2012-09-24,16,16715,False,0.0,0.0,0.0,0.0,0.0,0.0,0.0,0.0,0.0
2018-01-18,10,16016,False,0.0,0.0,0.0,0.0,0.0,0.0,0.0,0.0,0.0
2020-02-11,9,4282,False,0.0,0.0,0.0,0.0,0.0,0.0,0.0,0.0,0.0
2019-03-17,9,16130,False,0.0,0.0,0.0,0.0,0.0,0.0,0.0,0.0,0.0
2022-02-18,15,9016,False,0.0,0.0,0.0,0.0,0.0,0.0,0.0,0.0,0.0
2017-10-29,10,14539,False,0.0,0.0,0.0,0.0,0.0,0.0,0.0,0.0,0.0
2020-02-09,18,3344,False,0.0,0.0,0.0,0.0,0.0,0.0,0.0,0.0,0.0
2020-02-09,18,13603,False,0.0,0.0,0.0,0.0,0.0,0.0,0.0,0.0,0.0
2022-01-31,17,14135,False,0.0,0.0,0.0,0.0,0.0,0.0,0.0,0.0,0.0
2017-06-06,16,10067,False,0.0,0.0,0.0,0.0,0.0,0.0,0.0,0.0,0.0
2017-02-23,19,6846,False,0.0,0.0,0.0,0.0,0.0,0.0,0.0,0.0,0.0
2020-01-26,14,10698,False,0.0,0.0,0.0,0.0,0.0,0.0,0.0,0.0,0.0
2022-02-16,16,367,False,0.0,0.0,0.0,0.0,0.0,0.0,0.0,0.0,0.0
2022-02-19,16,308,False,0.0,0.0,0.0,0.0,0.0,0.0,0.0,0.0,0.0
2018-01-19,18,3934,False,0.0,0.0,0.0,0.0,0.0,0.0,0.0,0.0,0.0
2023-11-02,20,9990,False,0.0,0.0,0.0,0.0,0.0,0.0,0.0,0.0,0.0
2020-02-09,16,3903,False,0.0,0.0,0.0,0.0,0.0,0.0,0.0,0.0,0.0
2019-06-06,0,2644,False,0.0,0.0,0.0,0.0,0.0,0.0,0.0,0.0,0.0
2022-02-18,15,14775,False,0.0,0.0,0.0,0.0,0.0,0.0,0.0,0.0,0.0
2012-11-25,12,13142,False,0.0,0.0,0.0,0.0,0.0,0.0,0.0,0.0,0.0
2020-02-10,11,9306,False,0.0,0.0,0.0,0.0,0.0,0.0,0.0,0.0,0.0
2018-01-18,10,10857,False,0.0,0.0,0.0,0.0,0.0,0.0,0.0,0.0,0.0
2021-03-11,9,16785,False,0.0,0.0,0.0,0.0,0.0,0.0,0.0,0.0,0.0
2022-02-05,11,12097,False,0.0,0.0,0.0,0.0,0.0,0.0,0.0,0.0,0.0
2018-01-03,15,15810,False,0.0,0.0,0.0,0.0,0.0,0.0,0.0,0.0,0.0
2019-02-07,16,15651,False,0.0,0.0,0.0,0.0,0.0,0.0,0.0,0.0,0.0
2019-06-10,21,1204,False,0.0,0.0,0.0,0.0,0.0,0.0,0.0,0.0,0.0
2008-11-21,11,15060,False,0.0,0.0,0.0,0.0,0.0,0.0,0.0,0.0,0.0
2022-02-18,15,16816,False,0.0,0.0,0.0,0.0,0.0,0.0,0.0,0.0,0.0
2019-06-18,20,12145,False,0.0,0.0,0.0,0.0,0.0,0.0,0.0,0.0,0.0
2020-06-14,12,13741,False,0.0,0.0,0.0,0.0,0.0,0.0,0.0,0.0,0.0
2023-01-31,15,6529,False,0.0,0.0,0.0,0.0,0.0,0.0,0.0,0.0,0.0
2008-03-11,22,15815,False,0.0,0.0,0.0,0.0,0.0,0.0,0.0,0.0,0.0
2008-10-26,13,13965,False,0.0,0.0,0.0,0.0,0.0,0.0,0.0,0.0,0.0
2023-03-13,14,9279,False,0.0,0.0,0.0,0.0,0.0,0.0,0.0,0.0,0.0
2017-11-26,10,6310,False,0.0,0.0,0.0,0.0,0.0,0.0,0.0,0.0,0.0
2019-01-08,9,12143,False,0.0,0.0,0.0,0.0,0.0,0.0,0.0,0.0,0.0
2022-02-21,10,10543,False,0.0,0.0,0.0,0.0,0.0,0.0,0.0,0.0,0.0
2019-11-19,16,13885,False,0.0,0.0,0.0,0.0,0.0,0.0,0.0,0.0,0.0
2023-03-13,14,7636,False,0.0,0.0,0.0,0.0,0.0,0.0,0.0,0.0,0.0
2022-02-18,15,1411,False,0.0,0.0,0.0,0.0,0.0,0.0,0.0,0.0,0.0
2020-02-16,16,17150,False,0.0,0.0,0.0,0.0,0.0,0.0,0.0,0.0,0.0
2022-02-19,10,1413,False,0.0,0.0,0.0,0.0,0.0,0.0,0.0,0.0,0.0
2022-02-19,9,4549,False,0.0,0.0,0.0,0.0,0.0,0.0,0.0,0.0,0.0
2019-06-08,16,7134,False,0.0,0.0,0.0,0.0,0.0,0.0,0.0,0.0,0.0
2021-03-11,11,17223,False,0.0,0.0,0.0,0.0,0.0,0.0,0.0,0.0,0.0
2021-01-05,13,581,False,0.0,0.0,0.0,0.0,0.0,0.0,0.0,0.0,0.0
2022-02-18,18,11406,False,0.0,0.0,0.0,0.0,0.0,0.0,0.0,0.0,0.0
2023-02-18,12,13051,False,0.0,0.0,0.0,0.0,0.0,0.0,0.0,0.0,0.0
2017-02-02,19,8505,False,0.0,0.0,0.0,0.0,0.0,0.0,0.0,0.0,0.0
2017-10-07,10,3297,False,0.0,0.0,0.0,0.0,0.0,0.0,0.0,0.0,0.0
2022-02-21,9,15623,False,0.0,0.0,0.0,0.0,0.0,0.0,0.0,0.0,0.0
2023-07-05,11,17239,False,0.0,0.0,0.0,0.0,0.0,0.0,0.0,0.0,0.0
2023-07-05,11,12133,False,0.0,0.0,0.0,0.0,0.0,0.0,0.0,0.0,0.0
2023-03-13,9,8895,False,0.0,0.0,0.0,0.0,0.0,0.0,0.0,0.0,0.0
2021-03-11,11,5908,False,0.0,0.0,0.0,0.0,0.0,0.0,0.0,0.0,0.0
2022-02-18,15,8842,False,0.0,0.0,0.0,0.0,0.0,0.0,0.0,0.0,0.0
2022-02-18,15,13586,False,0.0,0.0,0.0,0.0,0.0,0.0,0.0,0.0,0.0
2022-02-20,15,15275,False,0.0,0.0,0.0,0.0,0.0,0.0,0.0,0.0,0.0
2012-09-24,16,765,False,0.0,0.0,0.0,0.0,0.0,0.0,0.0,0.0,0.0
2017-07-30,11,5662,False,0.0,0.0,0.0,0.0,0.0,0.0,0.0,0.0,0.0
2023-02-28,7,2268,False,0.0,0.0,0.0,0.0,0.0,0.0,0.0,0.0,0.0
2018-01-17,14,11770,False,0.0,0.0,0.0,0.0,0.0,0.0,0.0,0.0,0.0
2018-01-18,11,13300,False,0.0,0.0,0.0,0.0,0.0,0.0,0.0,0.0,0.0
2018-01-18,10,4371,False,0.0,0.0,0.0,0.0,0.0,0.0,0.0,0.0,0.0
2020-02-10,8,12821,False,0.0,0.0,0.0,0.0,0.0,0.0,0.0,0.0,0.0
2020-03-29,18,9311,False,0.0,0.0,0.0,0.0,0.0,0.0,0.0,0.0,0.0
2021-12-17,14,9005,False,0.0,0.0,0.0,0.0,0.0,0.0,0.0,0.0,0.0
2021-03-11,12,1525,False,0.0,0.0,0.0,0.0,0.0,0.0,0.0,0.0,0.0
2021-03-11,12,11392,False,0.0,0.0,0.0,0.0,0.0,0.0,0.0,0.0,0.0
2013-04-18,17,15376,False,0.0,0.0,0.0,0.0,0.0,0.0,0.0,0.0,0.0
2022-02-18,19,15526,False,0.0,0.0,0.0,0.0,0.0,0.0,0.0,0.0,0.0
2022-02-18,21,14102,False,0.0,0.0,0.0,0.0,0.0,0.0,0.0,0.0,0.0
2018-01-18,18,12879,False,0.0,0.0,0.0,0.0,0.0,0.0,0.0,0.0,0.0
2022-02-18,15,7755,False,0.0,0.0,0.0,0.0,0.0,0.0,0.0,0.0,0.0
2019-06-06,8,3353,False,0.0,0.0,0.0,0.0,0.0,0.0,0.0,0.0,0.0
2020-02-09,15,5640,False,0.0,0.0,0.0,0.0,0.0,0.0,0.0,0.0,0.0
2020-02-11,8,5071,False,0.0,0.0,0.0,0.0,0.0,0.0,0.0,0.0,0.0
2020-02-23,14,2166,False,0.0,0.0,0.0,0.0,0.0,0.0,0.0,0.0,0.0
2022-02-20,13,14802,False,0.0,0.0,0.0,0.0,0.0,0.0,0.0,0.0,0.0
2020-02-11,16,9997,False,0.0,0.0,0.0,0.0,0.0,0.0,0.0,0.0,0.0
2020-02-09,14,14461,False,0.0,0.0,0.0,0.0,0.0,0.0,0.0,0.0,0.0
2020-02-09,16,6186,False,0.0,0.0,0.0,0.0,0.0,0.0,0.0,0.0,0.0
2019-01-08,17,17140,False,0.0,0.0,0.0,0.0,0.0,0.0,0.0,0.0,0.0
2022-02-19,19,14980,False,0.0,0.0,0.0,0.0,0.0,0.0,0.0,0.0,0.0
2007-01-20,16,16757,False,0.0,0.0,0.0,0.0,0.0,0.0,0.0,0.0,0.0
2017-10-01,22,11895,False,0.0,0.0,0.0,0.0,0.0,0.0,0.0,0.0,0.0
2020-02-09,16,1133,False,0.0,0.0,0.0,0.0,0.0,0.0,0.0,0.0,0.0
2011-09-04,3,3166,False,0.0,0.0,0.0,0.0,0.0,0.0,0.0,0.0,0.0
2020-02-09,16,2840,False,0.0,0.0,0.0,0.0,0.0,0.0,0.0,0.0,0.0
2021-03-11,13,7409,False,0.0,0.0,0.0,0.0,0.0,0.0,0.0,0.0,0.0
2023-11-02,16,14755,False,0.0,0.0,0.0,0.0,0.0,0.0,0.0,0.0,0.0
2022-02-20,11,16609,False,0.0,0.0,0.0,0.0,0.0,0.0,0.0,0.0,0.0
2017-09-29,18,6917,False,0.0,0.0,0.0,0.0,0.0,0.0,0.0,0.0,0.0
2020-02-09,15,7401,False,0.0,0.0,0.0,0.0,0.0,0.0,0.0,0.0,0.0
2008-03-01,14,11107,False,0.0,0.0,0.0,0.0,0.0,0.0,0.0,0.0,0.0
2020-02-09,15,1103,False,0.0,0.0,0.0,0.0,0.0,0.0,0.0,0.0,0.0
2022-02-18,20,8773,False,0.0,0.0,0.0,0.0,0.0,0.0,0.0,0.0,0.0
2022-02-18,16,11729,False,0.0,0.0,0.0,0.0,0.0,0.0,0.0,0.0,0.0
2023-07-05,10,16159,False,0.0,0.0,0.0,0.0,0.0,0.0,0.0,0.0,0.0
2023-07-05,10,6017,False,0.0,0.0,0.0,0.0,0.0,0.0,0.0,0.0,0.0
2023-11-02,17,16813,False,0.0,0.0,0.0,0.0,0.0,0.0,0.0,0.0,0.0
2017-06-07,19,10535,False,0.0,0.0,0.0,0.0,0.0,0.0,0.0,0.0,0.0
2006-11-01,10,12616,False,0.0,0.0,0.0,0.0,0.0,0.0,0.0,0.0,0.0
2023-09-06,20,16638,False,0.0,0.0,0.0,0.0,0.0,0.0,0.0,0.0,0.0
2023-09-12,20,6432,False,0.0,0.0,0.0,0.0,0.0,0.0,0.0,0.0,0.0
2017-02-23,16,4517,False,0.0,0.0,0.0,0.0,0.0,0.0,0.0,0.0,0.0
2022-02-20,18,11373,False,0.0,0.0,0.0,0.0,0.0,0.0,0.0,0.0,0.0
2019-03-16,18,14260,False,0.0,0.0,0.0,0.0,0.0,0.0,0.0,0.0,0.0
2021-03-11,11,5254,False,0.0,0.0,0.0,0.0,0.0,0.0,0.0,0.0,0.0
2022-02-20,11,1716,False,0.0,0.0,0.0,0.0,0.0,0.0,0.0,0.0,0.0
2023-10-20,15,16665,False,0.0,0.0,0.0,0.0,0.0,0.0,0.0,0.0,0.0
2022-02-20,20,16211,False,0.0,0.0,0.0,0.0,0.0,0.0,0.0,0.0,0.0
2019-02-09,12,15985,False,0.0,0.0,0.0,0.0,0.0,0.0,0.0,0.0,0.0
2018-02-26,14,14993,False,0.0,0.0,0.0,0.0,0.0,0.0,0.0,0.0,0.0
2020-06-14,12,16943,False,0.0,0.0,0.0,0.0,0.0,0.0,0.0,0.0,0.0
2022-03-26,16,12877,False,0.0,0.0,0.0,0.0,0.0,0.0,0.0,0.0,0.0
2022-02-19,9,15171,False,0.0,0.0,0.0,0.0,0.0,0.0,0.0,0.0,0.0
2022-02-19,20,2361,False,0.0,0.0,0.0,0.0,0.0,0.0,0.0,0.0,0.0
2008-03-01,15,11567,False,0.0,0.0,0.0,0.0,0.0,0.0,0.0,0.0,0.0
2011-02-05,9,728,False,0.0,0.0,0.0,0.0,0.0,0.0,0.0,0.0,0.0
2019-03-09,17,79,False,0.0,0.0,0.0,0.0,0.0,0.0,0.0,0.0,0.0
2020-03-29,13,9168,False,0.0,0.0,0.0,0.0,0.0,0.0,0.0,0.0,0.0
2022-04-07,15,11992,False,0.0,0.0,0.0,0.0,0.0,0.0,0.0,0.0,0.0
2018-01-03,11,5873,False,0.0,0.0,0.0,0.0,0.0,0.0,0.0,0.0,0.0
2022-05-11,21,11661,False,0.0,0.0,0.0,0.0,0.0,0.0,0.0,0.0,0.0
2018-01-18,8,334,False,0.0,0.0,0.0,0.0,0.0,0.0,0.0,0.0,0.0
2022-02-20,12,8997,False,0.0,0.0,0.0,0.0,0.0,0.0,0.0,0.0,0.0
2022-04-01,8,14752,False,0.0,0.0,0.0,0.0,0.0,0.0,0.0,0.0,0.0
2018-01-18,20,3316,False,0.0,0.0,0.0,0.0,0.0,0.0,0.0,0.0,0.0
2022-04-07,15,7406,False,0.0,0.0,0.0,0.0,0.0,0.0,0.0,0.0,0.0
2022-02-25,14,6007,False,0.0,0.0,0.0,0.0,0.0,0.0,0.0,0.0,0.0
2020-02-16,16,946,False,0.0,0.0,0.0,0.0,0.0,0.0,0.0,0.0,0.0
2017-10-02,16,1705,False,0.0,0.0,0.0,0.0,0.0,0.0,0.0,0.0,0.0
2022-09-21,18,5121,False,0.0,0.0,0.0,0.0,0.0,0.0,0.0,0.0,0.0
2020-02-09,16,2401,False,0.0,0.0,0.0,0.0,0.0,0.0,0.0,0.0,0.0
2020-02-16,8,16943,False,0.0,0.0,0.0,0.0,0.0,0.0,0.0,0.0,0.0
2022-01-31,9,13141,False,0.0,0.0,0.0,0.0,0.0,0.0,0.0,0.0,0.0
2022-02-21,14,2001,False,0.0,0.0,0.0,0.0,0.0,0.0,0.0,0.0,0.0
2023-05-30,15,9644,False,0.0,0.0,0.0,0.0,0.0,0.0,0.0,0.0,0.0
2012-01-06,13,14667,False,0.0,0.0,0.0,0.0,0.0,0.0,0.0,0.0,0.0
2023-07-09,15,15658,False,0.0,0.0,0.0,0.0,0.0,0.0,0.0,0.0,0.0
2020-02-23,11,16605,False,0.0,0.0,0.0,0.0,0.0,0.0,0.0,0.0,0.0
2018-03-01,12,11471,False,0.0,0.0,0.0,0.0,0.0,0.0,0.0,0.0,0.0
2019-06-06,0,1150,False,0.0,0.0,0.0,0.0,0.0,0.0,0.0,0.0,0.0
2019-06-20,18,14735,False,0.0,0.0,0.0,0.0,0.0,0.0,0.0,0.0,0.0
2022-02-20,10,11849,False,0.0,0.0,0.0,0.0,0.0,0.0,0.0,0.0,0.0
2007-12-05,12,1263,False,0.0,0.0,0.0,0.0,0.0,0.0,0.0,0.0,0.0
2022-07-28,16,10364,False,0.0,0.0,0.0,0.0,0.0,0.0,0.0,0.0,0.0
2019-07-06,21,7908,False,0.0,0.0,0.0,0.0,0.0,0.0,0.0,0.0,0.0
2022-02-18,19,15681,False,0.0,0.0,0.0,0.0,0.0,0.0,0.0,0.0,0.0
2020-02-11,19,1273,False,0.0,0.0,0.0,0.0,0.0,0.0,0.0,0.0,0.0
2018-01-24,14,4974,False,0.0,0.0,0.0,0.0,0.0,0.0,0.0,0.0,0.0
2021-03-11,10,4078,False,0.0,0.0,0.0,0.0,0.0,0.0,0.0,0.0,0.0
2019-01-07,19,4246,False,0.0,0.0,0.0,0.0,0.0,0.0,0.0,0.0,0.0
2020-02-09,15,3057,False,0.0,0.0,0.0,0.0,0.0,0.0,0.0,0.0,0.0
2022-06-17,9,1706,False,0.0,0.0,0.0,0.0,0.0,0.0,0.0,0.0,0.0
2022-02-19,11,13949,False,0.0,0.0,0.0,0.0,0.0,0.0,0.0,0.0,0.0
2020-03-29,15,818,False,0.0,0.0,0.0,0.0,0.0,0.0,0.0,0.0,0.0
2022-02-18,16,2253,False,0.0,0.0,0.0,0.0,0.0,0.0,0.0,0.0,0.0
2018-01-18,16,16004,False,0.0,0.0,0.0,0.0,0.0,0.0,0.0,0.0,0.0
2022-05-27,17,13725,False,0.0,0.0,0.0,0.0,0.0,0.0,0.0,0.0,0.0
2022-02-18,15,7054,False,0.0,0.0,0.0,0.0,0.0,0.0,0.0,0.0,0.0
2022-02-21,9,4488,False,0.0,0.0,0.0,0.0,0.0,0.0,0.0,0.0,0.0
2021-05-04,15,13443,False,0.0,0.0,0.0,0.0,0.0,0.0,0.0,0.0,0.0
2022-02-18,17,16258,False,0.0,0.0,0.0,0.0,0.0,0.0,0.0,0.0,0.0
2020-02-09,14,2090,False,0.0,0.0,0.0,0.0,0.0,0.0,0.0,0.0,0.0
2021-10-20,9,4547,False,0.0,0.0,0.0,0.0,0.0,0.0,0.0,0.0,0.0
2022-02-06,10,13415,False,0.0,0.0,0.0,0.0,0.0,0.0,0.0,0.0,0.0
2020-02-18,13,12795,False,0.0,0.0,0.0,0.0,0.0,0.0,0.0,0.0,0.0
2022-02-19,13,1136,False,0.0,0.0,0.0,0.0,0.0,0.0,0.0,0.0,0.0
2022-02-21,11,15082,False,0.0,0.0,0.0,0.0,0.0,0.0,0.0,0.0,0.0
2018-01-18,11,3818,False,0.0,0.0,0.0,0.0,0.0,0.0,0.0,0.0,0.0
2022-02-19,10,5898,False,0.0,0.0,0.0,0.0,0.0,0.0,0.0,0.0,0.0
2022-02-18,15,446,False,0.0,0.0,0.0,0.0,0.0,0.0,0.0,0.0,0.0
2022-02-20,13,6788,False,0.0,0.0,0.0,0.0,0.0,0.0,0.0,0.0,0.0
2022-02-21,10,9021,False,0.0,0.0,0.0,0.0,0.0,0.0,0.0,0.0,0.0
2017-09-13,12,13991,False,0.0,0.0,0.0,0.0,0.0,0.0,0.0,0.0,0.0
2008-01-31,13,15737,False,0.0,0.0,0.0,0.0,0.0,0.0,0.0,0.0,0.0
2011-02-27,9,2201,False,0.0,0.0,0.0,0.0,0.0,0.0,0.0,0.0,0.0
2022-02-18,15,2007,False,0.0,0.0,0.0,0.0,0.0,0.0,0.0,0.0,0.0
2022-02-18,17,15088,False,0.0,0.0,0.0,0.0,0.0,0.0,0.0,0.0,0.0
2018-01-18,9,13210,False,0.0,0.0,0.0,0.0,0.0,0.0,0.0,0.0,0.0
2021-10-08,11,2356,False,0.0,0.0,0.0,0.0,0.0,0.0,0.0,0.0,0.0
2022-02-18,15,8264,False,0.0,0.0,0.0,0.0,0.0,0.0,0.0,0.0,0.0
2018-01-18,9,14520,False,0.0,0.0,0.0,0.0,0.0,0.0,0.0,0.0,0.0
2022-02-20,11,6934,False,0.0,0.0,0.0,0.0,0.0,0.0,0.0,0.0,0.0
2020-02-10,10,15450,False,0.0,0.0,0.0,0.0,0.0,0.0,0.0,0.0,0.0
2020-02-09,14,1534,False,0.0,0.0,0.0,0.0,0.0,0.0,0.0,0.0,0.0
2020-02-09,16,6101,False,0.0,0.0,0.0,0.0,0.0,0.0,0.0,0.0,0.0
2020-10-21,20,12571,False,0.0,0.0,0.0,0.0,0.0,0.0,0.0,0.0,0.0
2021-04-05,15,3419,False,0.0,0.0,0.0,0.0,0.0,0.0,0.0,0.0,0.0
2022-02-18,16,1739,False,0.0,0.0,0.0,0.0,0.0,0.0,0.0,0.0,0.0
2018-01-03,15,3345,False,0.0,0.0,0.0,0.0,0.0,0.0,0.0,0.0,0.0
2021-03-11,12,4645,False,0.0,0.0,0.0,0.0,0.0,0.0,0.0,0.0,0.0
2019-08-12,16,16686,False,0.0,0.0,0.0,0.0,0.0,0.0,0.0,0.0,0.0
2022-01-31,9,16408,False,0.0,0.0,0.0,0.0,0.0,0.0,0.0,0.0,0.0
2022-02-18,15,11907,False,0.0,0.0,0.0,0.0,0.0,0.0,0.0,0.0,0.0
2022-02-19,11,9159,False,0.0,0.0,0.0,0.0,0.0,0.0,0.0,0.0,0.0
2020-04-26,16,6782,False,0.0,0.0,0.0,0.0,0.0,0.0,0.0,0.0,0.0
2022-02-28,10,11070,False,0.0,0.0,0.0,0.0,0.0,0.0,0.0,0.0,0.0
2020-07-10,13,8306,False,0.0,0.0,0.0,0.0,0.0,0.0,0.0,0.0,0.0
2021-03-13,15,3116,False,0.0,0.0,0.0,0.0,0.0,0.0,0.0,0.0,0.0
2021-02-07,21,8248,False,0.0,0.0,0.0,0.0,0.0,0.0,0.0,0.0,0.0
2022-02-21,13,7059,False,0.0,0.0,0.0,0.0,0.0,0.0,0.0,0.0,0.0
2023-07-13,21,13673,False,0.0,0.0,0.0,0.0,0.0,0.0,0.0,0.0,0.0
2018-01-29,14,6262,False,0.0,0.0,0.0,0.0,0.0,0.0,0.0,0.0,0.0
2007-01-20,8,16844,False,0.0,0.0,0.0,0.0,0.0,0.0,0.0,0.0,0.0
2023-07-05,13,9166,False,0.0,0.0,0.0,0.0,0.0,0.0,0.0,0.0,0.0
2023-07-05,13,10003,False,0.0,0.0,0.0,0.0,0.0,0.0,0.0,0.0,0.0
2022-02-23,11,13392,False,0.0,0.0,0.0,0.0,0.0,0.0,0.0,0.0,0.0
2022-02-27,15,81,False,0.0,0.0,0.0,0.0,0.0,0.0,0.0,0.0,0.0
2018-01-18,9,12687,False,0.0,0.0,0.0,0.0,0.0,0.0,0.0,0.0,0.0
2022-02-20,17,10153,False,0.0,0.0,0.0,0.0,0.0,0.0,0.0,0.0,0.0
2017-09-11,20,10656,False,0.0,0.0,0.0,0.0,0.0,0.0,0.0,0.0,0.0
2017-09-13,9,11445,False,0.0,0.0,0.0,0.0,0.0,0.0,0.0,0.0,0.0
2020-08-31,19,16954,False,0.0,0.0,0.0,0.0,0.0,0.0,0.0,0.0,0.0
2008-03-01,13,9414,False,0.0,0.0,0.0,0.0,0.0,0.0,0.0,0.0,0.0
2020-02-17,18,16301,False,0.0,0.0,0.0,0.0,0.0,0.0,0.0,0.0,0.0
2018-02-11,13,3385,False,0.0,0.0,0.0,0.0,0.0,0.0,0.0,0.0,0.0
2022-02-21,13,10822,False,0.0,0.0,0.0,0.0,0.0,0.0,0.0,0.0,0.0
2017-02-23,15,12324,False,0.0,0.0,0.0,0.0,0.0,0.0,0.0,0.0,0.0
2018-01-18,18,1776,False,0.0,0.0,0.0,0.0,0.0,0.0,0.0,0.0,0.0
2022-08-05,20,9157,False,0.0,0.0,0.0,0.0,0.0,0.0,0.0,0.0,0.0
2020-02-09,12,4150,False,0.0,0.0,0.0,0.0,0.0,0.0,0.0,0.0,0.0
2020-02-09,16,250,False,0.0,0.0,0.0,0.0,0.0,0.0,0.0,0.0,0.0
2022-02-16,22,9306,False,0.0,0.0,0.0,0.0,0.0,0.0,0.0,0.0,0.0
2022-02-18,18,3533,False,0.0,0.0,0.0,0.0,0.0,0.0,0.0,0.0,0.0
2022-02-18,19,1576,False,0.0,0.0,0.0,0.0,0.0,0.0,0.0,0.0,0.0
2022-02-18,20,2027,False,0.0,0.0,0.0,0.0,0.0,0.0,0.0,0.0,0.0
2012-01-06,15,12865,False,0.0,0.0,0.0,0.0,0.0,0.0,0.0,0.0,0.0
2021-03-11,12,13811,False,0.0,0.0,0.0,0.0,0.0,0.0,0.0,0.0,0.0
2022-02-19,19,15703,False,0.0,0.0,0.0,0.0,0.0,0.0,0.0,0.0,0.0
2007-03-18,11,10484,False,0.0,0.0,0.0,0.0,0.0,0.0,0.0,0.0,0.0
2018-01-18,10,14138,False,0.0,0.0,0.0,0.0,0.0,0.0,0.0,0.0,0.0
2018-01-07,10,5778,False,0.0,0.0,0.0,0.0,0.0,0.0,0.0,0.0,0.0
2019-02-10,22,16047,False,0.0,0.0,0.0,0.0,0.0,0.0,0.0,0.0,0.0
2020-02-16,15,15882,False,0.0,0.0,0.0,0.0,0.0,0.0,0.0,0.0,0.0
2012-01-03,14,4552,False,0.0,0.0,0.0,0.0,0.0,0.0,0.0,0.0,0.0
2007-01-10,13,13255,False,0.0,0.0,0.0,0.0,0.0,0.0,0.0,0.0,0.0
2008-03-01,13,15055,False,0.0,0.0,0.0,0.0,0.0,0.0,0.0,0.0,0.0
2018-01-18,16,14543,False,0.0,0.0,0.0,0.0,0.0,0.0,0.0,0.0,0.0
2021-09-01,14,9186,False,0.0,0.0,0.0,0.0,0.0,0.0,0.0,0.0,0.0
2018-08-07,19,7856,False,0.0,0.0,0.0,0.0,0.0,0.0,0.0,0.0,0.0
2022-02-19,10,14538,False,0.0,0.0,0.0,0.0,0.0,0.0,0.0,0.0,0.0
2022-02-18,16,352,False,0.0,0.0,0.0,0.0,0.0,0.0,0.0,0.0,0.0
2022-02-18,16,6263,False,0.0,0.0,0.0,0.0,0.0,0.0,0.0,0.0,0.0
2022-01-31,7,2775,False,0.0,0.0,0.0,0.0,0.0,0.0,0.0,0.0,0.0
2020-07-31,20,11916,False,0.0,0.0,0.0,0.0,0.0,0.0,0.0,0.0,0.0
2022-02-18,17,959,False,0.0,0.0,0.0,0.0,0.0,0.0,0.0,0.0,0.0
2022-02-24,12,11392,False,0.0,0.0,0.0,0.0,0.0,0.0,0.0,0.0,0.0
2019-03-16,16,5129,False,0.0,0.0,0.0,0.0,0.0,0.0,0.0,0.0,0.0
2020-02-09,14,2767,False,0.0,0.0,0.0,0.0,0.0,0.0,0.0,0.0,0.0
2020-02-09,14,7379,False,0.0,0.0,0.0,0.0,0.0,0.0,0.0,0.0,0.0
2020-02-16,16,5535,False,0.0,0.0,0.0,0.0,0.0,0.0,0.0,0.0,0.0
2020-03-29,16,5563,False,0.0,0.0,0.0,0.0,0.0,0.0,0.0,0.0,0.0
2011-12-07,23,17233,False,0.0,0.0,0.0,0.0,0.0,0.0,0.0,0.0,0.0
2018-03-02,9,11391,False,0.0,0.0,0.0,0.0,0.0,0.0,0.0,0.0,0.0
2022-02-18,16,436,False,0.0,0.0,0.0,0.0,0.0,0.0,0.0,0.0,0.0
2022-02-18,22,16598,False,0.0,0.0,0.0,0.0,0.0,0.0,0.0,0.0,0.0
2023-11-02,11,3273,False,0.0,0.0,0.0,0.0,0.0,0.0,0.0,0.0,0.0
2022-02-19,12,9668,False,0.0,0.0,0.0,0.0,0.0,0.0,0.0,0.0,0.0
2022-01-31,10,1172,False,0.0,0.0,0.0,0.0,0.0,0.0,0.0,0.0,0.0
2022-02-18,18,2254,False,0.0,0.0,0.0,0.0,0.0,0.0,0.0,0.0,0.0
2022-01-31,9,11656,False,0.0,0.0,0.0,0.0,0.0,0.0,0.0,0.0,0.0
2022-02-18,15,14544,False,0.0,0.0,0.0,0.0,0.0,0.0,0.0,0.0,0.0
2022-02-18,16,13524,False,0.0,0.0,0.0,0.0,0.0,0.0,0.0,0.0,0.0
2022-02-19,12,11048,False,0.0,0.0,0.0,0.0,0.0,0.0,0.0,0.0,0.0
2022-02-23,15,4049,False,0.0,0.0,0.0,0.0,0.0,0.0,0.0,0.0,0.0
2022-02-18,18,13544,False,0.0,0.0,0.0,0.0,0.0,0.0,0.0,0.0,0.0
2022-02-19,8,5261,False,0.0,0.0,0.0,0.0,0.0,0.0,0.0,0.0,0.0
2022-02-19,11,17077,False,0.0,0.0,0.0,0.0,0.0,0.0,0.0,0.0,0.0
2022-02-19,13,4272,False,0.0,0.0,0.0,0.0,0.0,0.0,0.0,0.0,0.0
2022-02-19,9,10048,False,0.0,0.0,0.0,0.0,0.0,0.0,0.0,0.0,0.0
