,Incident_ID,grid_id,Date,Hour
0,394418,1853,2022-02-21,12
1,283204,1974,2017-09-13,15
2,443450,1991,2023-11-02,17
3,415280,2024,2022-11-17,2
4,433549,2163,2023-07-05,11
5,434279,2163,2023-07-05,11
6,82564,2326,2009-05-26,6
7,393446,2332,2022-02-18,17
8,394178,2332,2022-02-20,12
9,134781,2335,2013-02-02,15
10,47273,2338,2007-01-20,10
11,110499,2509,2011-07-12,23
12,341128,2509,2020-02-10,16
13,363243,2667,2020-12-27,0
14,393577,2679,2022-02-18,18
15,394384,2679,2022-02-21,9
16,283176,2680,2017-09-13,12
17,393728,2837,2022-02-18,21
18,368648,2841,2021-03-11,10
19,340867,2845,2020-02-09,16
20,433588,2849,2023-07-05,12
21,434318,2849,2023-07-05,12
22,82568,2850,2009-05-26,7
23,393213,2850,2022-02-18,16
24,54432,2851,2007-06-09,14
25,120770,2854,2012-04-28,15
26,86069,3017,2009-09-03,15
27,393349,3018,2022-02-18,16
28,293696,3021,2018-01-18,17
29,378669,3021,2021-08-07,19
30,393679,3021,2022-02-18,19
31,393911,3021,2022-02-19,12
32,54354,3022,2007-06-08,20
33,435025,3022,2023-07-11,14
34,433567,3041,2023-07-05,12
35,434297,3041,2023-07-05,12
36,393045,3045,2022-02-18,15
37,393445,3051,2022-02-18,17
38,70771,3185,2008-07-12,9
39,36986,3186,2006-07-22,18
40,436185,3186,2023-07-27,9
41,393142,3192,2022-02-18,16
42,393942,3192,2022-02-19,13
43,280217,3193,2017-08-03,19
44,315384,3196,2019-03-14,13
45,391471,3196,2022-01-31,13
46,439508,3217,2023-09-13,15
47,443469,3223,2023-11-02,19
48,368772,3360,2021-03-11,14
49,393160,3361,2022-02-18,16
50,433522,3383,2023-07-05,11
51,434252,3383,2023-07-05,11
52,354427,3517,2020-08-24,8
53,86382,3522,2009-09-12,1
54,312930,3533,2019-02-09,14
55,363218,3535,2020-12-26,15
56,397884,3535,2022-04-07,17
57,405593,3535,2022-07-14,18
58,389435,3538,2022-01-02,14
59,102819,3544,2010-12-09,10
60,10691,3545,2019-01-13,19
61,433518,3545,2023-07-05,11
62,434248,3545,2023-07-05,11
63,283128,3546,2017-09-13,9
64,283148,3546,2017-09-13,10
65,394196,3700,2022-02-20,13
66,363286,3701,2020-12-27,12
67,47306,3714,2007-01-20,11
68,395143,3716,2022-03-02,9
69,402218,3717,2022-06-02,18
70,393502,3858,2022-02-18,17
71,393427,3866,2022-02-18,17
72,341042,3873,2020-02-10,0
73,116835,3874,2012-01-05,20
74,393774,3874,2022-02-18,23
75,50105,3887,2007-03-18,14
76,335557,4046,2019-12-08,10
77,47649,4047,2007-01-25,12
78,433537,4060,2023-07-05,11
79,434267,4060,2023-07-05,11
80,435462,4060,2023-07-17,9
81,393701,4063,2022-02-18,20
82,393817,4199,2022-02-19,8
83,393943,4199,2022-02-19,13
84,112593,4203,2011-09-12,18
85,326846,4208,2019-08-10,15
86,55319,4214,2007-06-26,12
87,109550,4217,2011-06-16,19
88,436627,4217,2023-08-02,20
89,404613,4219,2022-07-02,16
90,283125,4225,2017-09-13,9
91,433666,4234,2023-07-05,15
92,434396,4234,2023-07-05,15
93,443439,4235,2023-11-02,16
94,368659,4379,2021-03-11,10
95,340748,4383,2020-02-09,14
96,290224,4385,2017-12-13,15
97,393953,4387,2022-02-19,13
98,432324,4391,2023-06-25,0
99,393140,4406,2022-02-18,16
100,393733,4407,2022-02-18,21
101,391429,4408,2022-01-31,10
102,392948,4408,2022-02-18,15
103,115137,4557,2011-11-27,12
104,320217,4572,2019-05-18,12
105,433680,4576,2023-07-05,15
106,434410,4576,2023-07-05,15
107,391494,4577,2022-01-31,16
108,433594,4578,2023-07-05,12
109,434324,4578,2023-07-05,12
110,127770,4724,2012-09-29,12
111,37587,4726,2006-08-02,10
112,127520,4729,2012-09-24,17
113,433242,4733,2023-07-05,9
114,433972,4733,2023-07-05,9
115,393864,4735,2022-02-19,10
116,391408,4743,2022-01-31,9
117,393594,4896,2022-02-18,18
118,81985,4897,2009-05-11,18
119,284848,4899,2017-10-05,12
120,393630,4899,2022-02-18,18
121,292072,4903,2018-01-03,13
122,280272,4904,2017-08-04,17
123,393495,4905,2022-02-18,17
124,326149,5052,2019-07-31,19
125,393068,5065,2022-02-18,15
126,407790,5074,2022-08-12,16
127,442535,5074,2023-10-22,2
128,322048,5231,2019-06-08,14
129,393465,5232,2022-02-18,17
130,55203,5233,2007-06-23,16
131,101821,5233,2010-11-12,7
132,81868,5235,2009-05-08,16
133,434533,5244,2023-07-06,11
134,373340,5398,2021-05-21,19
135,412656,5409,2022-10-15,15
136,394063,5413,2022-02-19,18
137,393033,5414,2022-02-18,15
138,393616,5414,2022-02-18,18
139,372238,5567,2021-05-04,19
140,394135,5577,2022-02-20,9
141,433647,5578,2023-07-05,14
142,434377,5578,2023-07-05,14
143,82570,5581,2009-05-26,8
144,137113,5581,2013-03-24,10
145,354633,5582,2020-08-26,11
146,354639,5583,2020-08-26,12
147,322124,5584,2019-06-08,18
148,342094,5586,2020-02-23,13
149,341103,5588,2020-02-10,12
150,443472,5731,2023-11-02,19
151,70040,5742,2008-06-22,17
152,393855,5749,2022-02-19,9
153,393601,5756,2022-02-18,18
154,393773,5911,2022-02-18,23
155,283167,5914,2017-09-13,11
156,283202,5914,2017-09-13,14
157,338886,5914,2020-01-14,17
158,282070,6065,2017-08-30,9
159,282983,6065,2017-09-11,11
160,308512,6076,2018-07-28,16
161,392906,6077,2022-02-18,15
162,405564,6081,2022-07-14,12
163,82017,6082,2009-05-12,17
164,321682,6082,2019-06-06,1
165,83816,6084,2009-06-30,19
166,335555,6084,2019-12-08,10
167,433061,6085,2023-07-05,7
168,433791,6085,2023-07-05,7
169,433059,6086,2023-07-05,7
170,433789,6086,2023-07-05,7
171,112564,6096,2011-09-12,16
172,393802,6248,2022-02-19,6
173,443452,6248,2023-11-02,17
174,123119,6249,2012-06-28,20
175,321674,6251,2019-06-06,1
176,275427,6254,2017-06-07,17
177,47256,6256,2007-01-20,9
178,39614,6258,2006-09-12,10
179,340673,6258,2020-02-09,11
180,46134,6260,2007-01-09,16
181,394118,6265,2022-02-20,8
182,110560,6267,2011-07-14,17
183,434618,6269,2023-07-07,8
184,351358,6392,2020-07-12,19
185,377737,6392,2021-07-23,18
186,336011,6393,2019-12-14,18
187,368801,6393,2021-03-11,18
188,391418,6402,2022-01-31,10
189,124805,6406,2012-08-01,19
190,409121,6413,2022-08-30,13
191,433513,6413,2023-07-05,11
192,434243,6413,2023-07-05,11
193,393448,6414,2022-02-18,17
194,394273,6414,2022-02-20,19
195,267532,6415,2017-02-23,22
196,372271,6415,2021-05-05,11
197,368708,6417,2021-03-11,12
198,383866,6417,2021-10-23,8
199,393310,6417,2022-02-18,16
200,409073,6417,2022-08-29,18
201,341872,6422,2020-02-20,21
202,8433,6425,2018-12-21,17
203,81871,6425,2009-05-08,16
204,312934,6426,2019-02-09,14
205,293308,6427,2018-01-18,9
206,283162,6428,2017-09-13,10
207,293278,6428,2018-01-18,9
208,393184,6428,2022-02-18,16
209,346446,6429,2020-04-30,22
210,391395,6435,2022-01-31,9
211,283183,6554,2017-09-13,13
212,393793,6554,2022-02-19,4
213,433617,6554,2023-07-05,13
214,434347,6554,2023-07-05,13
215,2773,6555,2018-10-07,1
216,341570,6562,2020-02-16,15
217,443462,6564,2023-11-02,18
218,355414,6565,2020-09-05,21
219,110507,6567,2011-07-13,9
220,434576,6567,2023-07-06,16
221,283228,6576,2017-09-13,21
222,317331,6579,2019-04-08,18
223,1552,6585,2018-09-21,18
224,267546,6585,2017-02-23,23
225,321813,6586,2019-06-06,9
226,356939,6586,2020-09-27,5
227,321689,6588,2019-06-06,1
228,321796,6594,2019-06-06,8
229,322129,6597,2019-06-08,18
230,393805,6598,2022-02-19,7
231,407010,6606,2022-08-01,15
232,435106,6719,2023-07-12,12
233,341037,6724,2020-02-09,22
234,354577,6727,2020-08-26,0
235,372956,6727,2021-05-16,6
236,376584,6727,2021-07-06,15
237,394263,6727,2022-02-20,17
238,394060,6729,2022-02-19,18
239,123677,6731,2012-07-11,14
240,358640,6731,2020-10-21,19
241,358644,6731,2020-10-21,20
242,110924,6739,2011-07-24,9
243,356951,6741,2020-09-27,9
244,391277,6745,2022-01-29,12
245,10260,6746,2019-01-08,0
246,434620,6755,2023-07-07,8
247,110496,6757,2011-07-12,22
248,112576,6757,2011-09-12,17
249,267500,6757,2017-02-23,19
250,342118,6757,2020-02-23,16
251,97975,6759,2010-07-16,12
252,116720,6764,2012-01-03,14
253,357424,6767,2020-10-04,13
254,52909,6768,2007-05-10,23
255,56627,6768,2007-07-24,10
256,392972,6776,2022-02-18,15
257,65109,6777,2008-01-31,13
258,391437,6777,2022-01-31,10
259,393886,6777,2022-02-19,11
260,397368,6777,2022-03-31,21
261,321998,6778,2019-06-08,5
262,82556,6784,2009-05-26,4
263,344346,6899,2020-03-29,14
264,391431,6904,2022-01-31,10
265,341076,6907,2020-02-10,9
266,434636,6908,2023-07-07,10
267,434726,6908,2023-07-08,11
268,321789,6917,2019-06-06,8
269,402793,6922,2022-06-09,15
270,321614,6929,2019-06-06,0
271,87136,6938,2009-10-03,15
272,66580,6939,2008-03-12,6
273,66592,6939,2008-03-12,11
274,110577,6940,2011-07-14,20
275,354650,6940,2020-08-26,14
276,71497,6941,2008-08-02,8
277,117443,6941,2012-01-22,18
278,413329,6941,2022-10-23,21
279,433327,6941,2023-07-05,9
280,433568,6941,2023-07-05,12
281,434057,6941,2023-07-05,9
282,434298,6941,2023-07-05,12
283,306314,6948,2018-07-01,14
284,433552,7060,2023-07-05,11
285,434282,7060,2023-07-05,11
286,42512,7062,2006-11-08,8
287,36719,7063,2006-07-18,22
288,122238,7063,2012-06-08,21
289,392898,7066,2022-02-18,15
290,359158,7067,2020-10-30,6
291,344363,7068,2020-03-29,16
292,132459,7078,2012-12-26,14
293,391417,7079,2022-01-31,9
294,309465,7084,2018-08-10,11
295,354010,7084,2020-08-17,19
296,122221,7094,2012-06-08,18
297,87802,7098,2009-10-21,16
298,46979,7099,2007-01-18,20
299,124211,7099,2012-07-20,15
300,340984,7099,2020-02-09,18
301,378333,7099,2021-08-02,11
302,45354,7103,2006-12-31,11
303,393924,7110,2022-02-19,12
304,393895,7118,2022-02-19,11
305,394431,7118,2022-02-21,13
306,433460,7118,2023-07-05,10
307,434190,7118,2023-07-05,10
308,391388,7119,2022-01-31,9
309,433444,7119,2023-07-05,10
310,434174,7119,2023-07-05,10
311,393912,7120,2022-02-19,12
312,70958,7121,2008-07-19,8
313,351712,7121,2020-07-17,16
314,402450,7121,2022-06-05,19
315,433406,7124,2023-07-05,10
316,434136,7124,2023-07-05,10
317,441856,7230,2023-10-13,16
318,326930,7232,2019-08-10,19
319,122852,7237,2012-06-22,20
320,326909,7238,2019-08-10,18
321,331243,7239,2019-10-11,19
322,434557,7239,2023-07-06,13
323,434573,7239,2023-07-06,15
324,283137,7241,2017-09-13,9
325,394356,7241,2022-02-21,8
326,443474,7241,2023-11-02,19
327,349911,7243,2020-06-22,10
328,341967,7248,2020-02-22,12
329,393647,7250,2022-02-18,19
330,414403,7253,2022-11-05,15
331,283121,7257,2017-09-13,9
332,433401,7257,2023-07-05,10
333,434131,7257,2023-07-05,10
334,368803,7266,2021-03-11,18
335,419993,7266,2023-01-11,21
336,110497,7270,2011-07-12,23
337,322362,7270,2019-06-11,16
338,349304,7270,2020-06-13,0
339,394014,7270,2022-02-19,16
340,394142,7271,2022-02-20,9
341,322050,7272,2019-06-08,15
342,341032,7275,2020-02-09,21
343,393603,7275,2022-02-18,18
344,393664,7275,2022-02-18,19
345,82569,7276,2009-05-26,8
346,112617,7276,2011-09-12,19
347,408447,7278,2022-08-21,16
348,342172,7279,2020-02-24,14
349,372200,7279,2021-05-04,12
350,394291,7282,2022-02-20,20
351,112606,7283,2011-09-12,19
352,342100,7283,2020-02-23,14
353,348874,7283,2020-06-06,18
354,47095,7287,2007-01-19,8
355,107957,7288,2011-05-01,23
356,110580,7288,2011-07-14,20
357,429142,7289,2023-05-15,21
358,99213,7290,2010-08-24,19
359,393633,7291,2022-02-18,18
360,322016,7292,2019-06-08,10
361,440709,7292,2023-09-28,19
362,283199,7306,2017-09-13,14
363,393535,7404,2022-02-18,17
364,393579,7409,2022-02-18,18
365,393832,7412,2022-02-19,9
366,394151,7412,2022-02-20,10
367,424355,7412,2023-03-13,12
368,405720,7413,2022-07-16,13
369,112296,7420,2011-09-05,21
370,112594,7420,2011-09-12,18
371,433745,7421,2023-07-05,18
372,434475,7421,2023-07-05,18
373,433484,7424,2023-07-05,10
374,434214,7424,2023-07-05,10
375,393259,7425,2022-02-18,16
376,394139,7425,2022-02-20,9
377,84868,7427,2009-07-30,20
378,354915,7427,2020-08-30,9
379,393580,7430,2022-02-18,18
380,375975,7431,2021-06-27,13
381,380983,7432,2021-09-11,16
382,433159,7433,2023-07-05,9
383,433889,7433,2023-07-05,9
384,332102,7434,2019-10-22,11
385,370354,7434,2021-04-05,18
386,433164,7435,2023-07-05,9
387,433894,7435,2023-07-05,9
388,84508,7436,2009-07-19,19
389,44045,7437,2006-12-07,14
390,283158,7437,2017-09-13,10
391,443466,7437,2023-11-02,18
392,433431,7438,2023-07-05,10
393,434161,7438,2023-07-05,10
394,290290,7440,2017-12-14,13
395,322099,7440,2019-06-08,16
396,363277,7440,2020-12-27,10
397,433384,7440,2023-07-05,10
398,434114,7440,2023-07-05,10
399,122951,7441,2012-06-25,15
400,368951,7441,2021-03-13,16
401,392881,7441,2022-02-18,15
402,392884,7441,2022-02-18,15
403,433607,7441,2023-07-05,12
404,434337,7441,2023-07-05,12
405,434643,7441,2023-07-07,11
406,372199,7442,2021-05-04,12
407,321783,7443,2019-06-06,7
408,115517,7445,2011-12-07,21
409,433210,7445,2023-07-05,9
410,433940,7445,2023-07-05,9
411,340905,7446,2020-02-09,16
412,394133,7446,2022-02-20,9
413,112661,7448,2011-09-13,13
414,109773,7455,2011-06-23,17
415,394720,7457,2022-02-24,11
416,310117,7460,2018-08-20,12
417,112609,7461,2011-09-12,19
418,107977,7569,2011-05-02,15
419,433265,7572,2023-07-05,9
420,433995,7572,2023-07-05,9
421,394058,7573,2022-02-19,18
422,393869,7574,2022-02-19,10
423,305562,7577,2018-06-22,6
424,433759,7578,2023-07-05,20
425,434489,7578,2023-07-05,20
426,292029,7583,2018-01-03,11
427,405721,7583,2022-07-16,13
428,134608,7584,2013-01-30,8
429,364734,7584,2021-01-12,12
430,443463,7585,2023-11-02,18
431,368731,7590,2021-03-11,12
432,368749,7590,2021-03-11,13
433,110593,7591,2011-07-14,23
434,138458,7591,2013-04-18,16
435,293712,7592,2018-01-18,22
436,393102,7597,2022-02-18,15
437,389987,7598,2022-01-10,15
438,393822,7598,2022-02-19,8
439,99201,7599,2010-08-24,16
440,366365,7599,2021-02-07,10
441,401538,7599,2022-05-23,20
442,435513,7599,2023-07-17,17
443,352514,7600,2020-07-29,15
444,394336,7600,2022-02-20,22
445,392908,7601,2022-02-18,15
446,433578,7604,2023-07-05,12
447,434308,7604,2023-07-05,12
448,394565,7605,2022-02-22,17
449,434819,7607,2023-07-09,9
450,307255,7608,2018-07-13,0
451,433605,7608,2023-07-05,12
452,434335,7608,2023-07-05,12
453,308726,7609,2018-07-31,12
454,393592,7609,2022-02-18,18
455,394081,7609,2022-02-19,20
456,322031,7612,2019-06-08,13
457,393016,7612,2022-02-18,15
458,394199,7612,2022-02-20,13
459,394270,7612,2022-02-20,18
460,435324,7612,2023-07-15,9
461,121876,7615,2012-05-29,12
462,322066,7615,2019-06-08,16
463,283185,7616,2017-09-13,13
464,97660,7618,2010-07-09,14
465,321679,7620,2019-06-06,1
466,116709,7621,2012-01-03,13
467,392807,7621,2022-02-18,10
468,321591,7624,2019-06-06,0
469,393842,7627,2022-02-19,9
470,47297,7633,2007-01-20,11
471,354329,7633,2020-08-22,13
472,395014,7644,2022-02-28,13
473,434959,7647,2023-07-10,20
474,341970,7747,2020-02-22,13
475,368676,7751,2021-03-11,11
476,293584,7755,2018-01-18,11
477,86970,7756,2009-09-29,16
478,393058,7762,2022-02-18,15
479,341573,7766,2020-02-16,16
480,99154,7767,2010-08-23,13
481,290078,7767,2017-12-11,22
482,433364,7767,2023-07-05,9
483,434094,7767,2023-07-05,9
484,433678,7768,2023-07-05,15
485,434408,7768,2023-07-05,15
486,393188,7770,2022-02-18,16
487,127529,7773,2012-09-24,18
488,293645,7773,2018-01-18,13
489,433432,7773,2023-07-05,10
490,434162,7773,2023-07-05,10
491,433273,7775,2023-07-05,9
492,434003,7775,2023-07-05,9
493,55048,7776,2007-06-20,18
494,433262,7776,2023-07-05,9
495,433598,7776,2023-07-05,12
496,433992,7776,2023-07-05,9
497,434328,7776,2023-07-05,12
498,434908,7776,2023-07-10,10
499,86076,7777,2009-09-03,18
500,394471,7777,2022-02-21,16
501,46024,7778,2007-01-07,15
502,8401,7780,2018-12-21,13
503,122229,7780,2012-06-08,19
504,267408,7780,2017-02-23,16
505,391407,7780,2022-01-31,9
506,432372,7780,2023-06-25,19
507,433482,7780,2023-07-05,10
508,434212,7780,2023-07-05,10
509,323868,7781,2019-06-30,10
510,433717,7781,2023-07-05,17
511,434447,7781,2023-07-05,17
512,328068,7782,2019-08-27,20
513,366379,7782,2021-02-07,11
514,347042,7784,2020-05-10,20
515,354657,7787,2020-08-26,15
516,382446,7787,2021-10-03,22
517,433707,7787,2023-07-05,16
518,434437,7787,2023-07-05,16
519,96170,7789,2010-05-31,19
520,307297,7789,2018-07-13,13
521,307609,7790,2018-07-17,16
522,292063,7792,2018-01-03,13
523,321793,7792,2019-06-06,8
524,341194,7792,2020-02-11,11
525,321610,7794,2019-06-06,0
526,321622,7794,2019-06-06,0
527,112362,7912,2011-09-07,15
528,433529,7912,2023-07-05,11
529,434259,7912,2023-07-05,11
530,434556,7915,2023-07-06,13
531,433732,7924,2023-07-05,18
532,434462,7924,2023-07-05,18
533,393341,7928,2022-02-18,16
534,128660,7931,2012-10-16,16
535,344438,7933,2020-03-30,21
536,393003,7933,2022-02-18,15
537,431957,7933,2023-06-20,17
538,434552,7940,2023-07-06,12
539,354625,7943,2020-08-26,11
540,393494,7943,2022-02-18,17
541,99379,7945,2010-08-29,13
542,433417,7945,2023-07-05,10
543,434147,7945,2023-07-05,10
544,321728,7946,2019-06-06,5
545,290055,7951,2017-12-11,18
546,263810,7953,2017-01-11,14
547,387261,7953,2021-12-08,11
548,393057,7953,2022-02-18,15
549,393538,7953,2022-02-18,17
550,394173,7953,2022-02-20,11
551,433488,7953,2023-07-05,10
552,434218,7953,2023-07-05,10
553,283153,7957,2017-09-13,10
554,406257,7960,2022-07-22,13
555,373314,7963,2021-05-21,14
556,432677,7964,2023-06-29,12
557,37353,7966,2006-07-28,23
558,391446,7966,2022-01-31,11
559,393727,7966,2022-02-18,21
560,394345,7966,2022-02-21,7
561,352764,7969,2020-08-02,10
562,433245,7972,2023-07-05,9
563,433975,7972,2023-07-05,9
564,113174,7975,2011-09-29,13
565,356953,7989,2020-09-27,9
566,393682,8086,2022-02-18,19
567,309010,8089,2018-08-04,12
568,307382,8092,2018-07-14,15
569,354674,8092,2020-08-26,21
570,116794,8096,2012-01-05,8
571,11337,8097,2005-04-07,12
572,350889,8098,2020-07-05,13
573,433288,8098,2023-07-05,9
574,434018,8098,2023-07-05,9
575,391463,8099,2022-01-31,12
576,394349,8101,2022-02-21,7
577,443406,8101,2023-11-02,12
578,54351,8103,2007-06-08,19
579,434608,8103,2023-07-06,22
580,293419,8104,2018-01-18,10
581,293420,8104,2018-01-18,10
582,393024,8105,2022-02-18,15
583,392923,8108,2022-02-18,15
584,392949,8108,2022-02-18,15
585,368302,8109,2021-03-06,11
586,441393,8109,2023-10-07,15
587,125583,8111,2012-08-19,15
588,278516,8112,2017-07-12,19
589,433184,8112,2023-07-05,9
590,433543,8112,2023-07-05,11
591,433914,8112,2023-07-05,9
592,434273,8112,2023-07-05,11
593,99930,8114,2010-09-15,20
594,315538,8114,2019-03-16,13
595,116119,8115,2011-12-25,12
596,126239,8115,2012-08-31,10
597,340876,8115,2020-02-09,16
598,279157,8116,2017-07-20,18
599,393161,8116,2022-02-18,16
600,127535,8117,2012-09-24,18
601,283217,8117,2017-09-13,18
602,293466,8117,2018-01-18,10
603,433140,8117,2023-07-05,8
604,433870,8117,2023-07-05,8
605,433571,8119,2023-07-05,12
606,434301,8119,2023-07-05,12
607,350548,8120,2020-06-30,12
608,433205,8126,2023-07-05,9
609,433935,8126,2023-07-05,9
610,426159,8127,2023-04-04,20
611,433284,8127,2023-07-05,9
612,433507,8127,2023-07-05,11
613,434014,8127,2023-07-05,9
614,434237,8127,2023-07-05,11
615,55471,8128,2007-06-29,12
616,368784,8128,2021-03-11,16
617,392858,8128,2022-02-18,14
618,394043,8128,2022-02-19,17
619,394368,8128,2022-02-21,9
620,280203,8129,2017-08-03,18
621,322128,8131,2019-06-08,18
622,397896,8133,2022-04-07,19
623,348857,8135,2020-06-06,14
624,116813,8136,2012-01-05,12
625,366358,8136,2021-02-07,9
626,317342,8137,2019-04-08,19
627,393627,8137,2022-02-18,18
628,433409,8137,2023-07-05,10
629,434139,8137,2023-07-05,10
630,436479,8137,2023-07-31,18
631,59469,8138,2007-09-27,22
632,393572,8139,2022-02-18,18
633,433441,8143,2023-07-05,10
634,434171,8143,2023-07-05,10
635,99203,8147,2010-08-24,16
636,71922,8156,2008-08-13,19
637,433297,8158,2023-07-05,9
638,434027,8158,2023-07-05,9
639,420036,8159,2023-01-12,10
640,411670,8252,2022-10-03,12
641,393167,8254,2022-02-18,16
642,393315,8255,2022-02-18,16
643,391452,8256,2022-01-31,11
644,393549,8256,2022-02-18,17
645,293608,8257,2018-01-18,12
646,392973,8257,2022-02-18,15
647,293638,8265,2018-01-18,13
648,283136,8266,2017-09-13,9
649,86053,8267,2009-09-03,8
650,391492,8269,2022-01-31,16
651,394335,8275,2022-02-20,22
652,112600,8277,2011-09-12,18
653,393569,8277,2022-02-18,18
654,125957,8281,2012-08-25,18
655,433099,8282,2023-07-05,8
656,433829,8282,2023-07-05,8
657,394040,8283,2022-02-19,17
658,113991,8284,2011-10-25,9
659,340986,8285,2020-02-09,19
660,394233,8285,2022-02-20,15
661,1683,8286,2018-09-23,9
662,325636,8288,2019-07-25,9
663,382399,8289,2021-10-03,8
664,7727,8291,2018-12-12,17
665,55401,8292,2007-06-27,15
666,84144,8292,2009-07-08,20
667,95552,8292,2010-05-15,13
668,110495,8292,2011-07-12,21
669,340725,8293,2020-02-09,13
670,96850,8294,2010-06-19,19
671,393752,8294,2022-02-18,22
672,4471,8297,2018-10-29,17
673,128080,8297,2012-10-05,16
674,97916,8298,2010-07-14,16
675,112598,8299,2011-09-12,18
676,132278,8299,2012-12-23,11
677,283127,8299,2017-09-13,9
678,433750,8299,2023-07-05,19
679,434480,8299,2023-07-05,19
680,393527,8301,2022-02-18,17
681,393675,8301,2022-02-18,19
682,293353,8304,2018-01-18,10
683,433583,8306,2023-07-05,12
684,434313,8306,2023-07-05,12
685,328657,8307,2019-09-05,16
686,122854,8316,2012-06-22,19
687,383642,8327,2021-10-20,12
688,394042,8328,2022-02-19,17
689,354670,8424,2020-08-26,18
690,425766,8424,2023-03-30,17
691,443444,8429,2023-11-02,16
692,70143,8430,2008-06-24,23
693,99293,8431,2010-08-26,17
694,397856,8431,2022-04-07,14
695,433470,8431,2023-07-05,10
696,434200,8431,2023-07-05,10
697,117019,8434,2012-01-10,6
698,293497,8435,2018-01-18,10
699,392842,8438,2022-02-18,14
700,433624,8440,2023-07-05,13
701,434354,8440,2023-07-05,13
702,393004,8446,2022-02-18,15
703,392924,8447,2022-02-18,15
704,44039,8449,2006-12-07,12
705,281091,8449,2017-08-16,18
706,322061,8449,2019-06-08,15
707,1586,8450,2018-09-22,0
708,281288,8450,2017-08-19,17
709,302866,8452,2018-05-16,18
710,1502,8454,2018-09-21,8
711,112933,8454,2011-09-21,13
712,275295,8454,2017-06-06,20
713,340924,8454,2020-02-09,17
714,394114,8454,2022-02-20,8
715,434653,8454,2023-07-07,13
716,112602,8455,2011-09-12,19
717,434668,8455,2023-07-07,15
718,434672,8455,2023-07-07,16
719,434716,8455,2023-07-08,6
720,356940,8458,2020-09-27,6
721,369763,8459,2021-03-27,17
722,303509,8460,2018-05-25,16
723,127567,8461,2012-09-25,8
724,322020,8462,2019-06-08,11
725,380021,8462,2021-08-29,8
726,423229,8462,2023-02-25,12
727,434521,8462,2023-07-06,8
728,340695,8463,2020-02-09,12
729,393697,8464,2022-02-18,20
730,405931,8465,2022-07-18,21
731,267778,8467,2017-02-27,16
732,393051,8470,2022-02-18,15
733,393052,8470,2022-02-18,15
734,398066,8470,2022-04-09,19
735,322036,8473,2019-06-08,13
736,322037,8474,2019-06-08,13
737,393518,8475,2022-02-18,17
738,42089,8476,2006-11-01,1
739,326862,8477,2019-08-10,16
740,433317,8477,2023-07-05,9
741,433626,8477,2023-07-05,13
742,434047,8477,2023-07-05,9
743,434356,8477,2023-07-05,13
744,124985,8478,2012-08-06,12
745,112671,8496,2011-09-13,18
746,322010,8497,2019-06-08,9
747,375992,8497,2021-06-27,20
748,433487,8497,2023-07-05,10
749,434217,8497,2023-07-05,10
750,424380,8597,2023-03-13,14
751,434616,8597,2023-07-07,7
752,393345,8598,2022-02-18,16
753,433473,8598,2023-07-05,10
754,434203,8598,2023-07-05,10
755,355531,8600,2020-09-07,17
756,379249,8600,2021-08-16,21
757,407503,8600,2022-08-08,17
758,112610,8603,2011-09-12,19
759,275440,8605,2017-06-07,19
760,307145,8606,2018-07-11,16
761,368958,8606,2021-03-13,20
762,293820,8609,2018-01-20,10
763,53756,8610,2007-05-29,7
764,393117,8611,2022-02-18,15
765,418134,8612,2022-12-22,10
766,361677,8613,2020-12-05,12
767,71911,8614,2008-08-13,18
768,97851,8616,2010-07-12,18
769,393628,8619,2022-02-18,18
770,432873,8620,2023-07-02,11
771,326912,8621,2019-08-10,18
772,433180,8627,2023-07-05,9
773,433910,8627,2023-07-05,9
774,33170,8630,2006-05-10,17
775,433561,8630,2023-07-05,11
776,434291,8630,2023-07-05,11
777,127589,8632,2012-09-25,14
778,276765,8632,2017-06-22,17
779,354227,8632,2020-08-20,19
780,327208,8636,2019-08-14,15
781,393591,8636,2022-02-18,18
782,424005,8636,2023-03-08,23
783,283758,8638,2017-09-21,8
784,393923,8638,2022-02-19,12
785,433250,8638,2023-07-05,9
786,433980,8638,2023-07-05,9
787,55336,8639,2007-06-26,14
788,109608,8640,2011-06-18,10
789,436469,8640,2023-07-31,15
790,344385,8641,2020-03-29,20
791,283130,8642,2017-09-13,9
792,284543,8642,2017-10-01,12
793,302855,8643,2018-05-16,17
794,372742,8643,2021-05-12,11
795,391420,8648,2022-01-31,10
796,393439,8648,2022-02-18,17
797,393868,8648,2022-02-19,10
798,433457,8667,2023-07-05,10
799,434187,8667,2023-07-05,10
800,433642,8764,2023-07-05,14
801,434372,8764,2023-07-05,14
802,434822,8768,2023-07-09,10
803,112590,8769,2011-09-12,18
804,402442,8769,2022-06-05,18
805,414065,8770,2022-11-01,13
806,112620,8771,2011-09-12,20
807,433281,8774,2023-07-05,9
808,434011,8774,2023-07-05,9
809,326879,8775,2019-08-10,17
810,433704,8778,2023-07-05,16
811,434434,8778,2023-07-05,16
812,291985,8780,2018-01-03,6
813,341885,8780,2020-02-20,23
814,322056,8782,2019-06-08,15
815,326466,8783,2019-08-05,21
816,391422,8784,2022-01-31,10
817,290058,8785,2017-12-11,18
818,354647,8785,2020-08-26,13
819,434565,8788,2023-07-06,14
820,354611,8789,2020-08-26,8
821,433722,8789,2023-07-05,17
822,434452,8789,2023-07-05,17
823,419447,8791,2023-01-04,8
824,394221,8792,2022-02-20,15
825,42235,8794,2006-11-02,18
826,112376,8795,2011-09-07,22
827,306152,8795,2018-06-29,12
828,355863,8795,2020-09-11,19
829,356985,8796,2020-09-27,17
830,322108,8797,2019-06-08,17
831,66252,8798,2008-03-02,14
832,434820,8798,2023-07-09,9
833,435040,8798,2023-07-11,15
834,293743,8801,2018-01-19,10
835,418721,8801,2022-12-30,19
836,431110,8802,2023-06-10,14
837,94402,8803,2010-04-12,6
838,5355,8804,2018-11-10,12
839,97180,8806,2010-06-28,7
840,433403,8806,2023-07-05,10
841,434133,8806,2023-07-05,10
842,435039,8806,2023-07-11,15
843,433280,8810,2023-07-05,9
844,434010,8810,2023-07-05,9
845,71183,8812,2008-07-25,16
846,112319,8812,2011-09-06,16
847,282882,8813,2017-09-09,19
848,326959,8813,2019-08-10,23
849,326975,8813,2019-08-11,8
850,443407,8813,2023-11-02,13
851,433694,8814,2023-07-05,16
852,434424,8814,2023-07-05,16
853,738,8817,2018-09-10,16
854,30843,8817,2006-03-26,7
855,393849,8817,2022-02-19,9
856,393851,8817,2022-02-19,9
857,391449,8819,2022-01-31,11
858,112391,8822,2011-09-08,16
859,393559,8833,2022-02-18,18
860,135795,8836,2013-02-24,7
861,282988,8836,2017-09-11,13
862,112317,8838,2011-09-06,18
863,393531,8938,2022-02-18,17
864,435400,8939,2023-07-16,11
865,368653,8940,2021-03-11,10
866,340682,8942,2020-02-09,11
867,302782,8944,2018-05-15,18
868,347065,8944,2020-05-11,9
869,393597,8945,2022-02-18,18
870,393826,8945,2022-02-19,8
871,393756,8946,2022-02-18,22
872,435411,8946,2023-07-16,13
873,342116,8952,2020-02-23,16
874,394316,8953,2022-02-20,22
875,123216,8961,2012-07-01,0
876,283196,8961,2017-09-13,14
877,347025,8961,2020-05-10,19
878,393171,8961,2022-02-18,16
879,433397,8961,2023-07-05,10
880,433477,8961,2023-07-05,10
881,434127,8961,2023-07-05,10
882,434207,8961,2023-07-05,10
883,71928,8962,2008-08-13,20
884,431819,8962,2023-06-19,0
885,433471,8962,2023-07-05,10
886,434201,8962,2023-07-05,10
887,356849,8963,2020-09-25,17
888,433665,8963,2023-07-05,15
889,434395,8963,2023-07-05,15
890,1769,8964,2018-09-24,11
891,99181,8964,2010-08-24,0
892,123093,8964,2012-06-28,9
893,280188,8965,2017-08-03,14
894,354587,8965,2020-08-26,3
895,393080,8965,2022-02-18,15
896,393141,8965,2022-02-18,16
897,33595,8968,2006-05-19,9
898,394227,8968,2022-02-20,15
899,71908,8970,2008-08-13,18
900,293601,8970,2018-01-18,11
901,70031,8971,2008-06-22,15
902,112583,8972,2011-09-12,17
903,347856,8973,2020-05-22,14
904,99815,8974,2010-09-12,16
905,110591,8975,2011-07-14,22
906,87267,8977,2009-10-07,9
907,303163,8977,2018-05-20,17
908,320784,8977,2019-05-26,13
909,326906,8977,2019-08-10,18
910,354627,8977,2020-08-26,11
911,384446,8977,2021-10-31,13
912,433155,8978,2023-07-05,8
913,433885,8978,2023-07-05,8
914,350888,8979,2020-07-05,13
915,293593,8980,2018-01-18,11
916,341555,8980,2020-02-16,11
917,393931,8980,2022-02-19,12
918,59677,8981,2007-10-02,13
919,433146,8981,2023-07-05,8
920,433876,8981,2023-07-05,8
921,71191,8983,2008-07-26,1
922,325810,8983,2019-07-26,22
923,433255,8983,2023-07-05,9
924,433985,8983,2023-07-05,9
925,112608,8986,2011-09-12,19
926,393876,8988,2022-02-19,10
927,306676,8993,2018-07-05,19
928,394359,9000,2022-02-21,8
929,443476,9110,2023-11-02,20
930,435407,9113,2023-07-16,13
931,330946,9116,2019-10-07,23
932,433616,9116,2023-07-05,13
933,433696,9116,2023-07-05,16
934,434346,9116,2023-07-05,13
935,434426,9116,2023-07-05,16
936,393770,9117,2022-02-18,23
937,394191,9118,2022-02-20,13
938,112588,9122,2011-09-12,18
939,433233,9123,2023-07-05,9
940,433963,9123,2023-07-05,9
941,339940,9129,2020-01-29,10
942,391469,9129,2022-01-31,13
943,322091,9131,2019-06-08,16
944,66526,9132,2008-03-10,16
945,99947,9132,2010-09-16,12
946,275254,9132,2017-06-06,17
947,275385,9132,2017-06-07,10
948,267453,9133,2017-02-23,17
949,278517,9133,2017-07-12,19
950,327014,9133,2019-08-11,19
951,378181,9133,2021-07-30,15
952,433196,9133,2023-07-05,9
953,433926,9133,2023-07-05,9
954,433430,9134,2023-07-05,10
955,434160,9134,2023-07-05,10
956,443405,9134,2023-11-02,12
957,138451,9135,2013-04-18,15
958,326899,9136,2019-08-10,17
959,350396,9136,2020-06-28,12
960,137063,9137,2013-03-23,8
961,110536,9138,2011-07-14,10
962,134578,9138,2013-01-29,21
963,309468,9138,2018-08-10,12
964,322083,9138,2019-06-08,16
965,433402,9140,2023-07-05,10
966,434132,9140,2023-07-05,10
967,70712,9141,2008-07-10,17
968,393651,9141,2022-02-18,19
969,406928,9141,2022-07-31,14
970,433389,9141,2023-07-05,10
971,433480,9141,2023-07-05,10
972,434119,9141,2023-07-05,10
973,434210,9141,2023-07-05,10
974,320932,9142,2019-05-28,11
975,330465,9142,2019-10-01,13
976,414089,9142,2022-11-01,16
977,314991,9147,2019-03-09,15
978,399204,9149,2022-04-24,20
979,81168,9150,2009-04-18,12
980,391371,9150,2022-01-31,6
981,433127,9150,2023-07-05,8
982,433857,9150,2023-07-05,8
983,71862,9151,2008-08-12,15
984,340979,9151,2020-02-09,18
985,354631,9151,2020-08-26,11
986,393899,9151,2022-02-19,11
987,350104,9153,2020-06-24,17
988,392968,9153,2022-02-18,15
989,292041,9155,2018-01-03,12
990,391399,9156,2022-01-31,9
991,443442,9156,2023-11-02,16
992,443445,9156,2023-11-02,17
993,392951,9157,2022-02-18,15
994,322121,9158,2019-06-08,18
995,435501,9158,2023-07-17,15
996,393812,9160,2022-02-19,8
997,99269,9161,2010-08-26,10
998,433231,9161,2023-07-05,9
999,433961,9161,2023-07-05,9
1000,267498,9162,2017-02-23,19
1001,433585,9162,2023-07-05,12
1002,434315,9162,2023-07-05,12
1003,433606,9163,2023-07-05,12
1004,434336,9163,2023-07-05,12
1005,280280,9165,2017-08-04,21
1006,309464,9176,2018-08-10,11
1007,443451,9176,2023-11-02,17
1008,406703,9286,2022-07-28,7
1009,116708,9288,2012-01-03,13
1010,39036,9295,2006-09-01,6
1011,433217,9300,2023-07-05,9
1012,433947,9300,2023-07-05,9
1013,98994,9302,2010-08-18,18
1014,99245,9302,2010-08-25,20
1015,349275,9302,2020-06-13,0
1016,393578,9303,2022-02-18,18
1017,291433,9306,2017-12-30,16
1018,291496,9306,2017-12-31,10
1019,314855,9306,2019-03-07,17
1020,368743,9306,2021-03-11,12
1021,368926,9306,2021-03-13,12
1022,433386,9306,2023-07-05,10
1023,434116,9306,2023-07-05,10
1024,326874,9309,2019-08-10,16
1025,397862,9309,2022-04-07,14
1026,424332,9309,2023-03-13,11
1027,92878,9311,2010-02-27,10
1028,393892,9311,2022-02-19,11
1029,319954,9312,2019-05-14,18
1030,393515,9312,2022-02-18,17
1031,433252,9312,2023-07-05,9
1032,433982,9312,2023-07-05,9
1033,74876,9313,2008-11-09,7
1034,325767,9313,2019-07-26,14
1035,393669,9314,2022-02-18,19
1036,341120,9315,2020-02-10,15
1037,340962,9318,2020-02-09,18
1038,341005,9318,2020-02-09,19
1039,138454,9320,2013-04-18,15
1040,340893,9320,2020-02-09,16
1041,433295,9320,2023-07-05,9
1042,434025,9320,2023-07-05,9
1043,443447,9320,2023-11-02,17
1044,443449,9320,2023-11-02,17
1045,111347,9322,2011-08-07,15
1046,125984,9322,2012-08-26,12
1047,394277,9322,2022-02-20,19
1048,66597,9323,2008-03-12,12
1049,327847,9323,2019-08-24,20
1050,350886,9323,2020-07-05,13
1051,396200,9323,2022-03-16,14
1052,325702,9327,2019-07-25,20
1053,130747,9332,2012-11-25,14
1054,294413,9333,2018-01-29,10
1055,322023,9335,2019-06-08,12
1056,340892,9336,2020-02-09,16
1057,393833,9336,2022-02-19,9
1058,393870,9336,2022-02-19,10
1059,392716,9452,2022-02-17,8
1060,4565,9454,2018-10-30,22
1061,1548,9468,2018-09-21,17
1062,71921,9468,2008-08-13,19
1063,326877,9468,2019-08-10,16
1064,322053,9469,2019-06-08,15
1065,373348,9469,2021-05-21,20
1066,394206,9469,2022-02-20,13
1067,322095,9471,2019-06-08,16
1068,368738,9474,2021-03-11,12
1069,342210,9475,2020-02-24,18
1070,433322,9475,2023-07-05,9
1071,434052,9475,2023-07-05,9
1072,433491,9476,2023-07-05,10
1073,434221,9476,2023-07-05,10
1074,99444,9478,2010-08-30,18
1075,100944,9478,2010-10-16,15
1076,342362,9479,2020-02-27,8
1077,351316,9479,2020-07-11,23
1078,441274,9480,2023-10-05,16
1079,321585,9481,2019-06-06,0
1080,394153,9481,2022-02-20,10
1081,433222,9481,2023-07-05,9
1082,433952,9481,2023-07-05,9
1083,321597,9482,2019-06-06,0
1084,354558,9482,2020-08-25,21
1085,393017,9482,2022-02-18,15
1086,120325,9487,2012-04-15,9
1087,293672,9487,2018-01-18,15
1088,314995,9487,2019-03-09,15
1089,433263,9487,2023-07-05,9
1090,433269,9487,2023-07-05,9
1091,433993,9487,2023-07-05,9
1092,433999,9487,2023-07-05,9
1093,275988,9488,2017-06-14,1
1094,321595,9488,2019-06-06,0
1095,322119,9488,2019-06-08,17
1096,433574,9488,2023-07-05,12
1097,434304,9488,2023-07-05,12
1098,280183,9489,2017-08-03,13
1099,394188,9490,2022-02-20,13
1100,394347,9491,2022-02-21,7
1101,434589,9493,2023-07-06,17
1102,122856,9494,2012-06-22,20
1103,321784,9504,2019-06-06,8
1104,384543,9505,2021-11-01,15
1105,98901,9507,2010-08-15,16
1106,315628,9507,2019-03-16,19
1107,321669,9507,2019-06-06,1
1108,433232,9508,2023-07-05,9
1109,433962,9508,2023-07-05,9
1110,322065,9509,2019-06-08,16
1111,347946,9509,2020-05-23,17
1112,392012,9633,2022-02-07,20
1113,392802,9640,2022-02-18,9
1114,404064,9645,2022-06-25,13
1115,433709,9650,2023-07-05,17
1116,434439,9650,2023-07-05,17
1117,322111,9651,2019-06-08,17
1118,342510,9651,2020-02-29,15
1119,392873,9651,2022-02-18,15
1120,1567,9652,2018-09-21,19
1121,321615,9652,2019-06-06,0
1122,321778,9652,2019-06-06,7
1123,347012,9652,2020-05-10,17
1124,382464,9652,2021-10-04,8
1125,321819,9653,2019-06-06,10
1126,366523,9653,2021-02-09,9
1127,434633,9653,2023-07-07,10
1128,267388,9654,2017-02-23,15
1129,309375,9654,2018-08-09,13
1130,321657,9654,2019-06-06,0
1131,394450,9654,2022-02-21,14
1132,395373,9654,2022-03-05,13
1133,441487,9654,2023-10-09,10
1134,112656,9655,2011-09-13,12
1135,322063,9655,2019-06-08,15
1136,433639,9655,2023-07-05,13
1137,434369,9655,2023-07-05,13
1138,436407,9655,2023-07-30,17
1139,283157,9656,2017-09-13,10
1140,392963,9657,2022-02-18,15
1141,99150,9658,2010-08-23,10
1142,354618,9660,2020-08-26,9
1143,321849,9661,2019-06-06,14
1144,307677,9662,2018-07-18,13
1145,88592,9663,2009-11-15,0
1146,112631,9664,2011-09-12,21
1147,112636,9664,2011-09-13,0
1148,399359,9664,2022-04-26,18
1149,433662,9665,2023-07-05,14
1150,434392,9665,2023-07-05,14
1151,436904,9667,2023-08-06,21
1152,350306,9668,2020-06-27,0
1153,293312,9669,2018-01-18,9
1154,354583,9669,2020-08-26,3
1155,408792,9669,2022-08-25,23
1156,112567,9673,2011-09-12,17
1157,392990,9674,2022-02-18,15
1158,394366,9675,2022-02-21,9
1159,340711,9677,2020-02-09,12
1160,112337,9797,2011-09-06,23
1161,434824,9797,2023-07-09,11
1162,433659,9804,2023-07-05,14
1163,434389,9804,2023-07-05,14
1164,391372,9809,2022-01-31,7
1165,403690,9811,2022-06-21,9
1166,393287,9815,2022-02-18,16
1167,431121,9815,2023-06-10,15
1168,7545,9816,2018-12-10,7
1169,368939,9816,2021-03-13,14
1170,280199,9818,2017-08-03,16
1171,117437,9819,2012-01-22,17
1172,312935,9820,2019-02-09,14
1173,442534,9821,2023-10-21,23
1174,342179,9822,2020-02-24,15
1175,350890,9823,2020-07-05,13
1176,433352,9823,2023-07-05,9
1177,434082,9823,2023-07-05,9
1178,86072,9824,2009-09-03,16
1179,433266,9826,2023-07-05,9
1180,433996,9826,2023-07-05,9
1181,392992,9827,2022-02-18,15
1182,52206,9828,2007-04-27,20
1183,121266,9828,2012-05-12,21
1184,322107,9828,2019-06-08,17
1185,433125,9828,2023-07-05,8
1186,433179,9828,2023-07-05,9
1187,433595,9828,2023-07-05,12
1188,433855,9828,2023-07-05,8
1189,433909,9828,2023-07-05,9
1190,434325,9828,2023-07-05,12
1191,99436,9829,2010-08-30,14
1192,381680,9829,2021-09-22,13
1193,433305,9832,2023-07-05,9
1194,434035,9832,2023-07-05,9
1195,354616,9833,2020-08-26,9
1196,368715,9833,2021-03-11,12
1197,97090,9839,2010-06-25,19
1198,350848,9839,2020-07-04,21
1199,393917,9839,2022-02-19,12
1200,393989,9839,2022-02-19,15
1201,86454,9842,2009-09-14,16
1202,293411,9842,2018-01-18,10
1203,349230,9842,2020-06-12,12
1204,435429,9842,2023-07-16,16
1205,115619,9843,2011-12-10,15
1206,52795,9845,2007-05-08,19
1207,393397,9847,2022-02-18,17
1208,322019,9848,2019-06-08,11
1209,347027,9853,2020-05-10,19
1210,391410,9854,2022-01-31,9
1211,433774,9854,2023-07-05,22
1212,434504,9854,2023-07-05,22
1213,303856,9855,2018-05-29,20
1214,322077,9972,2019-06-08,16
1215,409916,9987,2022-09-09,13
1216,103084,9988,2010-12-17,15
1217,322001,9988,2019-06-08,6
1218,433495,9990,2023-07-05,10
1219,434225,9990,2023-07-05,10
1220,122838,9991,2012-06-22,17
1221,322109,9992,2019-06-08,17
1222,127542,9994,2012-09-24,19
1223,122244,9995,2012-06-08,23
1224,321641,9997,2019-06-06,0
1225,433485,9997,2023-07-05,10
1226,434215,9997,2023-07-05,10
1227,443415,9997,2023-11-02,14
1228,121172,9999,2012-05-10,12
1229,386961,9999,2021-12-04,13
1230,42093,10000,2006-11-01,3
1231,110562,10000,2011-07-14,17
1232,393269,10000,2022-02-18,16
1233,393513,10000,2022-02-18,17
1234,122845,10002,2012-06-22,18
1235,393499,10002,2022-02-18,17
1236,439050,10002,2023-09-07,18
1237,96012,10003,2010-05-27,7
1238,443425,10004,2023-11-02,15
1239,443468,10004,2023-11-02,19
1240,122853,10005,2012-06-22,19
1241,433414,10005,2023-07-05,10
1242,434144,10005,2023-07-05,10
1243,305643,10008,2018-06-23,8
1244,306173,10009,2018-06-29,17
1245,393745,10009,2022-02-18,21
1246,315647,10010,2019-03-16,23
1247,267529,10023,2017-02-23,22
1248,349337,10135,2020-06-13,16
1249,433145,10145,2023-07-05,8
1250,433875,10145,2023-07-05,8
1251,391377,10147,2022-01-31,8
1252,433131,10147,2023-07-05,8
1253,433861,10147,2023-07-05,8
1254,140023,10149,2013-05-21,10
1255,344327,10149,2020-03-29,13
1256,284839,10150,2017-10-05,10
1257,309995,10150,2018-08-18,14
1258,112630,10152,2011-09-12,21
1259,315534,10157,2019-03-16,12
1260,394219,10157,2022-02-20,15
1261,434530,10157,2023-07-06,10
1262,289332,10158,2017-12-02,14
1263,293542,10158,2018-01-18,11
1264,293550,10158,2018-01-18,11
1265,293627,10158,2018-01-18,12
1266,322444,10159,2019-06-12,18
1267,393066,10159,2022-02-18,15
1268,433445,10164,2023-07-05,10
1269,434175,10164,2023-07-05,10
1270,99162,10165,2010-08-23,15
1271,354629,10165,2020-08-26,11
1272,321643,10168,2019-06-06,0
1273,321705,10168,2019-06-06,2
1274,434550,10168,2023-07-06,12
1275,354584,10169,2020-08-26,3
1276,433090,10169,2023-07-05,8
1277,433820,10169,2023-07-05,8
1278,70871,10170,2008-07-15,12
1279,97974,10170,2010-07-16,11
1280,368647,10170,2021-03-11,10
1281,393875,10170,2022-02-19,10
1282,393986,10170,2022-02-19,15
1283,394189,10170,2022-02-20,13
1284,393629,10171,2022-02-18,18
1285,69390,10174,2008-06-03,19
1286,99405,10174,2010-08-30,6
1287,293653,10175,2018-01-18,14
1288,407864,10175,2022-08-13,14
1289,433338,10176,2023-07-05,9
1290,434068,10176,2023-07-05,9
1291,373357,10177,2021-05-21,21
1292,393029,10177,2022-02-18,15
1293,393857,10180,2022-02-19,9
1294,353828,10181,2020-08-16,10
1295,433348,10181,2023-07-05,9
1296,434078,10181,2023-07-05,9
1297,100337,10187,2010-09-29,14
1298,394309,10187,2022-02-20,21
1299,394410,10187,2022-02-21,11
1300,1578,10301,2018-09-21,21
1301,82567,10305,2009-05-26,7
1302,433202,10305,2023-07-05,11
1303,433932,10305,2023-07-05,11
1304,397855,10311,2022-04-07,13
1305,42793,10312,2006-11-12,15
1306,47300,10312,2007-01-20,12
1307,433716,10312,2023-07-05,17
1308,434446,10312,2023-07-05,17
1309,298243,10313,2018-03-17,16
1310,352835,10313,2020-08-03,14
1311,392851,10315,2022-02-18,14
1312,433772,10315,2023-07-05,21
1313,434502,10315,2023-07-05,21
1314,115129,10319,2011-11-27,12
1315,433152,10320,2023-07-05,9
1316,433882,10320,2023-07-05,9
1317,393913,10321,2022-02-19,12
1318,393430,10322,2022-02-18,17
1319,433634,10322,2023-07-05,13
1320,434364,10322,2023-07-05,13
1321,393583,10326,2022-02-18,18
1322,37442,10328,2006-07-30,16
1323,322014,10328,2019-06-08,10
1324,356187,10328,2020-09-16,12
1325,434686,10328,2023-07-07,19
1326,435430,10328,2023-07-16,17
1327,138469,10330,2013-04-18,18
1328,434534,10330,2023-07-06,11
1329,293407,10331,2018-01-18,10
1330,326843,10331,2019-08-10,15
1331,326961,10331,2019-08-11,0
1332,110585,10336,2011-07-14,22
1333,433214,10336,2023-07-05,9
1334,433944,10336,2023-07-05,9
1335,110572,10337,2011-07-14,19
1336,127525,10340,2012-09-24,17
1337,354590,10340,2020-08-26,3
1338,394193,10340,2022-02-20,13
1339,393353,10341,2022-02-18,16
1340,393355,10341,2022-02-18,16
1341,393567,10341,2022-02-18,18
1342,340832,10342,2020-02-09,15
1343,340871,10342,2020-02-09,16
1344,393370,10342,2022-02-18,16
1345,402468,10342,2022-06-05,20
1346,321604,10345,2019-06-06,0
1347,393049,10345,2022-02-18,15
1348,86062,10346,2009-09-03,13
1349,393092,10346,2022-02-18,15
1350,393229,10346,2022-02-18,16
1351,393557,10346,2022-02-18,18
1352,433576,10346,2023-07-05,12
1353,434306,10346,2023-07-05,12
1354,434579,10346,2023-07-06,16
1355,326770,10348,2019-08-09,21
1356,340743,10478,2020-02-09,14
1357,345882,10480,2020-04-21,14
1358,327003,10481,2019-08-11,14
1359,435420,10484,2023-07-16,15
1360,275182,10485,2017-06-06,8
1361,84927,10487,2009-08-01,13
1362,121712,10487,2012-05-25,16
1363,81861,10488,2009-05-08,15
1364,110673,10488,2011-07-17,11
1365,283150,10488,2017-09-13,10
1366,64605,10489,2008-01-15,14
1367,122843,10490,2012-06-22,18
1368,424348,10491,2023-03-13,12
1369,436603,10491,2023-08-02,14
1370,283198,10492,2017-09-13,14
1371,85915,10493,2009-08-29,9
1372,433285,10493,2023-07-05,9
1373,434015,10493,2023-07-05,9
1374,99441,10499,2010-08-30,16
1375,275360,10500,2017-06-07,8
1376,52698,10501,2007-05-07,11
1377,127519,10502,2012-09-24,17
1378,393044,10502,2022-02-18,15
1379,7688,10503,2018-12-12,7
1380,71053,10503,2008-07-21,18
1381,443409,10503,2023-11-02,13
1382,391472,10506,2022-01-31,13
1383,52870,10507,2007-05-10,7
1384,50060,10508,2007-03-17,12
1385,132299,10508,2012-12-23,14
1386,54418,10510,2007-06-09,10
1387,393955,10511,2022-02-19,13
1388,433104,10511,2023-07-05,8
1389,433392,10511,2023-07-05,10
1390,433834,10511,2023-07-05,8
1391,434122,10511,2023-07-05,10
1392,7985,10512,2018-12-16,10
1393,46808,10512,2007-01-18,14
1394,75507,10512,2008-11-25,17
1395,81165,10512,2009-04-18,11
1396,351250,10512,2020-07-10,19
1397,393694,10512,2022-02-18,20
1398,433341,10512,2023-07-05,9
1399,434071,10512,2023-07-05,9
1400,71055,10513,2008-07-21,17
1401,393409,10513,2022-02-18,17
1402,411297,10513,2022-09-28,15
1403,57746,10514,2007-08-22,9
1404,321832,10515,2019-06-06,12
1405,433500,10516,2023-07-05,10
1406,434230,10516,2023-07-05,10
1407,112343,10517,2011-09-07,0
1408,112584,10517,2011-09-12,17
1409,435016,10518,2023-07-11,14
1410,322009,10527,2019-06-08,9
1411,122300,10529,2012-06-10,14
1412,433670,10529,2023-07-05,15
1413,434400,10529,2023-07-05,15
1414,57744,10531,2007-08-22,8
1415,112596,10531,2011-09-12,18
1416,394161,10532,2022-02-20,11
1417,283146,10647,2017-09-13,10
1418,286706,10647,2017-10-29,7
1419,283126,10653,2017-09-13,9
1420,283140,10654,2017-09-13,9
1421,293281,10657,2018-01-18,9
1422,322122,10657,2019-06-08,18
1423,87126,10658,2009-10-03,13
1424,98966,10658,2010-08-17,17
1425,100292,10658,2010-09-27,16
1426,57751,10660,2007-08-22,10
1427,267524,10660,2017-02-23,22
1428,433226,10660,2023-07-05,9
1429,433956,10660,2023-07-05,9
1430,433686,10663,2023-07-05,15
1431,434416,10663,2023-07-05,15
1432,99408,10664,2010-08-30,1
1433,99923,10664,2010-09-15,17
1434,112597,10664,2011-09-12,18
1435,112664,10664,2011-09-13,15
1436,112717,10664,2011-09-14,22
1437,331078,10667,2019-10-09,19
1438,122257,10668,2012-06-09,14
1439,397407,10668,2022-04-01,9
1440,383815,10671,2021-10-22,13
1441,49230,10672,2007-02-27,17
1442,293456,10672,2018-01-18,10
1443,393444,10672,2022-02-18,17
1444,46464,10674,2007-01-14,13
1445,361575,10677,2020-12-03,21
1446,424414,10677,2023-03-13,16
1447,424491,10677,2023-03-14,11
1448,393110,10678,2022-02-18,16
1449,433447,10678,2023-07-05,10
1450,434177,10678,2023-07-05,10
1451,340701,10679,2020-02-09,12
1452,368682,10679,2021-03-11,11
1453,358695,10680,2020-10-22,12
1454,433535,10680,2023-07-05,11
1455,434265,10680,2023-07-05,11
1456,435823,10680,2023-07-21,16
1457,308459,10683,2018-07-28,0
1458,308501,10683,2018-07-28,15
1459,321687,10683,2019-06-06,1
1460,347072,10683,2020-05-11,12
1461,433299,10684,2023-07-05,9
1462,434029,10684,2023-07-05,9
1463,321634,10685,2019-06-06,0
1464,391385,10685,2022-01-31,8
1465,393779,10685,2022-02-19,0
1466,433060,10685,2023-07-05,7
1467,433790,10685,2023-07-05,7
1468,435014,10686,2023-07-11,14
1469,321637,10688,2019-06-06,0
1470,303849,10710,2018-05-29,19
1471,434619,10827,2023-07-07,8
1472,435341,10827,2023-07-15,14
1473,393836,10828,2022-02-19,9
1474,433344,10828,2023-07-05,9
1475,434074,10828,2023-07-05,9
1476,293644,10830,2018-01-18,13
1477,433157,10830,2023-07-05,8
1478,433887,10830,2023-07-05,8
1479,280202,10832,2017-08-03,18
1480,99413,10834,2010-08-30,4
1481,1507,10835,2018-09-21,9
1482,391455,10837,2022-01-31,11
1483,278499,10839,2017-07-12,15
1484,336001,10839,2019-12-14,16
1485,394738,10841,2022-02-24,13
1486,109127,10843,2011-06-03,18
1487,433439,10844,2023-07-05,10
1488,434169,10844,2023-07-05,10
1489,433433,10845,2023-07-05,10
1490,434163,10845,2023-07-05,10
1491,283151,10848,2017-09-13,10
1492,351448,10848,2020-07-13,20
1493,393036,10849,2022-02-18,15
1494,433710,10849,2023-07-05,17
1495,434440,10849,2023-07-05,17
1496,322079,10851,2019-06-08,16
1497,322090,10851,2019-06-08,16
1498,127517,10852,2012-09-24,17
1499,128184,10852,2012-10-07,14
1500,46915,10853,2007-01-18,17
1501,433577,10853,2023-07-05,12
1502,434307,10853,2023-07-05,12
1503,36981,10855,2006-07-22,17
1504,386553,10855,2021-11-29,11
1505,433517,10856,2023-07-05,11
1506,434247,10856,2023-07-05,11
1507,292091,10859,2018-01-03,15
1508,435224,10884,2023-07-13,21
1509,293676,10993,2018-01-18,15
1510,322025,11000,2019-06-08,12
1511,122355,11004,2012-06-11,18
1512,433652,11005,2023-07-05,14
1513,434382,11005,2023-07-05,14
1514,112578,11006,2011-09-12,17
1515,393484,11007,2022-02-18,17
1516,435348,11007,2023-07-15,17
1517,112353,11008,2011-09-07,9
1518,433335,11010,2023-07-05,9
1519,434065,11010,2023-07-05,9
1520,354328,11012,2020-08-22,12
1521,354353,11012,2020-08-22,19
1522,99422,11013,2010-08-30,9
1523,286700,11013,2017-10-29,5
1524,301645,11013,2018-05-01,5
1525,435170,11013,2023-07-13,9
1526,433623,11019,2023-07-05,13
1527,434353,11019,2023-07-05,13
1528,434646,11019,2023-07-07,11
1529,436438,11019,2023-07-31,8
1530,443428,11019,2023-11-02,16
1531,303851,11021,2018-05-29,19
1532,430476,11023,2023-06-03,9
1533,123665,11024,2012-07-11,18
1534,433398,11025,2023-07-05,10
1535,434128,11025,2023-07-05,10
1536,70429,11026,2008-07-02,10
1537,393794,11026,2022-02-19,4
1538,437469,11026,2023-08-15,18
1539,394388,11033,2022-02-21,9
1540,394412,11033,2022-02-21,11
1541,122251,11053,2012-06-09,3
1542,382384,11053,2021-10-02,22
1543,82560,11168,2009-05-26,5
1544,424370,11170,2023-03-13,13
1545,55972,11171,2007-07-10,11
1546,127538,11171,2012-09-24,18
1547,314987,11172,2019-03-09,15
1548,315617,11172,2019-03-16,18
1549,435363,11172,2023-07-15,21
1550,430194,11175,2023-05-30,12
1551,433395,11175,2023-07-05,10
1552,434125,11175,2023-07-05,10
1553,110558,11177,2011-07-14,17
1554,394134,11179,2022-02-20,9
1555,434909,11179,2023-07-10,11
1556,357414,11182,2020-10-04,12
1557,374806,11182,2021-06-11,20
1558,298224,11183,2018-03-17,14
1559,322011,11183,2019-06-08,9
1560,340668,11187,2020-02-09,11
1561,434539,11188,2023-07-06,11
1562,431961,11191,2023-06-20,17
1563,112371,11193,2011-09-07,18
1564,440952,11193,2023-10-02,9
1565,112604,11194,2011-09-12,18
1566,433216,11194,2023-07-05,9
1567,433946,11194,2023-07-05,9
1568,293655,11196,2018-01-18,14
1569,435526,11197,2023-07-17,23
1570,315459,11203,2019-03-15,12
1571,350461,11203,2020-06-29,12
1572,381737,11203,2021-09-23,10
1573,435419,11204,2023-07-16,15
1574,373304,11206,2021-05-21,13
1575,368775,11212,2021-03-11,15
1576,393789,11212,2022-02-19,2
1577,315626,11360,2019-03-16,19
1578,325804,11360,2019-07-26,20
1579,391846,11365,2022-02-05,20
1580,391852,11365,2022-02-05,23
1581,391866,11365,2022-02-06,9
1582,391896,11365,2022-02-06,13
1583,392894,11365,2022-02-18,15
1584,115506,11366,2011-12-07,18
1585,393311,11366,2022-02-18,16
1586,393820,11366,2022-02-19,8
1587,394259,11367,2022-02-20,17
1588,393340,11369,2022-02-18,16
1589,433536,11374,2023-07-05,11
1590,434266,11374,2023-07-05,11
1591,340863,11376,2020-02-09,16
1592,275290,11387,2017-06-06,20
1593,321782,11388,2019-06-06,7
1594,344315,11389,2020-03-29,12
1595,321603,11390,2019-06-06,0
1596,322007,11390,2019-06-08,8
1597,292031,11514,2018-01-03,11
1598,340730,11518,2020-02-09,13
1599,307432,11534,2018-07-15,10
1600,127524,11535,2012-09-24,17
1601,294117,11535,2018-01-24,17
1602,292104,11537,2018-01-03,17
1603,433238,11537,2023-07-05,9
1604,433968,11537,2023-07-05,9
1605,434498,11538,2023-07-05,21
1606,102086,11539,2010-11-19,18
1607,433455,11539,2023-07-05,10
1608,434185,11539,2023-07-05,10
1609,391384,11543,2022-01-31,9
1610,109634,11545,2011-06-18,20
1611,44051,11546,2006-12-07,15
1612,267504,11547,2017-02-23,20
1613,116077,11549,2011-12-24,0
1614,434654,11549,2023-07-07,13
1615,393076,11551,2022-02-18,15
1616,394166,11551,2022-02-20,11
1617,55659,11552,2007-07-03,15
1618,99178,11552,2010-08-23,23
1619,433347,11552,2023-07-05,9
1620,434077,11552,2023-07-05,9
1621,38213,11558,2006-08-14,11
1622,350905,11559,2020-07-05,19
1623,376567,11560,2021-07-06,12
1624,75393,11562,2008-11-22,12
1625,358645,11565,2020-10-21,20
1626,440062,11677,2023-09-20,16
1627,435404,11697,2023-07-16,12
1628,122634,11707,2012-06-18,10
1629,403969,11707,2022-06-24,12
1630,433450,11708,2023-07-05,10
1631,434180,11708,2023-07-05,10
1632,341109,11709,2020-02-10,13
1633,267402,11710,2017-02-23,16
1634,433520,11710,2023-07-05,11
1635,434250,11710,2023-07-05,11
1636,80300,11716,2009-03-23,22
1637,321852,11716,2019-06-06,15
1638,340895,11716,2020-02-09,16
1639,433692,11716,2023-07-05,16
1640,434422,11716,2023-07-05,16
1641,293441,11718,2018-01-18,10
1642,293545,11718,2018-01-18,11
1643,315608,11719,2019-03-16,18
1644,346653,11725,2020-05-04,21
1645,54367,11726,2007-06-08,21
1646,393339,11728,2022-02-18,16
1647,276166,11730,2017-06-15,21
1648,367395,11730,2021-02-20,16
1649,293563,11732,2018-01-18,11
1650,349314,11735,2020-06-13,8
1651,391392,11845,2022-01-31,9
1652,393749,11847,2022-02-18,22
1653,434638,11848,2023-07-07,10
1654,434659,11848,2023-07-07,14
1655,433111,11863,2023-07-05,8
1656,433841,11863,2023-07-05,8
1657,433400,11867,2023-07-05,10
1658,434130,11867,2023-07-05,10
1659,393848,11869,2022-02-19,9
1660,433375,11869,2023-07-05,10
1661,434105,11869,2023-07-05,10
1662,315558,11872,2019-03-16,14
1663,82215,11875,2009-05-17,8
1664,116712,11875,2012-01-03,13
1665,393850,11888,2022-02-19,9
1666,109987,11889,2011-06-28,20
1667,283145,11889,2017-09-13,10
1668,340907,11889,2020-02-09,16
1669,436834,11894,2023-08-06,3
1670,434747,11896,2023-07-08,14
1671,340861,11897,2020-02-09,16
1672,393978,11898,2022-02-19,14
1673,7381,11899,2018-12-07,17
1674,322185,11900,2019-06-09,11
1675,326839,11900,2019-08-10,15
1676,327009,11900,2019-08-11,16
1677,391919,11901,2022-02-06,18
1678,127534,11904,2012-09-24,18
1679,433221,11905,2023-07-05,9
1680,433234,11905,2023-07-05,9
1681,433951,11905,2023-07-05,9
1682,433964,11905,2023-07-05,9
1683,42124,12034,2006-11-01,9
1684,82573,12039,2009-05-26,9
1685,393561,12040,2022-02-18,18
1686,434582,12043,2023-07-06,17
1687,314986,12046,2019-03-09,15
1688,433307,12046,2023-07-05,9
1689,434037,12046,2023-07-05,9
1690,82526,12060,2009-05-26,0
1691,112625,12060,2011-09-12,20
1692,86740,12061,2009-09-22,16
1693,370324,12064,2021-04-05,11
1694,326147,12067,2019-07-31,19
1695,434555,12068,2023-07-06,12
1696,354013,12069,2020-08-17,19
1697,433575,12069,2023-07-05,12
1698,434305,12069,2023-07-05,12
1699,282991,12071,2017-09-11,13
1700,341226,12071,2020-02-11,15
1701,363279,12072,2020-12-27,10
1702,112585,12074,2011-09-12,17
1703,377744,12075,2021-07-23,19
1704,393884,12076,2022-02-19,11
1705,433533,12087,2023-07-05,11
1706,434263,12087,2023-07-05,11
1707,443436,12182,2023-11-02,16
1708,138424,12213,2013-04-18,13
1709,322086,12217,2019-06-08,16
1710,368782,12225,2021-03-11,15
1711,45672,12231,2007-01-01,13
1712,127515,12231,2012-09-24,16
1713,293856,12231,2018-01-20,15
1714,433649,12232,2023-07-05,14
1715,434379,12232,2023-07-05,14
1716,433340,12238,2023-07-05,9
1717,433711,12238,2023-07-05,17
1718,433719,12238,2023-07-05,17
1719,434070,12238,2023-07-05,9
1720,434441,12238,2023-07-05,17
1721,434449,12238,2023-07-05,17
1722,322041,12240,2019-06-08,13
1723,275541,12241,2017-06-08,21
1724,394274,12242,2022-02-20,19
1725,443423,12242,2023-11-02,15
1726,388109,12245,2021-12-20,11
1727,433253,12245,2023-07-05,9
1728,433983,12245,2023-07-05,9
1729,82477,12248,2009-05-24,18
1730,436284,12360,2023-07-28,14
1731,81865,12390,2009-05-08,15
1732,354626,12399,2020-08-26,11
1733,105110,12402,2011-02-05,6
1734,270924,12404,2017-04-11,22
1735,122216,12409,2012-06-08,17
1736,303853,12411,2018-05-29,19
1737,354449,12413,2020-08-24,11
1738,410520,12414,2022-09-18,9
1739,341576,12415,2020-02-16,16
1740,434847,12415,2023-07-09,15
1741,109632,12416,2011-06-18,20
1742,393698,12416,2022-02-18,20
1743,326866,12419,2019-08-10,16
1744,433241,12552,2023-07-05,9
1745,433971,12552,2023-07-05,9
1746,70621,12572,2008-07-07,21
1747,319545,12573,2019-05-08,20
1748,314927,12575,2019-03-08,16
1749,368785,12576,2021-03-11,16
1750,433655,12576,2023-07-05,14
1751,434385,12576,2023-07-05,14
1752,433724,12579,2023-07-05,18
1753,434454,12579,2023-07-05,18
1754,315394,12586,2019-03-14,13
1755,433121,12693,2023-07-05,8
1756,433851,12693,2023-07-05,8
1757,82565,12732,2009-05-26,7
1758,434752,12744,2023-07-08,15
1759,435396,12745,2023-07-16,9
1760,393081,12746,2022-02-18,15
1761,429559,12746,2023-05-21,20
1762,433638,12746,2023-07-05,13
1763,434368,12746,2023-07-05,13
1764,394137,12747,2022-02-20,9
1765,321676,12752,2019-06-06,1
1766,433119,12753,2023-07-05,8
1767,433849,12753,2023-07-05,8
1768,61352,12754,2007-11-09,0
1769,315024,12754,2019-03-09,16
1770,341275,12757,2020-02-12,9
1771,366339,12758,2021-02-07,4
1772,433141,12863,2023-07-05,8
1773,433871,12863,2023-07-05,8
1774,325943,12909,2019-07-28,17
1775,99073,12915,2010-08-21,11
1776,433151,12915,2023-07-05,9
1777,433881,12915,2023-07-05,9
1778,394130,12918,2022-02-20,9
1779,358638,12921,2020-10-21,19
1780,383013,12921,2021-10-11,22
1781,122846,12923,2012-06-22,19
1782,293259,12923,2018-01-18,9
1783,342216,12923,2020-02-24,19
1784,350970,12923,2020-07-06,17
1785,433737,12924,2023-07-05,18
1786,434467,12924,2023-07-05,18
1787,434628,12924,2023-07-07,10
1788,433525,12927,2023-07-05,11
1789,434255,12927,2023-07-05,11
1790,322068,13068,2019-06-08,16
1791,394360,13085,2022-02-21,8
1792,433715,13085,2023-07-05,17
1793,434445,13085,2023-07-05,17
1794,433498,13087,2023-07-05,10
1795,434228,13087,2023-07-05,10
1796,327008,13094,2019-08-11,16
1797,399761,13094,2022-05-02,10
1798,310852,13095,2018-08-30,13
1799,404489,13095,2022-06-30,22
1800,394167,13096,2022-02-20,11
1801,431962,13098,2023-06-20,18
1802,352781,13252,2020-08-02,15
1803,433736,13252,2023-07-05,18
1804,434466,13252,2023-07-05,18
1805,434734,13252,2023-07-08,12
1806,433171,13256,2023-07-05,9
1807,433901,13256,2023-07-05,9
1808,321879,13259,2019-06-06,20
1809,99204,13263,2010-08-24,17
1810,354608,13263,2020-08-26,8
1811,433651,13263,2023-07-05,14
1812,434381,13263,2023-07-05,14
1813,322116,13266,2019-06-08,17
1814,349274,13266,2020-06-13,0
1815,349276,13267,2020-06-13,0
1816,393101,13275,2022-02-18,15
1817,122958,13401,2012-06-25,17
1818,433740,13419,2023-07-05,18
1819,434470,13419,2023-07-05,18
1820,115512,13421,2011-12-07,20
1821,393659,13421,2022-02-18,19
1822,61208,13428,2007-11-05,16
1823,321934,13430,2019-06-07,11
1824,322118,13430,2019-06-08,17
1825,315594,13431,2019-03-16,17
1826,394248,13431,2022-02-20,17
1827,275264,13432,2017-06-06,17
1828,393683,13436,2022-02-18,19
1829,72851,13547,2008-09-11,10
1830,441530,13591,2023-10-09,19
1831,393125,13592,2022-02-18,16
1832,394466,13592,2022-02-21,16
1833,275362,13593,2017-06-07,8
1834,433611,13594,2023-07-05,12
1835,434341,13594,2023-07-05,12
1836,434567,13594,2023-07-06,15
1837,435171,13594,2023-07-13,9
1838,55051,13600,2007-06-20,18
1839,283171,13600,2017-09-13,11
1840,341095,13600,2020-02-10,11
1841,315236,13601,2019-03-12,16
1842,408032,13601,2022-08-15,16
1843,110602,13602,2011-07-15,9
1844,116686,13602,2012-01-03,9
1845,284833,13603,2017-10-05,10
1846,433393,13603,2023-07-05,10
1847,434123,13603,2023-07-05,10
1848,127552,13608,2012-09-24,22
1849,433166,13608,2023-07-05,9
1850,433896,13608,2023-07-05,9
1851,415149,13710,2022-11-15,10
1852,350874,13711,2020-07-05,8
1853,394367,13741,2022-02-21,9
1854,394383,13741,2022-02-21,9
1855,433272,13741,2023-07-05,9
1856,434002,13741,2023-07-05,9
1857,354949,13760,2020-08-30,16
1858,112623,13762,2011-09-12,20
1859,110589,13763,2011-07-14,22
1860,86123,13765,2009-09-04,22
1861,267398,13768,2017-02-23,15
1862,433198,13771,2023-07-05,9
1863,433928,13771,2023-07-05,9
1864,433534,13772,2023-07-05,11
1865,434264,13772,2023-07-05,11
1866,434580,13772,2023-07-06,16
1867,393283,13773,2022-02-18,16
1868,71906,13774,2008-08-13,18
1869,112626,13778,2011-09-12,20
1870,368642,13929,2021-03-11,10
1871,86104,13931,2009-09-04,16
1872,393510,13932,2022-02-18,17
1873,418690,13932,2022-12-30,13
1874,71916,13933,2008-08-13,19
1875,105232,13933,2011-02-08,16
1876,425564,13933,2023-03-28,13
1877,99206,13934,2010-08-24,18
1878,115727,13937,2011-12-13,10
1879,393318,13937,2022-02-18,16
1880,342501,13943,2020-02-29,12
1881,315542,13944,2019-03-16,13
1882,315554,13950,2019-03-16,14
1883,283264,13977,2017-09-14,12
1884,321493,14099,2019-06-04,23
1885,433148,14101,2023-07-05,8
1886,433191,14101,2023-07-05,9
1887,433878,14101,2023-07-05,8
1888,433921,14101,2023-07-05,9
1889,321475,14102,2019-06-04,22
1890,434629,14102,2023-07-07,10
1891,109254,14104,2011-06-07,18
1892,434761,14107,2023-07-08,16
1893,112615,14110,2011-09-12,19
1894,378095,14115,2021-07-29,11
1895,433313,14271,2023-07-05,9
1896,434043,14271,2023-07-05,9
1897,434524,14271,2023-07-06,9
1898,433165,14272,2023-07-05,9
1899,433565,14272,2023-07-05,12
1900,433895,14272,2023-07-05,9
1901,434295,14272,2023-07-05,12
1902,443481,14272,2023-11-02,20
1903,322149,14273,2019-06-08,22
1904,322148,14275,2019-06-08,22
1905,112565,14277,2011-09-12,16
1906,433677,14277,2023-07-05,15
1907,434407,14277,2023-07-05,15
1908,393562,14281,2022-02-18,18
1909,322112,14283,2019-06-08,17
1910,433325,14394,2023-07-05,9
1911,434055,14394,2023-07-05,9
1912,321488,14425,2019-06-04,22
1913,393705,14442,2022-02-18,20
1914,433757,14443,2023-07-05,19
1915,434487,14443,2023-07-05,19
1916,283155,14444,2017-09-13,10
1917,321993,14444,2019-06-08,2
1918,434661,14445,2023-07-07,14
1919,110124,14446,2011-07-02,14
1920,322013,14447,2019-06-08,9
1921,435405,14447,2023-07-16,13
1922,122788,14448,2012-06-21,20
1923,97920,14449,2010-07-15,10
1924,105067,14450,2011-02-04,9
1925,322081,14451,2019-06-08,16
1926,322087,14451,2019-06-08,16
1927,394416,14451,2022-02-21,12
1928,382385,14453,2021-10-02,22
1929,433132,14453,2023-07-05,8
1930,433862,14453,2023-07-05,8
1931,128055,14615,2012-10-05,10
1932,315003,14615,2019-03-09,15
1933,36705,14616,2006-07-18,19
1934,71903,14616,2008-08-13,17
1935,353375,14616,2020-08-10,15
1936,433521,14616,2023-07-05,11
1937,434251,14616,2023-07-05,11
1938,433213,14619,2023-07-05,9
1939,433943,14619,2023-07-05,9
1940,123147,14620,2012-06-29,15
1941,47158,14621,2007-01-19,12
1942,71909,14622,2008-08-13,18
1943,394253,14622,2022-02-20,17
1944,435519,14622,2023-07-17,18
1945,75307,14650,2008-11-21,10
1946,391513,14662,2022-01-31,18
1947,368623,14786,2021-03-11,9
1948,342073,14789,2020-02-23,12
1949,424326,14789,2023-03-13,10
1950,433699,14790,2023-07-05,16
1951,434429,14790,2023-07-05,16
1952,433378,14791,2023-07-05,9
1953,434108,14791,2023-07-05,9
1954,394338,14957,2022-02-20,23
1955,283175,14958,2017-09-13,12
1956,434588,14960,2023-07-06,17
1957,293540,14961,2018-01-18,11
1958,293758,14961,2018-01-19,14
1959,434583,14961,2023-07-06,17
1960,328072,14993,2019-08-27,21
1961,433320,15291,2023-07-05,9
1962,434050,15291,2023-07-05,9
1963,443430,15295,2023-11-02,16
